class,nel
0,"[0, 4, 5, 17]"
17,"[11, 17]"
10,"[4, 17]"
14,[14]
17,[17]
17,[17]
5,"[5, 17]"
0,"[0, 17]"
17,"[7, 17]"
5,"[5, 17]"
17,"[7, 17]"
14,[14]
5,"[5, 17]"
0,"[0, 17]"
10,"[2, 10, 11, 17]"
0,"[0, 5, 17]"
17,"[0, 17]"
4,"[3, 4]"
17,"[1, 17]"
17,[17]
4,"[1, 4, 10, 11, 17]"
0,"[0, 10, 17]"
11,"[1, 6, 10, 11, 17]"
17,"[0, 6, 11, 17]"
17,[17]
11,"[4, 11]"
4,"[3, 4, 17]"
17,"[1, 17]"
17,"[0, 17]"
0,"[0, 17]"
1,"[1, 17]"
4,"[4, 17]"
11,[11]
17,"[0, 17]"
4,"[4, 17]"
4,"[0, 4, 11, 17]"
0,"[0, 8, 17]"
11,[11]
17,[17]
15,"[14, 15]"
0,"[0, 3, 17]"
17,"[1, 17]"
17,"[1, 17]"
17,[17]
17,"[1, 17]"
4,"[4, 17]"
17,"[1, 17]"
17,[17]
0,"[0, 17]"
17,"[0, 17]"
17,"[2, 17]"
17,"[0, 17]"
17,[17]
0,"[0, 4, 17]"
15,"[1, 15]"
17,[17]
17,[17]
0,"[0, 9, 17]"
17,[17]
17,[17]
3,"[1, 3]"
17,"[1, 17]"
14,"[14, 15]"
14,[14]
17,[17]
17,"[9, 17]"
17,[17]
17,[17]
17,[17]
17,[17]
0,"[5, 15]"
4,"[4, 17]"
17,"[9, 17]"
17,[17]
10,"[6, 10, 17]"
17,"[9, 17]"
17,[17]
17,[17]
0,"[0, 11, 17]"
0,"[0, 5, 17]"
0,"[0, 17]"
0,"[0, 17]"
0,"[0, 9, 17]"
11,"[2, 10, 11, 17]"
17,[17]
4,"[4, 17]"
17,[17]
4,"[0, 4, 17]"
17,[17]
17,[17]
0,"[0, 10, 17]"
3,"[3, 17]"
0,"[0, 17]"
17,"[10, 17]"
17,[17]
3,"[3, 17]"
17,"[9, 17]"
17,[17]
17,[17]
10,"[1, 2, 10, 17]"
0,"[15, 17]"
0,"[0, 11, 17]"
4,"[4, 11]"
1,"[1, 17]"
5,"[5, 17]"
0,"[0, 5, 17]"
17,[17]
11,"[4, 11]"
17,[17]
17,"[9, 15, 17]"
11,"[1, 11]"
4,"[3, 4]"
17,"[5, 17]"
3,[3]
17,"[1, 17]"
17,"[9, 17]"
17,[17]
0,"[0, 9, 17]"
4,"[3, 4, 17]"
0,"[0, 17]"
17,[17]
17,"[1, 10, 17]"
17,"[4, 17]"
17,[17]
17,[17]
4,"[4, 11, 17]"
17,"[0, 17]"
1,"[1, 17]"
0,"[0, 17]"
17,"[10, 17]"
0,"[0, 17]"
17,"[5, 17]"
4,"[0, 4, 17]"
0,"[0, 9, 17]"
5,"[5, 17]"
0,"[0, 17]"
15,"[14, 15]"
17,"[0, 3, 17]"
17,"[1, 17]"
17,"[2, 17]"
3,"[1, 3]"
10,"[10, 17]"
0,"[0, 17]"
1,"[1, 17]"
17,"[2, 4, 17]"
17,"[2, 10, 17]"
17,"[1, 17]"
11,"[10, 11]"
17,[17]
17,"[5, 17]"
17,"[1, 4, 17]"
17,"[1, 10, 17]"
0,"[0, 17]"
0,"[0, 17]"
17,"[9, 17]"
17,[17]
17,[17]
15,"[14, 15]"
17,"[0, 17]"
1,"[1, 10]"
0,"[0, 17]"
0,"[0, 5, 17]"
17,"[9, 17]"
17,"[1, 17]"
11,"[6, 10, 11]"
11,[11]
17,"[10, 17]"
17,"[9, 17]"
17,[17]
0,"[0, 17]"
17,"[1, 17]"
14,"[14, 15]"
15,"[5, 15]"
2,"[2, 4]"
4,"[3, 4, 17]"
4,"[3, 4, 17]"
3,"[2, 3]"
4,"[3, 4, 8, 17]"
3,"[3, 4, 17]"
4,"[4, 17]"
4,[4]
3,"[2, 3, 17]"
2,"[2, 4]"
3,"[2, 4, 17]"
3,"[3, 4]"
2,"[2, 4, 17]"
3,"[3, 4, 17]"
4,"[4, 8, 17]"
4,"[3, 4]"
4,"[3, 4, 17]"
3,"[2, 3, 4, 8, 17]"
2,"[3, 17]"
4,"[3, 4, 17]"
3,"[3, 4, 17]"
4,"[3, 4, 17]"
2,[2]
2,"[2, 3, 17]"
3,"[3, 4]"
3,"[3, 4, 17]"
3,"[3, 4]"
3,"[3, 4]"
4,"[3, 4, 17]"
3,"[3, 4]"
4,"[2, 4, 17]"
2,"[2, 4, 8, 17]"
2,"[2, 3, 17]"
4,"[3, 4, 17]"
2,[2]
2,"[2, 4, 17]"
2,[3]
4,"[3, 4]"
3,"[3, 4, 17]"
3,"[3, 4, 6]"
4,"[3, 4, 17]"
2,"[2, 3]"
2,"[2, 3]"
3,"[3, 4]"
2,[2]
4,[4]
4,"[2, 3, 4]"
4,"[4, 17]"
2,[2]
4,"[3, 4, 17]"
2,"[2, 4]"
2,"[2, 4, 8, 17]"
4,"[3, 4, 17]"
2,"[2, 3, 4, 17]"
4,"[2, 4]"
2,[2]
2,"[2, 4, 17]"
4,"[3, 4, 17]"
4,[4]
3,"[2, 3]"
4,"[4, 8, 17]"
3,"[3, 5]"
4,[4]
3,"[3, 17]"
17,"[7, 17]"
5,"[5, 17]"
17,[17]
17,"[4, 17]"
6,"[6, 17]"
0,"[0, 2, 17]"
5,"[3, 5, 17]"
17,[17]
0,"[0, 5, 17]"
17,[17]
17,"[3, 17]"
4,"[4, 17]"
5,"[5, 17]"
5,"[2, 5, 17]"
6,"[6, 17]"
17,[17]
5,"[5, 17]"
5,"[5, 17]"
17,"[3, 17]"
17,"[5, 17]"
17,"[2, 17]"
17,[17]
17,"[0, 17]"
5,"[0, 5, 17]"
17,"[6, 17]"
17,"[2, 17]"
17,"[3, 17]"
0,"[0, 5, 17]"
17,"[4, 17]"
4,"[2, 4]"
5,"[5, 17]"
17,[17]
17,"[0, 17]"
17,"[3, 17]"
17,"[1, 2, 8, 17]"
17,"[0, 17]"
17,[17]
17,[17]
17,[17]
17,"[0, 17]"
4,"[2, 4]"
5,"[0, 5, 17]"
17,"[4, 17]"
17,[17]
0,"[0, 5, 17]"
0,"[0, 17]"
17,"[2, 3, 17]"
17,"[3, 17]"
5,"[0, 5, 17]"
17,[17]
5,"[4, 5, 17]"
5,"[5, 17]"
17,"[6, 17]"
17,"[0, 17]"
2,"[0, 2, 17]"
17,[17]
17,"[3, 17]"
0,"[0, 17]"
17,"[0, 17]"
17,"[4, 17]"
17,"[5, 17]"
17,[5]
2,"[2, 17]"
0,"[0, 17]"
17,[17]
17,"[0, 17]"
17,[17]
17,"[4, 6, 17]"
0,"[0, 17]"
17,"[5, 17]"
17,"[3, 17]"
5,[5]
2,"[0, 2, 17]"
17,[17]
17,"[0, 17]"
6,"[6, 17]"
17,[17]
3,[3]
5,"[5, 17]"
17,[17]
0,"[0, 17]"
0,"[0, 5, 17]"
17,"[2, 5, 17]"
17,[17]
6,[6]
17,"[5, 17]"
17,"[2, 17]"
17,"[0, 17]"
17,"[4, 17]"
5,"[0, 5, 17]"
17,"[4, 17]"
2,"[0, 2, 17]"
17,"[1, 17]"
17,[17]
17,"[4, 17]"
0,"[0, 5, 17]"
17,"[2, 17]"
17,"[6, 17]"
17,"[0, 17]"
2,"[2, 17]"
17,"[10, 17]"
17,[17]
0,"[0, 3, 5, 17]"
2,"[2, 17]"
17,"[2, 17]"
17,"[6, 17]"
17,[17]
2,"[2, 10]"
17,"[5, 17]"
4,"[2, 4]"
5,[5]
6,"[6, 10, 17]"
17,"[3, 17]"
6,"[6, 17]"
17,[17]
17,"[2, 17]"
17,[17]
0,"[0, 2, 17]"
17,"[5, 17]"
3,"[2, 3, 17]"
17,"[0, 17]"
17,"[6, 17]"
17,"[3, 17]"
17,"[0, 17]"
17,[17]
0,"[0, 5, 17]"
17,"[3, 17]"
3,"[3, 4, 17]"
0,"[0, 17]"
3,"[3, 17]"
17,[17]
6,"[6, 17]"
17,"[2, 3, 17]"
17,[17]
17,[17]
3,"[2, 3]"
17,"[4, 6, 17]"
17,[17]
2,"[2, 4, 17]"
0,"[0, 2, 5, 17]"
17,"[0, 5, 17]"
17,"[2, 17]"
17,[17]
0,"[0, 5, 17]"
17,[17]
17,[17]
17,[17]
17,"[3, 17]"
17,[17]
2,"[2, 4]"
17,[17]
6,[6]
4,"[2, 4]"
17,"[2, 17]"
6,"[4, 6, 17]"
0,"[0, 17]"
5,"[0, 5, 17]"
6,"[6, 11, 17]"
17,[17]
17,[17]
2,"[2, 17]"
5,"[2, 5]"
17,[17]
0,"[0, 17]"
17,"[15, 17]"
17,"[0, 17]"
17,[17]
17,[15]
0,"[0, 17]"
17,[]
0,"[0, 17]"
17,"[15, 17]"
9,"[0, 9, 17]"
0,"[0, 17]"
17,[17]
17,"[0, 17]"
17,"[0, 17]"
17,"[9, 17]"
0,"[0, 17]"
17,[17]
0,"[0, 9, 17]"
17,"[0, 17]"
17,[17]
0,"[0, 17]"
9,"[9, 15]"
17,"[9, 17]"
17,[17]
0,"[0, 15, 17]"
9,"[9, 15]"
17,"[15, 17]"
0,"[0, 15, 17]"
17,"[15, 17]"
9,"[9, 15, 17]"
17,"[0, 17]"
17,"[15, 17]"
0,"[9, 17]"
0,"[0, 17]"
0,"[0, 17]"
0,"[0, 17]"
17,[15]
9,"[0, 9, 17]"
0,"[0, 9, 17]"
17,"[0, 17]"
17,"[0, 17]"
17,"[0, 17]"
0,"[0, 17]"
17,[5]
17,[17]
17,"[9, 17]"
17,"[0, 17]"
0,"[0, 17]"
17,[17]
17,"[0, 17]"
0,"[0, 17]"
0,"[0, 17]"
0,"[0, 17]"
0,"[0, 17]"
17,"[0, 17]"
2,"[2, 4]"
2,"[2, 4, 17]"
2,"[2, 4, 17]"
4,"[2, 4]"
2,"[2, 17]"
2,[2]
2,"[2, 17]"
2,"[2, 17]"
2,[2]
2,"[2, 4]"
4,"[2, 4]"
2,[2]
2,"[2, 4]"
4,"[2, 4]"
2,"[2, 6]"
2,"[2, 4]"
4,"[4, 6, 17]"
2,"[2, 17]"
4,"[2, 4]"
4,"[2, 4]"
2,"[2, 4]"
2,[2]
2,"[2, 4]"
2,"[2, 4]"
2,[2]
2,[2]
4,"[2, 4]"
2,[2]
4,"[2, 4, 17]"
2,"[2, 4, 17]"
2,[2]
2,"[2, 17]"
2,"[2, 10]"
2,"[2, 4, 17]"
4,"[2, 4]"
4,"[2, 4, 17]"
2,"[2, 10, 17]"
2,"[2, 17]"
2,"[2, 4, 17]"
2,"[2, 17]"
2,"[2, 17]"
0,"[0, 17]"
4,"[4, 17]"
4,[4]
2,"[2, 4]"
17,[17]
4,"[2, 4]"
2,[2]
17,"[4, 17]"
2,"[2, 4]"
0,"[0, 4, 17]"
2,"[2, 4]"
2,"[2, 4]"
2,[2]
17,"[5, 17]"
17,"[5, 17]"
4,"[4, 17]"
2,"[2, 10, 17]"
4,"[0, 4, 17]"
2,"[2, 4]"
17,"[5, 17]"
2,"[2, 4]"
0,"[0, 4, 17]"
0,"[0, 17]"
4,"[4, 17]"
2,"[2, 4]"
17,"[4, 17]"
4,"[2, 4]"
2,[2]
2,"[2, 17]"
2,"[2, 10]"
2,"[2, 4]"
2,"[2, 4]"
4,"[4, 17]"
17,[17]
2,"[2, 4, 17]"
2,"[2, 4, 17]"
17,"[4, 17]"
17,[17]
2,[2]
4,"[2, 10]"
17,"[4, 17]"
2,"[2, 17]"
4,"[2, 4, 17]"
17,[17]
17,[17]
2,[2]
2,"[2, 17]"
2,"[2, 4, 17]"
17,"[1, 17]"
11,"[1, 6, 11, 17]"
17,[17]
17,[17]
5,"[6, 17]"
17,[17]
17,[17]
11,"[11, 17]"
17,"[0, 17]"
8,"[8, 17]"
17,"[10, 17]"
8,"[8, 17]"
17,"[10, 17]"
17,[17]
1,"[1, 4, 17]"
2,"[2, 6]"
10,"[2, 10]"
8,"[8, 17]"
1,"[1, 4]"
17,"[1, 17]"
17,[17]
8,"[8, 17]"
17,"[1, 17]"
8,"[8, 17]"
17,"[1, 17]"
17,"[1, 17]"
17,"[1, 17]"
17,[17]
17,"[10, 17]"
17,"[1, 2, 17]"
2,"[2, 4, 11]"
17,"[1, 17]"
1,"[1, 6, 17]"
10,"[2, 10, 17]"
17,"[1, 17]"
4,"[2, 4]"
4,"[2, 4]"
8,"[8, 17]"
1,"[1, 4]"
11,"[2, 11]"
17,"[1, 17]"
17,"[1, 17]"
8,"[8, 17]"
17,[17]
17,[17]
17,[17]
17,[17]
17,"[10, 17]"
17,"[1, 17]"
17,"[1, 17]"
11,"[6, 11, 17]"
17,"[2, 10, 17]"
17,"[1, 6, 17]"
17,"[1, 17]"
10,"[1, 5, 10, 17]"
8,"[1, 8, 17]"
17,"[1, 4, 17]"
1,"[1, 8, 17]"
17,"[1, 17]"
5,"[5, 8, 17]"
17,[17]
8,"[8, 17]"
2,"[2, 10]"
11,"[2, 11]"
2,"[2, 4]"
4,"[1, 2, 4, 6, 17]"
17,"[1, 17]"
8,"[1, 5, 8, 17]"
8,"[1, 5, 8, 17]"
11,"[2, 4, 6, 11]"
2,"[2, 4, 17]"
2,"[2, 17]"
8,"[8, 17]"
8,"[1, 8, 17]"
17,"[4, 17]"
17,[17]
8,"[8, 17]"
17,"[1, 4, 17]"
17,"[1, 17]"
1,"[1, 17]"
17,[17]
11,"[1, 11]"
17,"[10, 17]"
17,[17]
11,"[11, 17]"
17,"[10, 17]"
17,"[1, 17]"
17,"[1, 17]"
11,"[2, 4, 11]"
1,[1]
11,"[1, 11]"
5,"[1, 5]"
8,"[1, 8, 17]"
8,"[8, 17]"
17,"[1, 17]"
8,"[8, 17]"
11,"[4, 11]"
2,"[2, 4, 6]"
8,"[8, 17]"
2,"[2, 4, 17]"
11,"[2, 11]"
17,"[1, 17]"
5,"[1, 5, 6, 17]"
1,"[1, 6, 17]"
17,"[1, 6, 17]"
17,"[1, 17]"
17,"[1, 6, 17]"
2,"[2, 17]"
17,"[10, 17]"
17,[17]
17,"[1, 17]"
1,"[1, 17]"
17,"[1, 17]"
1,"[1, 11]"
17,[17]
11,"[6, 11, 17]"
17,"[2, 17]"
17,"[1, 17]"
8,"[8, 17]"
4,"[2, 4]"
4,"[2, 4]"
17,"[10, 17]"
2,"[2, 10]"
8,"[8, 17]"
2,"[2, 10]"
11,"[1, 11]"
17,"[1, 17]"
11,"[6, 11]"
2,"[2, 6]"
5,[5]
17,[17]
5,"[5, 8, 17]"
17,[17]
17,[17]
17,[17]
5,"[5, 8, 17]"
17,[17]
17,[17]
5,"[5, 17]"
5,"[5, 8, 17]"
0,"[0, 17]"
0,"[0, 17]"
17,[17]
17,"[0, 17]"
17,[17]
17,[17]
17,[17]
5,"[5, 17]"
17,"[0, 17]"
0,"[0, 17]"
17,[17]
0,"[0, 17]"
17,[17]
0,"[0, 17]"
17,[17]
3,"[3, 17]"
3,[3]
2,"[2, 6]"
3,"[0, 3, 17]"
17,"[2, 4, 17]"
5,"[5, 17]"
17,"[2, 4, 6, 17]"
2,"[2, 4, 17]"
5,"[2, 5, 17]"
17,"[3, 17]"
4,"[2, 4, 6, 17]"
17,"[2, 17]"
4,"[2, 4]"
17,"[4, 17]"
3,"[3, 4]"
17,"[3, 17]"
3,"[3, 17]"
17,"[6, 17]"
17,"[3, 17]"
17,"[3, 17]"
2,"[2, 4]"
17,[17]
4,"[2, 4]"
17,"[2, 17]"
3,"[3, 17]"
2,"[2, 4, 17]"
2,"[2, 4, 17]"
17,"[3, 4, 17]"
4,"[3, 4]"
17,"[2, 4, 17]"
2,"[2, 3, 4, 17]"
2,"[2, 3, 4]"
4,"[3, 4]"
2,"[2, 3, 4, 17]"
17,"[3, 17]"
4,"[2, 4]"
5,"[5, 17]"
17,"[2, 3, 17]"
4,"[3, 4]"
5,"[5, 17]"
17,"[2, 4, 17]"
2,"[2, 4, 17]"
17,"[3, 17]"
2,"[2, 4]"
2,"[2, 4, 17]"
4,"[3, 4, 17]"
4,"[3, 4]"
3,"[3, 4]"
4,"[2, 4]"
4,"[3, 4]"
17,"[4, 17]"
2,"[2, 3, 6]"
17,"[3, 17]"
2,"[2, 4, 17]"
4,"[3, 4, 17]"
4,"[3, 4, 17]"
17,"[2, 4, 17]"
17,"[3, 17]"
2,"[2, 17]"
2,"[2, 3]"
4,"[3, 4]"
2,"[2, 4, 17]"
4,"[4, 17]"
17,"[3, 4, 17]"
2,"[2, 3, 4, 17]"
4,"[3, 4, 17]"
5,"[2, 5]"
17,"[3, 17]"
2,"[2, 3, 17]"
4,"[4, 6]"
17,"[2, 4, 6, 17]"
17,"[4, 17]"
4,"[3, 4]"
4,"[2, 4, 5, 17]"
4,"[3, 4, 17]"
2,"[2, 4, 6, 17]"
2,"[2, 4, 17]"
3,"[0, 3, 17]"
3,"[3, 17]"
4,"[2, 4, 17]"
4,"[2, 3, 4, 17]"
17,"[2, 6, 17]"
3,"[3, 6]"
4,[17]
17,[17]
17,"[3, 17]"
15,"[15, 17]"
17,[17]
17,[17]
15,"[15, 17]"
17,"[15, 17]"
5,[5]
17,[17]
5,[5]
15,"[5, 15, 17]"
5,"[5, 15]"
15,"[5, 15, 17]"
15,"[5, 15, 17]"
17,[17]
17,[17]
17,[17]
17,[17]
17,[17]
17,"[15, 17]"
15,[15]
17,"[15, 17]"
15,[15]
17,"[15, 17]"
17,[17]
15,[15]
17,"[15, 17]"
15,[15]
17,[17]
17,[17]
17,[17]
17,[17]
17,"[15, 17]"
5,"[5, 17]"
15,"[15, 17]"
5,"[5, 15, 17]"
17,[17]
15,[15]
17,"[15, 17]"
17,"[15, 17]"
17,"[15, 17]"
17,"[15, 17]"
15,[15]
15,[15]
15,"[15, 17]"
5,"[5, 17]"
17,"[15, 17]"
17,"[15, 17]"
5,"[5, 15]"
5,[5]
17,"[15, 17]"
5,"[5, 14, 17]"
15,"[15, 17]"
5,"[5, 14, 17]"
15,"[15, 17]"
17,[17]
17,"[15, 17]"
17,[17]
17,[17]
15,[15]
15,"[15, 17]"
17,"[15, 17]"
15,[15]
17,[17]
15,"[15, 17]"
17,[17]
17,[17]
17,[17]
0,"[2, 10, 17]"
17,"[2, 10, 17]"
0,"[0, 17]"
17,"[10, 17]"
10,"[10, 17]"
17,"[10, 17]"
4,"[10, 17]"
17,"[2, 17]"
17,"[10, 17]"
17,"[2, 10, 17]"
17,[10]
17,"[7, 17]"
17,[10]
17,"[7, 17]"
10,"[4, 17]"
17,"[10, 17]"
17,[17]
17,"[7, 17]"
17,"[10, 17]"
17,"[10, 17]"
2,"[2, 10]"
0,"[0, 6, 10, 17]"
17,"[10, 17]"
2,"[2, 6, 10]"
17,[17]
17,[17]
2,"[2, 10]"
17,[17]
17,[17]
0,"[0, 17]"
17,"[6, 17]"
2,"[2, 10, 17]"
17,"[10, 17]"
17,[17]
17,[17]
17,"[10, 17]"
17,[17]
17,[17]
0,"[0, 2, 10, 17]"
17,"[5, 17]"
2,"[2, 10, 17]"
17,[17]
17,[17]
17,[17]
0,"[0, 4, 17]"
17,"[10, 17]"
0,"[0, 10, 17]"
17,[17]
17,"[2, 10, 17]"
17,"[10, 17]"
17,"[10, 17]"
17,"[10, 17]"
17,"[10, 17]"
17,"[10, 17]"
10,"[10, 17]"
17,"[10, 17]"
17,"[10, 17]"
17,"[10, 17]"
10,"[10, 17]"
17,"[10, 17]"
17,"[10, 17]"
17,"[10, 17]"
17,[17]
17,"[10, 17]"
17,"[6, 10, 17]"
17,[17]
4,"[0, 4, 17]"
17,[17]
17,"[10, 17]"
17,"[10, 17]"
2,"[2, 6, 10, 17]"
17,"[10, 17]"
17,"[5, 10, 17]"
17,"[10, 17]"
17,[17]
0,"[0, 10, 17]"
17,"[10, 17]"
17,[17]
17,[17]
4,"[4, 7, 17]"
17,"[5, 17]"
2,"[2, 4, 17]"
17,"[4, 17]"
17,[17]
17,[17]
17,"[10, 17]"
17,"[10, 17]"
17,"[5, 17]"
17,"[10, 17]"
17,"[10, 17]"
17,"[10, 17]"
17,[17]
17,"[10, 17]"
17,"[6, 17]"
17,"[6, 10, 17]"
17,"[10, 17]"
17,[17]
17,"[10, 17]"
17,"[10, 17]"
17,[17]
2,"[2, 10, 17]"
17,"[10, 17]"
2,"[2, 6, 10, 17]"
17,[17]
0,"[0, 6, 10, 17]"
2,"[2, 10, 17]"
17,"[5, 17]"
17,"[4, 17]"
17,"[0, 4, 17]"
17,"[4, 17]"
17,"[4, 17]"
4,"[4, 17]"
17,[17]
17,"[4, 17]"
2,"[2, 4, 17]"
0,"[4, 17]"
17,[17]
17,[17]
17,[10]
17,[17]
17,[17]
17,"[10, 17]"
2,[2]
2,"[2, 10]"
17,[10]
2,[2]
2,[2]
17,"[5, 7, 17]"
17,[17]
2,"[2, 5]"
17,[17]
2,"[2, 17]"
2,"[2, 17]"
2,[2]
17,"[2, 17]"
4,"[2, 4]"
17,[17]
4,"[2, 4]"
17,"[2, 17]"
2,"[2, 17]"
17,"[2, 17]"
17,[17]
4,"[2, 4]"
2,"[2, 4]"
2,"[2, 17]"
4,"[2, 4, 5, 17]"
17,"[2, 5, 17]"
2,"[2, 17]"
17,"[2, 17]"
2,"[2, 4]"
17,"[5, 17]"
2,"[2, 4, 17]"
17,[17]
2,"[2, 17]"
17,"[5, 17]"
4,"[2, 4]"
2,"[2, 17]"
2,"[2, 17]"
2,"[2, 17]"
2,"[2, 4, 17]"
2,"[2, 17]"
2,"[2, 4]"
17,"[5, 17]"
17,"[5, 17]"
2,[2]
2,[2]
2,[2]
2,[2]
2,"[2, 4, 17]"
4,"[2, 4, 17]"
2,[2]
2,[2]
4,"[2, 4, 17]"
2,[2]
2,[2]
4,"[2, 4, 17]"
2,[2]
2,"[2, 4]"
4,"[2, 4, 17]"
2,"[2, 4]"
2,[2]
2,[2]
4,"[2, 4, 17]"
2,[2]
2,"[2, 4, 17]"
2,"[2, 4, 17]"
2,"[2, 4, 17]"
2,"[2, 4]"
6,"[6, 14, 17]"
5,"[5, 17]"
14,"[14, 17]"
5,"[5, 15, 17]"
17,[17]
6,"[6, 17]"
17,"[14, 17]"
6,"[6, 17]"
5,"[5, 17]"
6,"[6, 17]"
17,"[14, 17]"
15,"[5, 15]"
0,"[0, 6, 15, 17]"
15,"[6, 15]"
5,"[5, 15, 17]"
17,"[15, 17]"
17,[17]
17,"[14, 17]"
17,"[14, 17]"
5,"[5, 14, 17]"
17,"[14, 17]"
15,"[14, 15, 17]"
14,"[14, 15]"
14,"[14, 15]"
13,"[5, 11, 13, 17]"
17,"[14, 17]"
6,"[6, 15]"
15,"[6, 15]"
15,"[9, 15]"
17,"[14, 17]"
5,"[5, 15, 17]"
15,"[9, 15, 17]"
17,[17]
17,[17]
0,"[0, 15, 17]"
0,"[0, 15, 17]"
15,[15]
17,[17]
17,"[15, 17]"
17,"[6, 17]"
5,"[5, 17]"
17,[17]
13,"[5, 11, 13, 17]"
17,"[15, 17]"
5,"[5, 17]"
17,"[15, 17]"
13,"[11, 13, 15, 17]"
13,"[5, 11, 13, 17]"
15,"[5, 15]"
14,"[14, 17]"
15,[15]
0,"[0, 17]"
17,"[14, 17]"
17,"[14, 15, 17]"
17,"[5, 17]"
14,"[14, 17]"
17,"[14, 17]"
17,[17]
17,"[6, 17]"
13,"[11, 13, 17]"
17,"[9, 15, 17]"
5,"[5, 17]"
0,"[9, 15, 17]"
5,"[5, 17]"
17,[17]
17,[17]
17,[17]
11,"[11, 17]"
17,[17]
17,[17]
17,[17]
17,[17]
17,[17]
17,[17]
17,[17]
17,"[6, 17]"
17,[17]
17,[17]
17,"[5, 17]"
17,"[5, 17]"
17,[17]
17,[17]
17,[17]
11,"[11, 17]"
17,[17]
17,"[5, 17]"
11,"[6, 11]"
17,"[0, 17]"
17,"[5, 17]"
17,[17]
17,"[5, 17]"
17,[17]
17,[17]
17,[17]
17,"[5, 17]"
11,"[11, 17]"
17,"[5, 17]"
17,[17]
17,[17]
17,[17]
17,"[6, 11, 17]"
17,[17]
17,[17]
17,"[4, 17]"
17,[17]
17,"[0, 11, 17]"
17,[17]
17,[17]
11,"[6, 11, 17]"
17,"[5, 6, 17]"
17,[17]
17,"[5, 17]"
17,[17]
17,"[5, 6, 17]"
17,"[11, 17]"
17,[17]
17,[17]
11,"[6, 11, 17]"
11,"[6, 11, 17]"
17,[17]
17,"[11, 17]"
17,[17]
17,[17]
17,[]
17,[17]
17,"[4, 17]"
17,"[5, 6, 11, 17]"
17,"[1, 17]"
17,[17]
11,"[6, 11, 17]"
17,[17]
17,[17]
17,[17]
17,[17]
11,"[6, 11, 17]"
17,[17]
2,"[2, 17]"
2,"[2, 10, 17]"
2,"[2, 17]"
2,"[2, 5, 10, 17]"
0,"[10, 17]"
2,"[2, 10]"
17,"[10, 17]"
17,"[6, 17]"
17,"[2, 17]"
17,"[6, 10, 17]"
17,"[2, 10, 17]"
17,[17]
0,"[4, 6]"
2,"[2, 10, 17]"
17,"[2, 17]"
17,"[2, 10, 17]"
10,"[6, 10]"
2,"[2, 5, 17]"
0,"[0, 2, 10, 17]"
17,"[4, 17]"
2,"[2, 17]"
17,"[10, 17]"
17,"[8, 17]"
17,"[2, 17]"
2,"[2, 17]"
17,"[2, 17]"
17,"[10, 17]"
17,"[2, 10, 17]"
0,"[10, 17]"
17,[17]
17,"[2, 17]"
17,"[8, 17]"
2,"[2, 6, 10]"
10,"[4, 6, 17]"
2,"[2, 10, 17]"
2,[2]
2,"[2, 17]"
2,"[2, 17]"
17,[17]
2,"[2, 4, 6]"
2,"[2, 17]"
17,"[4, 17]"
17,[17]
2,"[2, 4, 6]"
17,[17]
10,"[2, 10, 17]"
10,"[2, 4, 17]"
17,[17]
10,"[10, 17]"
2,[2]
17,"[10, 17]"
17,"[4, 17]"
17,"[4, 5, 17]"
17,"[9, 17]"
17,"[4, 5, 17]"
17,[17]
17,"[4, 5, 17]"
0,"[0, 9, 17]"
17,"[9, 17]"
17,"[4, 17]"
17,"[4, 17]"
17,"[9, 17]"
0,"[0, 9, 17]"
17,"[9, 17]"
17,"[9, 17]"
17,"[4, 5, 17]"
17,[17]
17,[17]
17,"[9, 17]"
17,"[0, 17]"
4,"[4, 17]"
0,"[9, 17]"
17,"[4, 17]"
17,"[4, 17]"
4,"[4, 17]"
17,"[9, 17]"
4,"[4, 17]"
4,"[4, 17]"
4,"[4, 17]"
17,"[4, 17]"
17,"[4, 17]"
0,"[0, 9, 17]"
17,"[4, 17]"
17,"[4, 17]"
17,"[9, 17]"
17,"[4, 17]"
17,"[0, 17]"
17,"[9, 17]"
17,"[0, 17]"
17,"[9, 17]"
17,[17]
17,"[9, 17]"
17,"[9, 17]"
17,[17]
17,"[4, 17]"
17,"[9, 17]"
17,[17]
17,[17]
0,"[0, 9, 17]"
17,"[9, 17]"
2,"[2, 6, 10, 17]"
7,[10]
10,"[2, 10, 17]"
7,"[10, 17]"
17,"[10, 17]"
7,[17]
7,"[10, 17]"
17,"[10, 17]"
10,"[2, 10]"
17,"[7, 10, 17]"
2,"[2, 10, 17]"
17,"[10, 17]"
5,"[6, 10, 17]"
10,"[6, 7, 10, 17]"
7,"[7, 17]"
6,"[6, 17]"
6,"[6, 10, 17]"
5,"[5, 6, 10]"
6,"[2, 6, 10, 17]"
6,"[6, 10, 17]"
5,"[10, 17]"
5,"[6, 10, 17]"
2,"[2, 10, 17]"
7,[17]
6,"[6, 17]"
10,"[6, 17]"
2,"[2, 17]"
6,"[6, 17]"
2,"[2, 6, 10, 17]"
5,"[6, 10, 17]"
17,"[2, 10, 17]"
6,"[2, 6, 10, 17]"
7,[]
7,"[2, 7, 10, 17]"
7,"[2, 7, 10, 17]"
6,"[6, 17]"
6,"[6, 10, 17]"
7,"[10, 17]"
7,"[2, 7, 17]"
6,"[2, 6, 10, 17]"
10,"[6, 17]"
2,"[2, 3, 4]"
17,"[3, 17]"
4,"[2, 4, 17]"
2,"[2, 4, 17]"
2,"[2, 4, 17]"
2,"[2, 3, 4, 17]"
4,"[2, 4, 17]"
17,"[3, 17]"
2,"[2, 3, 4, 17]"
2,"[2, 3, 4, 17]"
4,"[2, 4, 17]"
17,"[3, 17]"
17,"[3, 17]"
17,"[3, 4, 17]"
3,"[3, 10, 17]"
3,"[3, 17]"
2,"[2, 3, 4, 17]"
2,"[2, 3, 4, 17]"
17,"[3, 17]"
3,"[2, 3]"
17,"[3, 17]"
2,[2]
3,[3]
2,[2]
17,"[3, 17]"
17,"[3, 17]"
17,"[3, 17]"
17,"[3, 17]"
17,"[3, 17]"
17,"[3, 17]"
4,"[3, 4, 17]"
4,"[3, 4, 17]"
3,"[3, 4, 17]"
17,"[3, 17]"
17,"[3, 17]"
2,"[2, 3, 4]"
2,"[2, 4, 17]"
2,"[2, 10, 17]"
4,"[2, 4, 17]"
4,"[2, 4, 17]"
5,"[5, 17]"
2,"[2, 4, 17]"
4,[4]
2,"[2, 4]"
4,"[2, 4, 17]"
4,"[2, 4, 17]"
5,"[5, 15, 17]"
17,"[5, 17]"
4,"[2, 4, 6, 17]"
17,"[5, 17]"
17,"[5, 17]"
2,"[2, 4, 17]"
2,"[2, 4, 17]"
2,"[2, 3, 4, 17]"
2,"[2, 4, 17]"
4,"[2, 4, 17]"
2,"[2, 4, 17]"
2,"[3, 17]"
17,"[4, 17]"
4,"[2, 4, 17]"
5,"[5, 15, 17]"
2,"[2, 10, 17]"
4,"[4, 17]"
4,[4]
2,"[2, 4]"
4,"[4, 17]"
2,"[2, 4]"
2,"[2, 3, 4, 17]"
2,"[2, 4]"
3,"[3, 4, 17]"
4,"[2, 4]"
3,"[2, 3, 4, 17]"
17,"[4, 17]"
17,[17]
17,"[4, 17]"
3,"[2, 3, 17]"
2,"[2, 3, 17]"
4,"[2, 4, 17]"
2,"[2, 4, 17]"
2,"[2, 4, 17]"
3,"[2, 3, 17]"
5,"[5, 17]"
2,"[2, 4, 17]"
17,[17]
3,"[2, 3, 17]"
17,[17]
17,"[4, 17]"
2,"[2, 4]"
2,"[2, 4, 17]"
2,"[2, 3, 4]"
4,"[4, 17]"
2,"[2, 4, 17]"
17,[17]
17,[17]
2,"[2, 3, 4]"
2,"[2, 3]"
4,"[4, 5, 17]"
2,"[2, 3, 17]"
2,"[2, 4, 17]"
17,"[4, 17]"
5,"[4, 5, 17]"
2,"[2, 3, 4, 17]"
4,"[2, 4, 17]"
2,"[2, 10]"
4,"[4, 17]"
17,"[10, 17]"
17,"[4, 17]"
4,[4]
17,[17]
4,"[2, 10]"
4,"[4, 17]"
17,"[10, 17]"
2,"[2, 4, 17]"
2,"[2, 4, 8, 17]"
17,"[2, 8, 17]"
17,"[8, 17]"
2,"[2, 4, 17]"
4,"[2, 4, 17]"
17,"[10, 17]"
2,"[2, 10, 17]"
2,"[2, 10, 17]"
4,"[4, 10, 17]"
17,"[10, 17]"
4,"[4, 17]"
17,"[4, 17]"
17,"[2, 10, 17]"
2,"[2, 6, 10, 17]"
4,"[2, 4]"
4,"[4, 10, 17]"
17,"[10, 17]"
4,"[2, 4, 17]"
4,"[2, 4, 17]"
17,"[4, 17]"
2,"[2, 4, 17]"
2,"[2, 10]"
2,"[2, 4, 17]"
2,"[2, 4]"
2,"[2, 4, 17]"
17,"[10, 17]"
17,"[10, 17]"
4,"[10, 17]"
4,"[2, 10, 17]"
2,"[2, 4, 17]"
2,"[2, 4]"
2,"[2, 4, 17]"
2,"[2, 4]"
2,"[2, 4]"
17,"[2, 4, 17]"
17,"[2, 10, 17]"
17,"[2, 10, 17]"
2,"[2, 3, 4]"
17,"[2, 10, 17]"
2,"[2, 4, 17]"
2,"[2, 10, 17]"
17,[17]
17,[17]
8,"[3, 5, 8, 17]"
4,"[0, 4, 17]"
2,"[0, 2, 4, 17]"
3,"[3, 8, 17]"
2,"[2, 4]"
17,"[3, 17]"
17,"[3, 17]"
4,"[4, 17]"
17,[17]
17,"[4, 17]"
4,"[4, 6, 17]"
3,[3]
17,[17]
17,[17]
8,"[6, 8, 17]"
4,"[2, 3, 4, 17]"
17,[3]
17,"[2, 3, 4, 17]"
2,"[2, 4, 17]"
4,"[4, 6, 17]"
2,"[2, 4]"
2,"[2, 4, 17]"
17,"[0, 17]"
4,"[3, 17]"
8,"[3, 8, 17]"
2,[17]
2,"[2, 4]"
0,"[0, 5, 17]"
17,[17]
2,"[0, 2, 4, 5, 17]"
17,[17]
2,"[2, 4]"
4,"[3, 4]"
17,[17]
17,[17]
17,"[4, 17]"
4,"[3, 4]"
2,"[2, 4]"
17,[17]
4,"[0, 4, 17]"
4,"[2, 3, 4]"
2,"[2, 4]"
2,"[2, 4]"
17,"[3, 17]"
4,"[2, 3, 4]"
2,"[0, 2, 4, 17]"
3,"[3, 4, 17]"
2,"[2, 4]"
17,"[6, 17]"
2,"[2, 4, 17]"
17,"[3, 6, 8, 17]"
8,"[3, 6, 8, 17]"
4,"[2, 4]"
2,"[2, 4, 17]"
2,"[0, 2, 4, 17]"
2,"[2, 4, 17]"
0,"[0, 2, 4, 17]"
2,"[2, 4]"
3,"[3, 6, 17]"
2,"[2, 4]"
2,"[2, 4, 17]"
17,"[6, 17]"
4,"[2, 3, 4, 6, 17]"
0,"[0, 4, 17]"
17,"[6, 17]"
2,"[2, 4, 17]"
2,"[2, 4, 6]"
3,"[3, 4, 8, 17]"
2,"[0, 2, 4, 17]"
8,"[3, 8, 17]"
17,"[2, 4, 17]"
17,"[2, 4, 17]"
2,"[2, 6, 17]"
0,"[2, 4, 17]"
2,"[2, 4]"
2,"[2, 6, 17]"
4,"[2, 3, 4, 17]"
2,"[2, 4, 6, 17]"
4,"[2, 4]"
17,"[6, 17]"
17,"[4, 17]"
2,[2]
4,"[3, 4, 17]"
4,"[4, 6, 17]"
17,[17]
4,"[4, 17]"
4,"[2, 4, 17]"
4,"[4, 6]"
17,"[2, 5, 17]"
2,"[2, 4]"
0,"[0, 2, 4, 17]"
14,"[14, 17]"
17,"[14, 17]"
5,"[5, 17]"
17,"[14, 17]"
17,"[5, 17]"
5,"[5, 17]"
17,"[14, 17]"
17,[17]
5,"[5, 14]"
15,"[15, 17]"
5,"[5, 14, 17]"
5,"[5, 17]"
17,"[5, 17]"
17,"[5, 6, 15, 17]"
14,"[5, 14, 17]"
17,"[6, 15, 17]"
0,"[0, 5, 15, 17]"
17,[17]
15,[15]
15,"[15, 17]"
17,"[14, 17]"
17,"[14, 17]"
15,"[15, 17]"
13,"[5, 11, 13, 17]"
5,"[5, 8, 17]"
5,"[5, 14, 17]"
5,"[14, 17]"
5,"[5, 8]"
17,"[14, 17]"
17,[17]
5,"[5, 14, 17]"
15,"[0, 15, 17]"
0,"[0, 15, 17]"
14,"[14, 17]"
17,[17]
17,[17]
14,"[14, 17]"
17,"[14, 17]"
14,"[14, 17]"
17,[17]
13,"[11, 13, 17]"
14,"[14, 17]"
17,[17]
15,"[0, 15, 17]"
14,"[5, 14, 17]"
15,"[0, 15, 17]"
5,"[5, 14, 17]"
17,"[15, 17]"
0,"[0, 15, 17]"
17,[17]
0,"[0, 17]"
13,"[5, 11, 13, 15, 17]"
15,[15]
17,"[14, 17]"
17,"[14, 17]"
15,"[0, 15, 17]"
17,[17]
15,"[0, 15, 17]"
13,"[11, 13, 17]"
14,"[14, 17]"
14,"[14, 17]"
5,"[5, 17]"
17,[17]
17,"[14, 17]"
5,"[5, 14]"
2,"[2, 3, 17]"
2,"[2, 8, 17]"
2,"[2, 3, 17]"
3,"[3, 17]"
2,"[2, 17]"
17,"[2, 17]"
17,"[2, 17]"
17,"[2, 17]"
3,"[2, 3, 17]"
2,[2]
17,[17]
17,"[2, 17]"
3,"[3, 17]"
17,[17]
3,"[3, 17]"
2,"[2, 3, 17]"
17,[17]
2,"[2, 8, 17]"
2,"[2, 17]"
2,"[2, 17]"
17,"[2, 17]"
17,[17]
2,"[2, 3, 17]"
2,"[2, 3, 17]"
17,"[2, 17]"
17,"[2, 17]"
2,"[2, 3]"
2,[2]
2,"[2, 3]"
2,"[2, 17]"
2,"[2, 17]"
17,[17]
2,"[2, 17]"
17,"[2, 17]"
2,"[2, 3]"
17,"[2, 17]"
17,"[2, 17]"
3,"[2, 3, 17]"
17,"[7, 17]"
7,"[2, 7, 17]"
7,"[7, 17]"
17,"[7, 17]"
7,"[4, 7, 17]"
17,[17]
17,[17]
2,"[2, 4, 7, 17]"
7,"[3, 4, 17]"
7,"[2, 4, 17]"
2,"[2, 4, 17]"
2,"[2, 3, 4, 17]"
2,"[2, 17]"
17,[17]
2,"[2, 17]"
2,[2]
2,"[2, 4, 17]"
4,"[2, 4, 17]"
7,"[2, 17]"
7,"[4, 17]"
3,"[3, 4]"
17,[17]
3,"[3, 4, 7, 17]"
3,"[3, 4, 17]"
2,"[2, 3, 17]"
7,"[3, 6, 17]"
17,"[2, 7, 17]"
2,"[2, 10, 17]"
2,"[2, 10, 17]"
7,"[7, 17]"
4,"[4, 7, 17]"
2,"[2, 17]"
17,"[7, 17]"
2,"[2, 4]"
17,"[2, 17]"
17,"[7, 17]"
4,"[4, 7, 17]"
7,"[7, 17]"
7,"[7, 17]"
7,"[7, 17]"
7,"[7, 17]"
3,"[3, 17]"
4,"[3, 4]"
4,"[2, 4, 7, 17]"
2,"[2, 10, 17]"
3,"[3, 17]"
17,[17]
7,"[7, 17]"
17,"[2, 17]"
17,"[2, 17]"
7,"[7, 17]"
7,"[7, 17]"
2,"[2, 4, 17]"
17,[17]
17,"[7, 17]"
17,"[4, 17]"
2,"[2, 3, 10]"
17,"[7, 17]"
7,"[7, 17]"
2,"[2, 10]"
17,"[2, 10, 17]"
2,"[2, 4]"
17,[17]
17,"[2, 17]"
2,"[2, 4]"
2,"[2, 17]"
16,[17]
17,"[11, 13, 14, 17]"
17,"[5, 17]"
17,"[14, 17]"
16,"[11, 13, 14, 16, 17]"
17,"[14, 17]"
17,"[16, 17]"
17,"[5, 17]"
14,"[14, 17]"
17,"[11, 13, 17]"
13,"[11, 13, 17]"
17,"[11, 13, 17]"
17,[17]
14,"[14, 17]"
5,[5]
17,"[14, 17]"
17,"[14, 17]"
17,"[5, 17]"
14,"[14, 17]"
17,"[14, 17]"
17,"[14, 17]"
14,"[14, 17]"
17,"[14, 17]"
17,[17]
17,"[14, 17]"
17,"[14, 17]"
5,"[5, 17]"
17,"[14, 17]"
16,"[5, 11, 13, 16, 17]"
5,"[5, 17]"
13,"[11, 13, 14, 17]"
13,[17]
13,[17]
5,"[5, 17]"
17,"[11, 13, 14, 17]"
17,"[14, 17]"
16,"[11, 13, 14, 16, 17]"
5,"[5, 14, 16, 17]"
13,"[11, 13, 14, 16, 17]"
17,"[16, 17]"
17,[17]
17,"[5, 17]"
17,"[14, 17]"
14,"[14, 17]"
17,"[14, 17]"
17,"[11, 16, 17]"
17,"[11, 14, 17]"
17,"[14, 17]"
16,[17]
17,"[11, 14, 17]"
17,"[5, 17]"
17,"[14, 17]"
17,"[14, 17]"
17,"[11, 13, 17]"
17,"[14, 17]"
3,"[3, 8, 17]"
2,"[2, 17]"
3,"[2, 3, 6, 17]"
4,"[2, 4, 17]"
3,"[3, 17]"
17,"[3, 17]"
3,"[2, 3, 6, 17]"
2,"[2, 17]"
17,"[2, 4, 17]"
3,"[2, 4, 17]"
3,"[3, 17]"
3,[17]
17,[17]
17,"[3, 8, 17]"
17,"[2, 3, 4, 17]"
17,"[2, 3, 8, 17]"
3,"[3, 17]"
17,"[2, 17]"
4,"[4, 17]"
2,"[2, 17]"
3,"[2, 3, 17]"
2,"[2, 3, 6, 17]"
4,"[3, 4]"
4,"[2, 4, 17]"
2,"[2, 3, 6]"
3,"[3, 17]"
3,"[3, 4, 17]"
17,"[3, 17]"
3,"[3, 17]"
2,"[3, 17]"
3,"[3, 17]"
3,[17]
17,[2]
2,"[2, 17]"
17,"[3, 17]"
17,"[3, 17]"
4,"[4, 17]"
3,"[3, 17]"
3,"[3, 4, 17]"
4,"[4, 17]"
3,[17]
17,"[3, 17]"
2,"[2, 4, 17]"
2,"[2, 3, 17]"
2,"[2, 3, 17]"
17,"[3, 17]"
2,"[3, 17]"
2,"[2, 4, 17]"
17,"[2, 3, 17]"
17,"[2, 3, 17]"
4,"[3, 4, 17]"
2,"[2, 4, 17]"
17,[17]
4,"[3, 4]"
3,"[2, 3]"
3,"[3, 4]"
4,"[3, 4]"
2,"[2, 3]"
17,"[3, 17]"
17,"[2, 17]"
3,"[2, 3]"
17,"[3, 17]"
4,"[2, 3, 4, 17]"
17,"[6, 17]"
1,"[1, 10, 17]"
17,"[6, 17]"
1,"[1, 10, 17]"
1,"[1, 10, 17]"
10,"[0, 2, 10, 17]"
17,"[2, 10, 17]"
17,"[10, 17]"
2,"[2, 10]"
2,"[2, 10]"
17,"[1, 10, 17]"
1,"[1, 10, 17]"
17,"[6, 10, 17]"
10,"[1, 10, 17]"
10,"[1, 2, 6, 10, 17]"
10,"[10, 17]"
17,"[10, 17]"
10,"[10, 17]"
17,"[1, 6, 17]"
17,"[6, 17]"
2,"[2, 4, 17]"
17,"[10, 17]"
2,"[2, 6, 10, 17]"
2,"[2, 4, 17]"
1,"[1, 4, 17]"
4,"[2, 4]"
2,"[2, 4]"
2,"[2, 4]"
2,"[2, 4]"
2,"[2, 4, 6]"
4,"[2, 4]"
2,"[2, 4]"
2,"[2, 4, 17]"
2,"[2, 4]"
2,"[2, 4, 17]"
2,"[2, 4, 17]"
4,"[4, 17]"
2,"[2, 17]"
2,[2]
2,[2]
4,"[2, 4]"
4,"[2, 4, 17]"
2,"[2, 4, 17]"
2,"[2, 4, 17]"
2,"[2, 4]"
4,"[2, 4]"
2,"[2, 4]"
2,[2]
2,"[2, 4]"
2,"[2, 4]"
4,"[2, 4]"
2,"[2, 4]"
2,"[2, 4]"
4,"[2, 4]"
2,"[2, 4]"
2,[2]
4,"[2, 4]"
4,"[2, 4]"
2,"[2, 17]"
2,"[2, 17]"
2,"[3, 4, 17]"
2,"[3, 17]"
4,"[3, 4]"
2,"[3, 17]"
2,"[3, 4, 17]"
4,"[3, 4, 17]"
4,"[2, 4, 17]"
2,"[2, 4, 17]"
2,"[2, 4]"
2,"[2, 4, 17]"
4,"[4, 17]"
2,"[2, 17]"
4,"[3, 4]"
4,"[3, 4]"
2,"[3, 17]"
2,[2]
2,"[2, 4]"
2,"[2, 4]"
2,"[2, 4]"
2,"[2, 4, 17]"
4,"[4, 17]"
2,"[2, 4]"
4,"[4, 17]"
2,"[2, 4, 17]"
2,"[2, 4]"
17,[17]
17,"[14, 17]"
17,"[16, 17]"
17,"[5, 17]"
17,[17]
17,"[14, 17]"
17,"[14, 17]"
17,"[9, 15, 17]"
0,"[0, 16, 17]"
17,[17]
17,"[14, 17]"
17,"[5, 17]"
17,"[15, 17]"
16,"[15, 17]"
14,"[14, 15, 17]"
17,"[15, 17]"
17,"[6, 14, 17]"
17,"[5, 15, 17]"
17,"[5, 17]"
17,"[5, 17]"
17,[17]
17,"[14, 17]"
5,"[5, 17]"
17,"[14, 17]"
17,[17]
16,"[0, 6, 16, 17]"
14,"[14, 17]"
17,"[16, 17]"
5,[5]
5,"[5, 17]"
16,"[16, 17]"
17,[17]
17,"[15, 17]"
17,[17]
17,[17]
17,"[5, 17]"
5,[5]
5,"[5, 14]"
17,[17]
17,"[14, 17]"
17,"[0, 17]"
17,[17]
5,"[5, 14]"
0,"[0, 17]"
17,[17]
14,"[14, 17]"
16,"[15, 16, 17]"
17,[17]
17,"[14, 17]"
5,"[5, 17]"
17,[17]
0,"[0, 14, 15, 16, 17]"
17,"[5, 17]"
14,"[14, 17]"
17,"[5, 16, 17]"
16,"[15, 16, 17]"
0,"[5, 15, 17]"
17,"[5, 17]"
17,"[6, 14, 17]"
17,[17]
5,"[5, 14]"
0,[0]
5,[5]
17,"[6, 17]"
5,"[5, 17]"
10,"[1, 2, 10, 17]"
10,"[5, 6, 10]"
1,"[1, 6, 17]"
17,"[5, 17]"
5,"[5, 17]"
2,[10]
17,[17]
2,"[2, 10]"
17,"[6, 17]"
17,"[5, 17]"
2,"[2, 10]"
17,"[1, 17]"
10,[10]
10,"[10, 17]"
17,[17]
17,[17]
5,"[5, 7, 17]"
17,"[5, 17]"
1,"[1, 6, 17]"
2,"[2, 10]"
17,"[1, 17]"
17,"[6, 17]"
17,[17]
17,"[1, 4, 17]"
1,"[1, 17]"
17,"[6, 17]"
17,[17]
17,"[1, 17]"
17,"[1, 17]"
2,"[2, 10]"
17,"[5, 17]"
5,"[5, 17]"
10,"[5, 10, 17]"
5,"[0, 5, 17]"
1,"[0, 1, 17]"
1,"[1, 17]"
17,"[1, 17]"
17,"[0, 17]"
17,"[6, 17]"
17,"[4, 17]"
3,"[3, 17]"
17,"[2, 17]"
3,"[3, 17]"
4,"[4, 17]"
17,"[3, 4, 17]"
17,"[3, 17]"
3,"[3, 17]"
4,"[3, 17]"
3,"[2, 17]"
4,"[4, 17]"
4,"[3, 4, 17]"
17,[17]
3,"[3, 4, 17]"
17,"[3, 17]"
3,"[0, 3, 17]"
17,"[4, 17]"
4,"[4, 17]"
3,"[3, 17]"
4,"[4, 17]"
4,"[4, 17]"
3,"[3, 17]"
17,"[4, 17]"
4,"[4, 17]"
4,"[4, 17]"
17,[17]
3,[3]
17,[17]
4,"[4, 17]"
3,[3]
4,"[4, 17]"
4,"[4, 17]"
17,[17]
17,"[2, 17]"
17,"[3, 4, 17]"
3,"[3, 17]"
17,"[3, 4, 17]"
17,"[4, 17]"
3,[17]
4,"[4, 17]"
4,"[4, 17]"
17,[17]
3,"[3, 17]"
17,"[3, 17]"
17,"[4, 17]"
17,"[3, 17]"
4,"[2, 4]"
2,"[2, 4]"
2,"[2, 4, 7, 17]"
2,"[2, 4]"
2,"[2, 4]"
2,"[2, 4]"
4,"[2, 4]"
2,"[2, 4, 17]"
2,"[2, 4, 17]"
2,"[2, 4, 17]"
2,"[2, 17]"
2,"[2, 17]"
2,"[2, 17]"
2,"[2, 17]"
2,"[2, 4, 17]"
2,"[2, 4]"
2,"[2, 10]"
2,[2]
2,"[2, 10, 17]"
2,[2]
2,"[2, 4]"
2,[2]
4,"[4, 17]"
2,"[2, 4]"
2,"[2, 4]"
2,"[2, 10]"
2,[2]
2,[2]
2,"[2, 4]"
2,"[2, 4, 17]"
4,"[2, 4, 17]"
2,"[2, 4]"
2,"[2, 4]"
2,"[2, 4]"
4,"[2, 4]"
2,"[2, 4]"
2,"[2, 4]"
2,"[2, 4, 17]"
4,"[2, 4, 17]"
2,"[2, 4]"
2,[2]
2,"[2, 4, 17]"
2,"[2, 17]"
2,"[2, 4]"
2,"[2, 4, 10, 17]"
2,"[2, 17]"
4,"[2, 4, 17]"
4,"[2, 4, 17]"
17,"[2, 17]"
17,"[4, 17]"
2,"[2, 17]"
2,"[2, 17]"
2,"[2, 17]"
4,"[2, 4]"
4,"[2, 4]"
2,"[2, 17]"
2,"[2, 4]"
2,"[2, 4]"
2,"[2, 17]"
2,"[2, 4]"
2,[2]
2,"[2, 4]"
4,"[2, 4, 17]"
4,"[2, 4]"
17,[17]
2,"[2, 4]"
2,"[2, 17]"
2,"[2, 17]"
17,[17]
2,"[2, 17]"
2,"[2, 4]"
4,"[4, 17]"
4,"[2, 4]"
4,"[4, 17]"
4,"[4, 17]"
2,"[2, 4, 17]"
4,"[2, 4, 17]"
2,"[2, 4, 17]"
2,"[2, 4, 17]"
2,"[2, 4, 17]"
2,[2]
17,[17]
4,"[2, 4]"
2,"[2, 4, 17]"
2,"[2, 17]"
4,"[2, 4]"
2,"[2, 4]"
2,[2]
2,"[2, 4]"
2,"[2, 4, 17]"
2,"[2, 17]"
2,"[2, 4, 17]"
4,"[2, 4, 17]"
2,"[2, 4]"
2,"[2, 4]"
2,"[2, 17]"
2,"[2, 4, 17]"
17,"[1, 17]"
2,"[2, 10]"
17,"[4, 17]"
17,"[2, 17]"
17,[17]
2,"[1, 2, 10]"
1,"[1, 10, 17]"
6,"[5, 6]"
17,[17]
1,"[1, 17]"
1,"[1, 17]"
10,"[1, 10, 17]"
17,[17]
2,"[2, 17]"
1,"[1, 17]"
5,"[5, 17]"
5,"[5, 17]"
17,"[2, 17]"
5,"[5, 17]"
2,"[1, 2, 10]"
17,"[2, 10, 17]"
17,"[2, 10, 17]"
1,"[1, 10]"
17,"[6, 10, 17]"
10,"[1, 10]"
5,"[5, 17]"
10,"[10, 17]"
17,"[10, 17]"
5,"[5, 17]"
17,"[5, 17]"
17,"[10, 17]"
10,"[1, 10]"
17,"[6, 17]"
2,"[2, 10]"
6,"[6, 17]"
10,"[1, 10]"
6,"[6, 17]"
6,"[6, 17]"
17,[17]
6,"[0, 6, 17]"
10,"[4, 17]"
7,"[8, 10, 17]"
17,"[8, 10, 17]"
17,"[8, 17]"
2,"[2, 8, 10, 17]"
0,"[0, 10, 17]"
17,"[10, 17]"
17,"[10, 17]"
7,"[7, 8, 10, 17]"
7,"[7, 17]"
17,"[2, 4, 17]"
10,"[6, 10, 17]"
17,"[0, 17]"
2,"[2, 17]"
10,"[6, 10]"
17,"[5, 17]"
17,"[5, 7, 17]"
17,"[8, 17]"
0,"[0, 6, 10, 17]"
7,"[5, 7, 17]"
17,[17]
3,"[3, 17]"
0,"[0, 4, 17]"
17,"[3, 17]"
2,"[2, 10, 17]"
7,"[7, 10, 17]"
2,"[2, 10, 17]"
2,"[2, 17]"
0,"[0, 17]"
17,"[2, 17]"
2,"[2, 10]"
17,"[10, 17]"
17,[17]
17,"[10, 17]"
5,"[5, 17]"
17,"[5, 17]"
17,[17]
5,"[5, 17]"
10,"[0, 4, 17]"
17,[17]
10,"[6, 10, 17]"
5,"[5, 17]"
10,"[0, 2, 10, 17]"
17,"[0, 2, 10, 17]"
17,"[2, 10, 17]"
10,"[10, 17]"
17,"[3, 17]"
17,"[4, 17]"
3,"[3, 10, 17]"
17,"[10, 17]"
17,"[0, 10, 17]"
17,"[10, 17]"
17,"[7, 10, 17]"
10,"[7, 10, 17]"
0,"[0, 10, 17]"
17,"[10, 17]"
17,"[3, 17]"
17,"[10, 17]"
17,"[10, 17]"
3,"[3, 17]"
7,"[5, 7, 17]"
3,"[3, 10]"
2,"[2, 10]"
17,"[10, 17]"
17,"[10, 17]"
7,"[5, 7, 17]"
3,"[3, 4]"
17,"[10, 17]"
17,"[3, 17]"
2,"[2, 7, 17]"
0,"[0, 4, 17]"
7,"[5, 7, 17]"
0,"[0, 10, 17]"
0,"[0, 17]"
17,"[10, 17]"
17,[17]
17,"[10, 17]"
5,"[5, 7, 17]"
2,"[2, 10]"
2,"[2, 3]"
2,"[2, 10]"
10,"[0, 10, 17]"
17,"[5, 17]"
17,"[3, 17]"
2,"[2, 17]"
0,"[0, 2, 10, 17]"
0,"[0, 2, 10, 17]"
2,"[0, 2, 10, 17]"
2,"[0, 2, 10, 17]"
17,"[2, 10, 17]"
0,"[0, 3, 4, 17]"
0,"[0, 2, 4, 17]"
17,"[4, 17]"
2,[17]
17,"[10, 17]"
7,"[7, 10, 17]"
17,"[10, 17]"
0,"[0, 10, 17]"
0,"[0, 10, 17]"
17,"[10, 17]"
2,"[2, 10]"
17,"[5, 17]"
0,"[0, 17]"
17,"[2, 4, 17]"
0,"[0, 4, 17]"
7,"[2, 7, 17]"
2,"[2, 10, 17]"
10,"[0, 10, 17]"
5,"[5, 17]"
10,"[2, 10]"
17,"[10, 17]"
10,"[7, 10, 17]"
4,"[4, 17]"
4,"[4, 17]"
2,"[2, 17]"
2,"[2, 4]"
2,"[2, 17]"
2,"[2, 17]"
2,"[2, 17]"
2,"[2, 4, 17]"
4,"[2, 4]"
2,"[2, 4]"
2,"[2, 4, 5, 17]"
2,"[2, 4, 5, 17]"
2,"[2, 4, 17]"
2,"[2, 17]"
2,"[2, 4, 17]"
2,[]
4,"[10, 17]"
2,"[2, 4]"
2,"[2, 4]"
4,"[2, 4]"
2,"[2, 4]"
4,"[2, 4]"
2,"[2, 4]"
4,[4]
4,"[4, 5]"
2,"[2, 4]"
2,[2]
4,"[2, 4]"
2,"[2, 4]"
2,"[2, 4, 5]"
4,"[2, 4, 5]"
2,"[2, 4]"
4,"[2, 4]"
2,"[2, 4, 17]"
2,"[2, 17]"
4,"[4, 17]"
2,"[2, 4, 17]"
2,"[2, 4, 17]"
2,"[2, 4, 17]"
2,"[2, 4, 17]"
2,"[2, 4, 17]"
2,"[2, 4, 17]"
2,"[2, 4, 5]"
4,"[4, 5, 17]"
4,"[2, 4, 17]"
2,"[2, 17]"
4,"[2, 4]"
4,"[2, 4, 17]"
2,"[2, 4, 17]"
2,"[2, 4, 17]"
4,"[2, 4, 5, 17]"
2,"[2, 4]"
2,"[2, 4]"
2,"[2, 4, 17]"
2,"[2, 17]"
2,"[2, 4, 17]"
2,"[2, 4]"
4,"[4, 5]"
4,"[4, 5]"
2,"[2, 4]"
2,"[2, 4]"
4,"[4, 17]"
2,"[2, 4]"
2,[2]
5,"[5, 14, 15, 17]"
14,"[14, 15, 17]"
17,[17]
17,[17]
17,"[15, 17]"
17,[17]
17,[17]
5,"[5, 17]"
17,[17]
17,[17]
17,"[5, 15, 17]"
17,"[15, 17]"
5,"[5, 15]"
17,[17]
5,"[5, 17]"
17,[17]
14,[14]
5,"[5, 14, 17]"
17,"[15, 17]"
5,"[5, 17]"
14,"[14, 15, 17]"
15,"[14, 15, 17]"
15,"[14, 15, 17]"
17,"[14, 15, 17]"
5,"[5, 14, 15, 17]"
15,"[15, 17]"
17,[17]
14,"[5, 14, 17]"
15,[15]
5,"[5, 14, 17]"
14,"[14, 17]"
15,"[15, 17]"
17,[17]
17,"[2, 17]"
2,"[2, 10, 17]"
17,"[2, 6, 10, 17]"
17,"[2, 10, 17]"
17,[17]
17,[17]
17,[17]
17,[17]
17,[17]
10,"[2, 10]"
2,"[2, 10, 17]"
17,[17]
17,[17]
17,[17]
2,"[2, 10]"
10,"[2, 10]"
17,[17]
10,"[10, 17]"
17,[17]
2,"[2, 17]"
10,"[2, 10]"
17,[17]
2,"[2, 10]"
10,"[2, 10]"
17,[17]
5,"[5, 17]"
17,"[5, 17]"
17,"[5, 17]"
17,"[5, 17]"
17,"[5, 17]"
17,"[5, 17]"
17,"[5, 17]"
17,"[5, 17]"
17,"[5, 17]"
17,"[5, 17]"
5,"[5, 17]"
5,"[5, 17]"
5,"[5, 17]"
5,"[5, 17]"
2,"[2, 3, 4]"
2,"[2, 3, 4]"
3,"[2, 3, 4]"
4,[4]
4,"[2, 3, 4]"
3,"[3, 4]"
4,"[4, 17]"
2,"[2, 4]"
4,"[4, 17]"
4,"[3, 4]"
3,"[3, 4]"
3,"[2, 3]"
2,"[2, 4]"
4,"[2, 4]"
4,"[3, 4]"
2,"[2, 4, 17]"
4,"[2, 4, 17]"
2,"[2, 3, 4, 17]"
3,"[2, 3, 4, 17]"
4,"[2, 3, 4]"
4,"[2, 3, 4]"
2,"[2, 3, 4]"
4,"[2, 17]"
4,"[2, 3, 4, 17]"
4,"[2, 3, 4, 17]"
4,"[2, 17]"
2,"[2, 4, 17]"
0,"[0, 15, 17]"
17,"[15, 17]"
5,"[5, 17]"
17,"[5, 17]"
15,"[15, 17]"
9,"[9, 17]"
0,"[0, 9, 17]"
15,"[15, 17]"
2,"[2, 17]"
17,"[15, 17]"
9,"[9, 17]"
17,"[5, 17]"
17,"[5, 15, 17]"
0,"[0, 9, 17]"
5,"[5, 17]"
17,"[15, 17]"
4,"[4, 17]"
0,"[0, 17]"
17,"[5, 17]"
9,"[0, 9, 17]"
5,"[5, 15, 17]"
17,"[5, 15, 17]"
0,"[0, 5, 17]"
17,"[0, 5, 15, 17]"
0,"[0, 6, 17]"
4,"[0, 2, 4, 17]"
2,"[2, 4]"
17,"[15, 17]"
17,"[15, 17]"
2,"[2, 4]"
5,"[5, 17]"
17,"[9, 17]"
17,"[9, 17]"
9,"[9, 17]"
4,[4]
17,"[9, 17]"
5,"[5, 17]"
17,"[5, 17]"
15,"[15, 17]"
17,"[15, 17]"
2,"[2, 4]"
2,"[0, 2, 17]"
9,"[0, 9, 17]"
9,"[0, 9, 17]"
2,"[2, 10, 17]"
0,"[0, 8, 9, 17]"
2,"[2, 10, 17]"
0,"[0, 2, 10, 17]"
17,"[5, 17]"
17,"[15, 17]"
2,"[2, 17]"
17,"[9, 17]"
17,"[0, 9, 15, 17]"
15,"[9, 15, 17]"
17,"[0, 9, 17]"
2,"[2, 4, 9, 17]"
17,"[5, 17]"
2,"[0, 2, 4, 17]"
17,"[0, 9, 17]"
2,"[2, 4, 17]"
0,"[0, 9, 15, 17]"
17,"[5, 15, 17]"
9,"[0, 9, 17]"
17,"[5, 15, 17]"
17,"[15, 17]"
17,[17]
17,"[15, 17]"
17,"[9, 17]"
0,"[0, 4, 6, 17]"
9,"[5, 9, 15, 17]"
0,"[0, 17]"
4,"[4, 17]"
17,"[9, 17]"
4,"[0, 4, 17]"
15,"[15, 17]"
4,[4]
4,"[4, 17]"
17,[4]
0,"[0, 9, 15, 17]"
4,"[4, 17]"
17,"[9, 17]"
2,"[2, 4, 17]"
2,[2]
15,"[9, 15, 17]"
2,[2]
0,"[0, 15, 17]"
4,"[4, 17]"
17,"[9, 17]"
2,"[2, 15]"
0,"[0, 15, 17]"
17,[17]
4,"[4, 17]"
17,"[4, 17]"
2,"[2, 15]"
2,"[2, 4, 17]"
0,"[0, 9, 17]"
17,"[0, 9, 17]"
0,"[0, 9, 17]"
17,"[9, 15, 17]"
2,"[2, 4, 17]"
2,"[2, 4, 17]"
2,"[2, 4, 17]"
0,"[0, 2, 9, 15, 17]"
17,"[9, 17]"
2,"[2, 4]"
2,"[2, 4]"
15,"[15, 17]"
2,"[2, 4]"
17,"[0, 9, 15, 17]"
0,"[0, 15, 17]"
4,"[4, 17]"
4,"[2, 4, 17]"
15,"[0, 9, 15, 17]"
4,"[4, 17]"
15,"[9, 15, 17]"
17,"[9, 17]"
4,"[4, 17]"
2,"[2, 4]"
17,[17]
17,"[4, 17]"
15,"[0, 15, 17]"
17,"[9, 17]"
2,"[2, 4]"
0,"[0, 9, 17]"
2,"[0, 2, 17]"
17,"[4, 17]"
0,"[0, 15, 17]"
17,"[0, 3, 17]"
17,"[2, 4, 17]"
3,"[3, 4, 17]"
17,[17]
17,"[2, 17]"
4,"[3, 4, 17]"
7,"[2, 17]"
11,"[2, 6, 11, 17]"
17,"[0, 3, 17]"
3,"[2, 3, 17]"
4,"[3, 4]"
11,"[2, 11, 17]"
3,"[3, 17]"
2,"[2, 3, 17]"
2,"[2, 3, 17]"
17,"[3, 17]"
17,[17]
11,"[2, 11]"
17,"[3, 17]"
4,"[3, 4]"
4,"[3, 4, 17]"
17,"[2, 17]"
4,"[3, 4, 17]"
7,"[2, 17]"
17,"[3, 17]"
11,"[0, 11, 17]"
4,"[3, 4, 17]"
17,[17]
17,"[3, 17]"
4,"[3, 4]"
11,"[11, 17]"
7,"[2, 7, 17]"
17,"[3, 17]"
7,"[2, 7, 17]"
17,"[3, 17]"
3,"[3, 4, 17]"
17,"[7, 17]"
17,[17]
11,"[11, 17]"
17,"[7, 17]"
17,"[3, 17]"
17,"[2, 17]"
17,"[11, 17]"
2,"[2, 3, 17]"
2,"[2, 3, 7, 17]"
17,[17]
17,"[3, 17]"
17,"[3, 17]"
11,"[2, 11]"
17,"[3, 17]"
4,"[3, 4]"
3,"[3, 4, 17]"
17,"[3, 11, 17]"
7,"[2, 7, 17]"
2,"[2, 3, 17]"
17,"[2, 3, 17]"
4,"[3, 4]"
11,"[2, 11, 17]"
17,"[2, 17]"
17,"[2, 3, 7, 17]"
11,"[11, 17]"
4,"[3, 4]"
17,[17]
11,"[2, 11]"
17,"[7, 17]"
17,"[0, 1, 17]"
17,"[15, 17]"
17,[17]
2,"[2, 6, 10, 17]"
2,"[2, 10, 17]"
5,[5]
17,"[1, 4, 17]"
0,"[0, 17]"
17,"[10, 17]"
17,"[5, 17]"
17,"[15, 17]"
7,"[1, 7, 17]"
2,[2]
17,"[10, 17]"
0,"[0, 17]"
17,[17]
17,[17]
15,"[0, 15]"
17,[17]
17,[17]
4,"[4, 6, 17]"
17,"[1, 17]"
5,"[5, 14]"
0,"[0, 15, 17]"
7,"[1, 6, 7, 17]"
17,"[6, 7, 17]"
5,"[5, 17]"
17,"[1, 17]"
17,"[1, 17]"
17,"[10, 17]"
4,"[10, 17]"
17,"[1, 17]"
17,"[1, 17]"
17,[17]
17,"[1, 4, 17]"
17,"[10, 17]"
17,"[1, 17]"
17,"[5, 17]"
17,"[1, 17]"
7,"[7, 17]"
17,"[1, 4, 17]"
14,"[14, 17]"
17,"[1, 17]"
2,"[2, 17]"
1,"[1, 17]"
15,"[15, 17]"
17,[17]
15,"[5, 15, 17]"
17,"[5, 17]"
4,"[4, 17]"
17,"[4, 17]"
5,"[5, 17]"
1,"[1, 17]"
17,"[1, 4, 5, 17]"
17,"[1, 17]"
15,"[0, 15, 17]"
14,"[14, 17]"
17,"[10, 17]"
5,"[5, 14]"
2,"[2, 10, 17]"
17,"[10, 17]"
17,"[1, 17]"
17,"[15, 17]"
0,"[0, 17]"
17,"[1, 17]"
17,[17]
17,[17]
1,"[1, 17]"
17,[17]
2,"[2, 10]"
17,[17]
17,[17]
14,"[5, 14]"
17,"[15, 17]"
5,"[5, 17]"
2,"[2, 10, 17]"
1,"[1, 17]"
17,[17]
15,"[0, 15, 17]"
17,"[1, 4, 17]"
0,"[0, 17]"
17,"[1, 17]"
17,[17]
17,[17]
17,[17]
4,"[10, 17]"
1,"[1, 17]"
2,"[2, 10, 17]"
5,"[5, 14]"
17,"[1, 17]"
7,"[1, 7, 17]"
17,[17]
5,"[5, 17]"
7,"[1, 7, 17]"
17,[17]
5,"[5, 17]"
17,"[10, 17]"
17,"[1, 17]"
4,"[2, 4, 17]"
17,[17]
2,"[2, 4, 17]"
14,"[14, 17]"
17,"[6, 17]"
14,"[14, 17]"
2,"[2, 10]"
17,"[2, 17]"
17,[17]
6,"[6, 17]"
17,"[5, 17]"
17,"[2, 17]"
17,"[6, 17]"
17,"[5, 17]"
17,[17]
6,"[6, 17]"
17,[17]
17,[17]
6,"[6, 17]"
6,[6]
17,[17]
17,[17]
17,[17]
17,[17]
17,[17]
17,[17]
17,"[6, 17]"
17,[17]
17,[17]
17,[17]
6,"[6, 17]"
17,"[6, 17]"
17,[17]
11,"[3, 6, 11, 17]"
6,"[3, 6, 17]"
6,"[3, 6]"
3,"[3, 4, 17]"
4,"[3, 4]"
3,"[3, 4]"
4,"[3, 4]"
3,"[3, 6]"
11,"[3, 11]"
4,"[3, 4, 17]"
4,"[3, 4]"
4,"[3, 4, 17]"
4,"[3, 4, 17]"
4,"[3, 4]"
11,"[6, 11]"
6,"[6, 11, 17]"
4,"[3, 4, 17]"
3,"[3, 4]"
4,"[3, 4, 17]"
3,"[3, 4, 17]"
11,"[6, 11, 17]"
3,"[3, 4]"
6,"[3, 6, 11]"
11,"[3, 11]"
3,"[3, 4, 17]"
4,"[3, 4, 6, 17]"
11,"[3, 11]"
11,"[4, 11, 17]"
3,"[3, 4, 17]"
3,"[3, 4, 17]"
11,"[3, 6, 11, 17]"
3,"[3, 4, 6, 11, 17]"
6,"[6, 17]"
2,"[2, 10, 17]"
17,"[2, 4, 17]"
4,"[3, 4, 5, 17]"
2,"[2, 5, 10]"
17,"[0, 17]"
7,"[5, 7, 17]"
17,[17]
17,"[6, 17]"
17,"[3, 17]"
17,"[15, 17]"
17,"[15, 17]"
7,"[5, 7, 17]"
5,[5]
5,"[1, 5, 17]"
4,"[3, 4, 5, 17]"
17,"[6, 17]"
6,[11]
7,"[7, 17]"
6,"[11, 17]"
17,[17]
17,"[10, 17]"
0,"[0, 15, 17]"
17,[17]
6,"[6, 17]"
0,"[0, 14, 15]"
17,"[3, 17]"
17,[17]
4,[4]
5,"[5, 7, 17]"
17,"[7, 17]"
17,"[7, 17]"
6,[6]
5,"[5, 7, 17]"
16,"[14, 16]"
17,"[3, 17]"
17,[17]
17,"[0, 17]"
5,"[5, 17]"
6,[6]
17,"[10, 17]"
5,[5]
17,[17]
0,"[0, 17]"
3,"[3, 17]"
7,[17]
17,"[0, 15, 17]"
5,"[5, 17]"
2,"[2, 10]"
5,"[5, 14, 17]"
17,[17]
16,"[14, 16]"
7,"[5, 7, 17]"
5,[5]
17,[17]
5,"[5, 17]"
2,"[2, 17]"
17,"[7, 10, 17]"
17,"[7, 17]"
5,"[5, 7, 17]"
6,"[6, 10, 17]"
6,"[6, 11, 17]"
17,"[0, 17]"
17,[17]
6,"[0, 6, 11, 17]"
5,"[5, 14, 17]"
6,[17]
17,"[10, 17]"
4,"[3, 4]"
5,"[5, 17]"
0,"[0, 5, 17]"
17,"[7, 17]"
17,[17]
7,"[7, 17]"
5,"[5, 7, 17]"
17,[17]
17,"[0, 5, 6, 17]"
5,"[3, 5, 17]"
17,"[10, 17]"
7,"[5, 7, 17]"
5,"[5, 17]"
17,"[14, 15, 17]"
17,"[10, 17]"
17,[17]
17,"[10, 17]"
6,"[6, 17]"
17,"[0, 7, 17]"
5,"[4, 5]"
6,"[0, 6, 17]"
10,"[6, 10]"
6,"[0, 5, 6, 17]"
17,"[10, 17]"
7,"[5, 7, 17]"
6,"[6, 10]"
17,[17]
0,"[0, 17]"
17,[17]
2,"[2, 10]"
17,"[5, 17]"
6,"[6, 17]"
17,"[10, 17]"
17,[17]
17,"[3, 17]"
5,"[5, 17]"
17,[17]
17,"[10, 17]"
6,"[6, 11, 17]"
17,"[10, 17]"
17,[17]
6,"[6, 17]"
17,"[10, 17]"
3,"[3, 17]"
16,"[14, 16, 17]"
0,"[0, 17]"
2,"[2, 10]"
14,"[5, 14, 17]"
14,[14]
3,"[3, 17]"
17,[17]
17,"[10, 17]"
6,"[6, 11, 17]"
14,[14]
6,"[6, 17]"
17,[17]
3,"[5, 17]"
17,[17]
5,[17]
10,"[10, 17]"
17,[17]
17,"[5, 17]"
17,"[9, 15, 17]"
17,[17]
6,"[6, 11]"
7,[17]
17,[2]
17,"[0, 5, 17]"
17,[17]
17,"[6, 17]"
6,"[6, 17]"
15,"[0, 15, 17]"
2,"[0, 2, 4, 17]"
16,"[14, 16, 17]"
4,"[3, 4, 17]"
14,[14]
17,[17]
4,"[4, 17]"
4,"[3, 4]"
17,[2]
5,"[5, 17]"
17,[17]
17,"[3, 17]"
5,"[0, 5, 17]"
6,"[6, 11, 17]"
2,"[2, 10]"
4,"[3, 4]"
17,"[0, 17]"
17,"[4, 17]"
6,"[6, 10]"
17,"[2, 10, 17]"
17,"[0, 5, 17]"
17,[17]
17,"[6, 10, 17]"
6,"[5, 6, 11]"
17,[2]
7,"[5, 7, 17]"
17,[2]
7,"[5, 7, 17]"
17,[17]
15,"[0, 5, 9, 14, 15, 17]"
5,"[5, 17]"
6,"[6, 11, 17]"
6,"[6, 17]"
5,"[5, 17]"
10,"[2, 10]"
17,"[14, 17]"
10,"[6, 10]"
5,"[5, 17]"
5,"[5, 17]"
17,"[3, 17]"
5,"[0, 5, 17]"
4,"[3, 4, 17]"
17,[17]
17,"[3, 17]"
17,"[10, 17]"
5,[5]
17,"[3, 17]"
17,"[10, 17]"
6,"[6, 17]"
15,"[9, 15]"
7,"[5, 7, 17]"
17,[17]
6,"[6, 17]"
0,"[0, 14]"
5,"[5, 17]"
17,[17]
17,"[2, 17]"
17,"[6, 17]"
17,[17]
6,"[6, 11, 17]"
17,"[10, 17]"
16,"[14, 16]"
17,"[10, 17]"
17,"[10, 17]"
17,[17]
17,"[6, 17]"
10,"[10, 17]"
5,"[5, 17]"
15,"[14, 15]"
6,"[6, 11]"
5,"[4, 5]"
17,[17]
6,[6]
17,[17]
6,"[6, 17]"
6,"[6, 10]"
17,[17]
17,"[10, 17]"
5,"[5, 17]"
17,"[10, 17]"
5,"[3, 5]"
6,"[6, 17]"
17,"[6, 17]"
6,"[6, 17]"
6,"[6, 11]"
17,[17]
5,"[5, 17]"
2,"[2, 10]"
5,"[5, 17]"
17,[17]
17,[17]
5,"[5, 17]"
17,"[10, 17]"
4,"[3, 4]"
17,"[10, 17]"
2,"[2, 10]"
6,"[6, 11, 17]"
17,[17]
7,"[6, 17]"
14,[14]
7,"[7, 17]"
0,[17]
0,[17]
5,"[5, 17]"
7,"[5, 7, 17]"
17,[17]
17,[17]
17,"[4, 17]"
17,"[10, 17]"
3,"[3, 4]"
17,"[4, 17]"
5,"[5, 17]"
17,"[0, 17]"
17,[17]
5,"[5, 17]"
17,"[4, 17]"
15,"[15, 17]"
6,"[6, 17]"
6,"[6, 17]"
17,"[6, 17]"
10,"[1, 10, 17]"
5,"[5, 6]"
1,"[1, 17]"
6,"[6, 17]"
5,"[5, 6, 17]"
2,"[2, 10, 17]"
2,"[2, 10]"
17,"[6, 17]"
5,"[5, 17]"
1,"[1, 2, 10]"
1,"[1, 2, 10, 17]"
17,"[6, 17]"
10,"[1, 2, 10]"
5,"[5, 17]"
10,[10]
10,"[2, 10]"
6,"[6, 17]"
6,"[2, 6]"
6,"[6, 17]"
17,"[6, 17]"
2,"[2, 10]"
17,"[6, 17]"
10,"[1, 2, 10]"
5,"[5, 6, 17]"
2,"[1, 2, 6, 10]"
1,"[1, 2, 10, 17]"
2,"[1, 2, 10]"
1,"[0, 1, 10, 17]"
4,"[10, 17]"
2,"[2, 17]"
2,"[2, 10, 17]"
17,"[10, 17]"
17,"[10, 17]"
17,"[4, 17]"
4,[4]
17,"[4, 6, 17]"
17,[17]
17,[17]
2,"[2, 4, 17]"
17,[17]
17,"[4, 6, 17]"
4,[4]
17,"[5, 17]"
17,"[4, 17]"
2,"[2, 4, 17]"
2,"[2, 4]"
2,"[2, 4]"
4,[4]
4,"[2, 4]"
17,"[2, 17]"
17,[17]
4,"[4, 17]"
5,"[5, 17]"
17,[17]
17,[17]
2,"[2, 4, 17]"
2,"[2, 4, 17]"
2,"[2, 4, 17]"
17,"[4, 17]"
4,"[4, 17]"
4,"[2, 4, 17]"
5,"[5, 17]"
17,"[4, 17]"
2,"[2, 4]"
2,"[2, 4, 17]"
2,"[2, 10]"
2,"[2, 10]"
2,[2]
6,"[6, 11, 17]"
2,"[2, 10]"
2,"[2, 4]"
17,"[4, 17]"
17,"[4, 17]"
17,"[4, 17]"
17,"[10, 17]"
2,"[2, 17]"
17,[17]
17,[17]
17,[17]
5,"[5, 17]"
17,[17]
4,"[2, 4]"
4,"[4, 17]"
2,[2]
17,[17]
2,"[2, 17]"
4,"[2, 4]"
17,"[2, 4, 17]"
6,"[2, 4, 6]"
17,[17]
5,"[5, 17]"
17,"[4, 17]"
17,"[2, 17]"
17,"[10, 17]"
17,[17]
17,"[10, 17]"
2,"[2, 4, 17]"
17,"[10, 17]"
4,"[4, 17]"
5,"[5, 17]"
4,"[4, 17]"
2,"[2, 17]"
2,"[2, 4]"
17,"[4, 17]"
2,"[2, 10]"
2,"[2, 4, 17]"
17,[17]
17,[17]
2,[2]
2,"[2, 4]"
17,"[4, 17]"
4,[4]
6,"[2, 4, 6]"
2,"[2, 4]"
17,[17]
17,[17]
2,"[2, 4]"
2,"[0, 2, 4, 17]"
17,"[4, 6, 17]"
2,"[2, 4, 17]"
2,"[0, 2, 4, 17]"
17,"[4, 17]"
6,"[6, 17]"
2,"[2, 10]"
17,"[10, 17]"
2,"[2, 17]"
2,"[2, 4]"
4,"[2, 10]"
6,"[6, 17]"
4,"[4, 17]"
2,[2]
2,"[2, 4]"
4,"[4, 17]"
17,"[4, 17]"
0,"[0, 17]"
17,"[6, 17]"
17,"[5, 17]"
17,[17]
17,[17]
17,[17]
17,"[6, 17]"
17,"[5, 17]"
0,"[0, 5, 17]"
5,"[0, 5, 17]"
0,"[0, 5, 17]"
6,"[6, 17]"
0,"[0, 5, 17]"
0,"[0, 17]"
17,"[6, 17]"
4,"[4, 17]"
2,"[2, 4, 17]"
4,"[4, 17]"
6,"[6, 17]"
4,"[4, 17]"
17,"[6, 17]"
17,"[5, 17]"
6,"[5, 6, 17]"
6,"[6, 17]"
6,"[0, 6, 17]"
4,"[2, 4, 17]"
0,"[0, 2, 17]"
2,"[2, 4, 17]"
6,"[6, 17]"
17,"[4, 5, 17]"
5,[5]
4,"[4, 17]"
17,[17]
0,"[0, 17]"
6,[6]
6,"[0, 6, 17]"
17,"[4, 5, 17]"
4,"[4, 17]"
0,"[0, 17]"
4,"[4, 17]"
4,"[2, 4]"
2,"[2, 4]"
5,[5]
17,[17]
0,"[0, 5, 17]"
5,[5]
17,[17]
0,"[0, 17]"
5,"[5, 17]"
0,"[0, 17]"
0,"[0, 17]"
4,"[4, 17]"
4,"[2, 4]"
0,"[0, 17]"
6,"[4, 6]"
17,"[6, 17]"
0,"[0, 17]"
17,"[6, 17]"
0,"[0, 17]"
4,[4]
0,"[0, 17]"
17,[17]
17,[17]
0,"[0, 17]"
0,"[0, 10, 17]"
17,"[0, 10, 17]"
17,"[10, 17]"
17,"[6, 10, 17]"
2,"[2, 6, 8, 10, 17]"
2,"[2, 10, 17]"
0,"[0, 6, 8, 17]"
17,"[10, 17]"
0,"[0, 10, 17]"
0,"[0, 10, 17]"
0,"[0, 2, 6, 10, 17]"
17,"[6, 17]"
10,"[2, 10]"
2,"[2, 10, 17]"
2,[2]
0,"[0, 10, 17]"
5,"[2, 5, 6, 17]"
2,"[2, 10]"
17,"[6, 17]"
17,"[10, 17]"
17,"[10, 17]"
2,[2]
17,"[6, 17]"
17,"[10, 17]"
0,"[0, 10, 17]"
17,"[0, 17]"
17,"[10, 17]"
0,"[0, 5, 8, 17]"
0,"[0, 5, 8, 17]"
2,"[2, 5, 17]"
0,"[10, 17]"
17,"[5, 17]"
10,"[10, 17]"
17,"[5, 17]"
17,"[6, 10, 17]"
17,"[6, 17]"
17,"[10, 17]"
17,"[10, 17]"
10,"[2, 10]"
2,"[2, 10]"
17,[17]
17,[17]
17,"[10, 17]"
0,"[0, 10, 17]"
17,[17]
17,"[10, 17]"
17,[17]
2,"[2, 10]"
17,[17]
2,"[2, 17]"
4,"[4, 17]"
4,"[4, 17]"
2,"[2, 4, 6, 17]"
17,"[2, 4, 17]"
10,"[6, 10, 17]"
2,"[2, 10, 17]"
10,"[2, 6, 10]"
17,"[4, 6, 9, 17]"
17,"[10, 17]"
0,"[0, 10, 17]"
17,"[10, 17]"
17,[17]
17,[17]
17,"[10, 17]"
2,"[2, 10, 17]"
10,"[2, 10]"
17,"[10, 17]"
0,"[0, 10, 17]"
17,[17]
2,"[2, 4, 17]"
17,"[10, 17]"
17,"[6, 10, 17]"
2,"[2, 4]"
17,[17]
2,"[2, 4]"
17,"[4, 17]"
0,"[0, 17]"
2,"[2, 10]"
5,"[2, 5]"
17,"[10, 17]"
10,"[2, 10]"
17,"[10, 17]"
10,"[10, 17]"
17,[17]
0,"[0, 8, 17]"
17,"[0, 6, 10, 17]"
5,"[2, 5]"
5,"[2, 5, 6, 17]"
5,"[2, 5]"
2,"[2, 17]"
2,"[2, 17]"
17,"[2, 17]"
2,"[2, 4, 17]"
2,"[2, 3, 17]"
0,"[0, 3, 17]"
2,"[2, 4, 17]"
2,"[2, 5, 17]"
2,"[0, 2, 3, 17]"
2,"[2, 4, 17]"
2,"[2, 5]"
4,"[0, 2, 17]"
2,"[2, 4, 17]"
2,"[0, 2, 3, 17]"
17,[17]
2,"[2, 17]"
2,"[2, 4, 17]"
17,"[2, 17]"
2,"[2, 17]"
17,"[3, 17]"
0,"[0, 17]"
17,"[0, 17]"
17,"[2, 17]"
2,"[2, 4]"
2,"[2, 17]"
2,"[2, 17]"
4,"[2, 4, 17]"
2,"[2, 3, 4, 17]"
17,"[3, 17]"
17,"[0, 2, 4, 17]"
2,"[2, 5, 17]"
2,"[2, 3, 4, 17]"
2,"[2, 4, 17]"
0,"[0, 17]"
2,"[2, 4, 17]"
0,"[2, 4, 17]"
2,"[2, 3, 4, 17]"
2,"[2, 4, 17]"
17,[17]
3,"[3, 17]"
17,"[3, 17]"
2,"[2, 17]"
4,"[2, 4, 17]"
4,"[2, 4, 17]"
3,"[3, 17]"
17,[17]
17,"[2, 17]"
2,"[2, 4, 17]"
2,"[2, 4, 17]"
0,"[0, 3, 17]"
0,"[4, 17]"
4,"[2, 4]"
2,"[2, 17]"
17,[17]
2,"[2, 4]"
2,"[2, 4]"
2,"[2, 4]"
17,[17]
2,"[2, 4, 17]"
4,"[0, 2, 17]"
3,"[3, 17]"
0,"[0, 17]"
17,"[4, 6, 17]"
17,"[2, 3, 17]"
2,"[0, 2, 3, 17]"
0,"[0, 3, 17]"
2,"[0, 2, 3, 4, 17]"
4,"[2, 4, 17]"
2,"[2, 3, 4, 17]"
17,"[2, 3, 17]"
0,"[0, 3, 17]"
4,"[2, 3, 4, 17]"
2,"[2, 4, 17]"
2,"[2, 4, 17]"
0,"[0, 17]"
2,"[2, 3, 4, 17]"
17,"[0, 2, 4, 17]"
2,"[2, 4, 17]"
2,"[2, 17]"
3,"[0, 3, 17]"
2,"[2, 4, 17]"
4,"[2, 4]"
0,"[0, 3, 17]"
3,"[0, 3, 17]"
0,"[0, 17]"
0,"[0, 17]"
17,[17]
2,"[2, 17]"
3,"[3, 17]"
2,"[2, 17]"
17,[17]
4,"[2, 4, 17]"
17,[17]
3,"[3, 4]"
2,"[2, 17]"
3,"[2, 3]"
2,"[2, 4, 17]"
17,"[6, 17]"
3,"[3, 17]"
0,"[0, 3, 17]"
17,[17]
2,"[2, 4, 17]"
2,"[2, 17]"
2,"[2, 3, 17]"
3,"[3, 17]"
17,[17]
2,[2]
17,"[6, 17]"
2,"[2, 4]"
2,"[2, 17]"
17,[10]
5,[5]
17,[15]
17,[17]
17,[17]
17,[17]
17,"[2, 17]"
5,"[5, 15]"
17,"[15, 17]"
17,[17]
17,[]
17,[17]
17,[17]
17,[17]
17,[17]
17,[17]
17,[5]
5,"[5, 17]"
17,"[5, 17]"
17,"[10, 17]"
17,[17]
17,[]
17,[17]
5,[5]
17,"[10, 17]"
17,[17]
17,[17]
17,[17]
17,"[9, 17]"
17,[17]
17,[17]
17,"[10, 17]"
17,[17]
17,"[10, 17]"
17,[17]
17,[17]
17,"[4, 17]"
17,"[4, 17]"
17,"[4, 17]"
17,[17]
17,"[9, 17]"
17,[17]
17,[17]
17,[17]
17,[17]
5,[5]
17,[17]
17,[]
17,[17]
17,[17]
17,[17]
17,"[10, 17]"
17,"[4, 17]"
17,[17]
17,"[0, 17]"
17,"[3, 4, 17]"
17,"[3, 4, 17]"
17,"[3, 17]"
2,"[2, 4, 17]"
17,"[3, 17]"
17,"[3, 4, 17]"
11,"[3, 11, 17]"
17,"[3, 17]"
17,"[3, 17]"
17,"[4, 17]"
3,"[3, 17]"
4,"[4, 17]"
17,"[4, 17]"
4,"[4, 17]"
17,"[3, 17]"
2,"[2, 4]"
17,"[4, 17]"
17,"[3, 17]"
17,"[4, 17]"
4,"[4, 17]"
4,"[4, 17]"
17,"[3, 17]"
17,"[2, 4, 17]"
17,"[4, 17]"
17,"[4, 17]"
17,"[4, 17]"
3,"[3, 17]"
17,"[4, 17]"
17,"[3, 17]"
17,"[3, 17]"
17,"[3, 4, 17]"
3,"[3, 17]"
17,"[3, 17]"
2,"[2, 4, 17]"
4,"[3, 4, 17]"
17,"[3, 17]"
11,"[3, 11]"
17,"[3, 17]"
17,"[3, 17]"
17,"[3, 17]"
17,"[4, 17]"
17,"[4, 17]"
17,"[3, 17]"
4,"[4, 17]"
11,"[6, 11, 17]"
17,"[4, 17]"
17,"[4, 17]"
17,"[3, 17]"
17,[17]
17,"[2, 4, 17]"
17,"[3, 17]"
4,"[3, 4, 17]"
17,"[3, 17]"
4,"[3, 4, 17]"
17,"[3, 17]"
17,"[3, 17]"
17,"[4, 17]"
17,[17]
3,"[3, 17]"
17,"[4, 17]"
17,"[8, 17]"
17,"[3, 17]"
11,"[3, 11]"
11,"[3, 6, 11]"
3,"[3, 11]"
2,"[2, 4]"
17,[17]
17,"[3, 17]"
17,"[3, 17]"
17,[17]
4,"[3, 4]"
17,"[3, 17]"
17,[17]
17,"[9, 15, 17]"
14,"[14, 17]"
17,"[14, 17]"
5,"[5, 14, 15]"
5,"[5, 17]"
17,[17]
14,"[14, 17]"
17,[17]
17,[17]
17,"[14, 17]"
17,"[15, 17]"
17,"[14, 17]"
14,"[14, 17]"
17,"[15, 17]"
17,"[9, 17]"
17,"[9, 17]"
17,"[14, 17]"
15,"[15, 17]"
5,"[5, 15]"
14,"[14, 17]"
15,"[15, 17]"
15,"[5, 15, 17]"
17,"[14, 17]"
17,[17]
17,[17]
17,[17]
17,"[14, 17]"
17,"[14, 17]"
5,"[5, 15]"
17,"[4, 17]"
17,"[15, 17]"
17,"[14, 17]"
17,"[9, 17]"
17,[17]
17,"[14, 17]"
9,"[9, 17]"
17,"[9, 17]"
17,"[9, 17]"
9,"[9, 17]"
17,"[14, 17]"
15,[17]
17,[17]
17,"[14, 17]"
17,"[9, 17]"
15,"[9, 15]"
17,[17]
14,[14]
17,"[9, 17]"
17,"[14, 17]"
17,"[14, 17]"
9,"[9, 17]"
5,"[5, 15]"
17,"[14, 17]"
17,[17]
9,"[9, 15]"
17,"[9, 17]"
17,"[14, 17]"
9,"[9, 17]"
13,"[11, 13, 14, 16, 17]"
13,"[11, 13, 16, 17]"
0,"[0, 14, 15, 17]"
17,"[5, 16, 17]"
17,"[5, 17]"
17,"[5, 15, 17]"
15,"[0, 15, 17]"
16,"[14, 16, 17]"
17,"[5, 14, 15, 17]"
17,"[14, 15, 17]"
13,"[11, 13, 17]"
17,[17]
17,[17]
17,"[5, 17]"
17,"[14, 17]"
5,"[5, 17]"
13,"[11, 13, 16, 17]"
17,"[0, 14, 17]"
17,"[14, 17]"
13,"[11, 13, 17]"
17,"[11, 13, 14, 17]"
17,"[0, 14, 15, 17]"
15,"[0, 14, 15, 17]"
16,[16]
15,[15]
17,"[0, 15, 17]"
14,"[14, 16, 17]"
14,"[14, 15, 16, 17]"
17,"[5, 16, 17]"
0,[17]
15,[15]
5,"[5, 15, 17]"
0,"[14, 17]"
14,"[0, 14, 17]"
17,"[5, 16, 17]"
17,"[5, 15, 17]"
5,"[5, 15, 17]"
15,"[0, 14, 15, 17]"
17,"[0, 14, 15, 17]"
16,"[11, 13, 14, 17]"
17,"[0, 14, 17]"
16,"[11, 13, 17]"
14,"[14, 17]"
5,"[5, 17]"
17,"[15, 17]"
0,"[0, 14, 17]"
14,"[0, 14, 17]"
16,"[16, 17]"
5,"[5, 17]"
0,"[0, 15, 17]"
2,"[2, 4, 17]"
2,"[2, 4]"
2,"[2, 6, 17]"
2,"[2, 17]"
2,"[2, 6, 17]"
2,[2]
2,"[2, 4]"
0,"[0, 17]"
17,"[5, 17]"
2,"[2, 4, 17]"
2,"[2, 17]"
2,"[2, 4]"
2,"[2, 5, 17]"
0,"[0, 4, 17]"
2,"[2, 17]"
2,"[2, 17]"
2,"[2, 4, 17]"
4,"[2, 4]"
2,[2]
2,"[2, 4]"
2,[2]
2,"[2, 17]"
2,"[2, 4]"
2,"[2, 4, 17]"
2,"[2, 4, 17]"
4,"[4, 17]"
17,"[2, 5, 17]"
4,"[2, 4]"
2,"[2, 17]"
2,"[2, 4]"
2,"[2, 5, 17]"
0,"[0, 2, 4, 17]"
2,"[0, 2, 4, 17]"
2,"[2, 17]"
2,"[2, 4, 17]"
2,"[2, 4, 17]"
2,"[2, 17]"
2,"[2, 17]"
2,"[2, 17]"
2,"[2, 17]"
2,"[2, 4]"
4,"[2, 4, 17]"
2,[2]
2,[2]
17,[17]
17,[17]
2,[2]
2,"[2, 17]"
0,"[0, 2, 17]"
2,[2]
2,"[2, 17]"
2,"[2, 17]"
2,[2]
0,"[0, 4, 17]"
2,[2]
4,"[2, 4]"
2,"[2, 5]"
17,"[2, 5, 17]"
2,"[2, 4, 5, 17]"
2,"[2, 4, 17]"
2,"[2, 4]"
2,"[2, 17]"
2,"[2, 4]"
2,"[2, 17]"
2,"[2, 5]"
14,"[14, 17]"
5,"[5, 17]"
17,[17]
5,"[5, 17]"
17,"[14, 17]"
14,"[14, 17]"
17,[17]
5,[5]
14,"[14, 17]"
17,"[14, 17]"
17,"[14, 17]"
15,"[15, 17]"
17,"[14, 17]"
15,"[14, 15, 17]"
17,"[14, 17]"
17,"[14, 17]"
14,"[14, 17]"
17,[17]
17,"[14, 17]"
15,"[15, 17]"
14,[14]
15,"[15, 17]"
15,"[15, 17]"
17,[17]
17,"[14, 17]"
5,"[5, 14]"
17,"[5, 17]"
17,"[5, 17]"
17,"[14, 17]"
5,"[5, 17]"
17,"[0, 15, 17]"
0,"[0, 17]"
17,[17]
17,"[0, 15, 17]"
17,"[15, 17]"
17,"[15, 17]"
0,"[0, 4, 17]"
17,"[0, 15, 17]"
9,"[9, 15, 17]"
17,"[5, 9, 17]"
17,"[0, 9, 17]"
17,"[9, 17]"
17,"[15, 17]"
17,"[9, 15, 17]"
17,"[0, 5, 9, 17]"
17,[17]
9,"[0, 9, 17]"
17,"[15, 17]"
17,"[15, 17]"
17,[5]
17,"[9, 15, 17]"
17,[17]
9,"[9, 15, 17]"
17,"[15, 17]"
9,"[9, 17]"
17,"[15, 17]"
17,[17]
17,"[15, 17]"
17,"[15, 17]"
17,"[9, 17]"
17,[17]
0,"[0, 17]"
9,"[0, 9, 17]"
17,[17]
17,"[0, 17]"
17,"[9, 17]"
0,"[0, 17]"
17,"[0, 5, 9, 17]"
17,"[0, 9, 17]"
17,[17]
0,"[0, 15, 17]"
17,"[15, 17]"
17,"[15, 17]"
17,"[15, 17]"
17,"[9, 17]"
0,"[0, 15, 17]"
17,[17]
9,"[9, 15, 17]"
0,"[0, 17]"
17,"[9, 15, 17]"
17,"[15, 17]"
17,[17]
17,[17]
17,"[15, 17]"
17,"[15, 17]"
17,[17]
17,[17]
17,[17]
17,"[9, 17]"
17,"[15, 17]"
0,"[0, 17]"
17,[17]
17,[17]
9,"[9, 17]"
15,"[15, 17]"
17,"[9, 17]"
17,"[9, 17]"
0,"[0, 9, 17]"
17,"[0, 17]"
17,"[9, 15]"
17,"[5, 9, 17]"
0,"[0, 5, 15, 17]"
17,"[4, 17]"
9,"[9, 15]"
15,"[0, 15, 17]"
0,"[0, 17]"
17,"[15, 17]"
9,"[0, 9, 15, 17]"
17,"[0, 17]"
17,"[9, 17]"
17,"[15, 17]"
0,"[0, 17]"
17,"[0, 5, 17]"
17,"[15, 17]"
15,"[15, 17]"
0,"[0, 9, 17]"
4,"[4, 17]"
4,"[4, 17]"
17,"[4, 17]"
17,"[4, 17]"
4,"[4, 17]"
4,"[4, 17]"
17,"[4, 17]"
17,"[4, 17]"
4,"[4, 5, 17]"
17,"[4, 5, 17]"
17,"[1, 3, 17]"
8,"[8, 17]"
17,[17]
0,"[0, 2, 17]"
8,"[8, 17]"
0,"[0, 2, 17]"
17,"[1, 17]"
1,[1]
1,"[1, 11]"
2,"[2, 10]"
8,[8]
11,"[3, 11, 17]"
17,"[1, 17]"
17,"[10, 17]"
8,[8]
0,"[0, 17]"
1,"[1, 10]"
0,"[0, 17]"
0,"[0, 10, 17]"
8,"[8, 10]"
17,"[1, 17]"
2,"[2, 10]"
17,"[10, 17]"
2,"[2, 10]"
17,"[10, 17]"
2,"[2, 10]"
4,"[2, 4, 17]"
8,"[8, 10]"
17,[17]
0,"[0, 4, 17]"
17,"[4, 17]"
17,"[2, 4, 17]"
11,"[6, 11, 17]"
17,[17]
17,"[1, 17]"
0,"[0, 17]"
0,"[0, 17]"
2,"[2, 10]"
8,"[8, 10, 17]"
11,"[1, 11]"
8,"[8, 10, 17]"
0,"[10, 17]"
11,"[6, 11, 17]"
1,[1]
0,"[0, 10, 17]"
17,"[4, 17]"
11,"[1, 11]"
4,"[2, 4]"
17,"[0, 2, 10, 17]"
8,"[8, 10, 17]"
4,"[2, 10, 17]"
4,"[2, 10, 17]"
1,"[1, 3, 10, 11, 17]"
17,"[5, 17]"
17,"[5, 17]"
17,[17]
5,"[5, 17]"
5,"[5, 17]"
17,"[5, 17]"
5,"[5, 17]"
5,"[5, 17]"
17,"[5, 17]"
5,[5]
4,"[4, 6, 17]"
1,"[1, 4, 6, 17]"
0,"[0, 4, 11, 17]"
17,"[1, 17]"
17,"[3, 17]"
1,"[1, 4, 17]"
0,"[0, 1, 4, 17]"
17,"[1, 4, 17]"
17,"[1, 17]"
4,[4]
17,[17]
11,"[11, 17]"
6,"[4, 6]"
17,"[5, 17]"
17,"[1, 17]"
17,"[5, 17]"
17,[17]
17,[17]
4,"[4, 17]"
6,"[4, 6]"
17,[17]
17,"[1, 4, 17]"
1,[1]
17,"[1, 5, 17]"
17,"[1, 17]"
17,"[4, 5, 17]"
4,"[1, 4, 10, 17]"
17,"[0, 17]"
17,"[4, 5, 17]"
5,"[1, 5, 17]"
17,"[4, 5, 17]"
17,"[1, 6, 17]"
17,"[1, 4, 17]"
17,[17]
5,"[5, 17]"
1,"[1, 4]"
0,"[0, 1, 17]"
17,"[1, 17]"
17,"[1, 17]"
17,"[1, 17]"
4,"[4, 6]"
17,"[4, 17]"
17,"[1, 17]"
17,"[5, 17]"
17,"[1, 17]"
4,"[4, 17]"
11,"[6, 11, 17]"
17,"[1, 17]"
17,[17]
17,[17]
0,"[0, 4, 17]"
17,[17]
17,"[1, 17]"
17,"[5, 17]"
5,"[5, 17]"
17,"[1, 17]"
17,"[1, 17]"
17,"[3, 17]"
4,"[4, 17]"
17,"[0, 5, 17]"
17,"[0, 17]"
17,"[1, 17]"
17,"[1, 5, 17]"
17,"[1, 17]"
11,"[6, 11, 17]"
17,"[10, 17]"
4,"[4, 17]"
6,"[6, 17]"
17,"[5, 17]"
17,"[5, 17]"
11,"[6, 11]"
17,"[1, 5, 17]"
17,"[1, 6, 17]"
0,"[0, 17]"
17,"[3, 17]"
17,"[5, 17]"
17,[17]
17,"[6, 17]"
1,"[0, 1, 17]"
17,"[5, 17]"
17,"[5, 17]"
17,"[1, 17]"
17,"[4, 6, 17]"
6,"[4, 6, 17]"
6,"[1, 6, 17]"
11,"[6, 11, 17]"
17,"[5, 17]"
17,"[1, 4, 6, 17]"
4,"[1, 4, 17]"
5,"[5, 17]"
17,"[4, 17]"
17,"[4, 17]"
11,"[1, 11, 17]"
17,"[4, 17]"
17,"[5, 17]"
4,"[4, 17]"
17,"[5, 8, 17]"
11,"[1, 6, 11, 17]"
4,"[4, 17]"
17,"[0, 1, 17]"
1,"[1, 17]"
17,"[4, 17]"
4,[4]
17,"[4, 17]"
17,"[1, 17]"
17,"[5, 17]"
1,[1]
2,"[2, 17]"
17,"[4, 17]"
17,"[4, 17]"
17,"[4, 17]"
2,"[2, 17]"
17,[17]
1,"[1, 11, 17]"
17,"[4, 17]"
17,[17]
17,"[4, 17]"
17,[17]
17,[17]
2,"[2, 5]"
17,"[1, 17]"
17,"[10, 17]"
4,[4]
17,"[1, 17]"
17,[17]
5,[5]
4,[4]
17,[17]
11,"[1, 11, 17]"
11,"[1, 10, 11, 17]"
5,"[2, 5]"
5,"[5, 17]"
17,[17]
17,"[10, 17]"
2,"[2, 5]"
5,[5]
1,"[1, 11]"
17,[17]
11,"[1, 11, 17]"
17,"[10, 17]"
1,"[1, 11]"
2,"[2, 17]"
17,[17]
17,[17]
17,[17]
17,[17]
17,[17]
11,"[11, 17]"
17,[17]
17,[17]
17,"[2, 17]"
17,[17]
17,[17]
17,[17]
17,[17]
17,[17]
17,[17]
17,[17]
17,[17]
17,[17]
17,[17]
17,[17]
17,[17]
11,"[11, 17]"
11,"[11, 17]"
17,[17]
17,[17]
17,[17]
11,"[11, 17]"
11,"[11, 17]"
17,[17]
17,[17]
17,[17]
17,[17]
4,"[4, 17]"
2,"[2, 17]"
4,"[4, 17]"
17,[17]
2,"[2, 10]"
2,"[2, 4, 17]"
17,"[2, 5, 6, 17]"
2,"[2, 4, 5, 6]"
2,"[2, 17]"
17,"[2, 4, 17]"
2,"[2, 4, 17]"
2,[2]
17,[17]
17,"[4, 17]"
17,[17]
4,"[2, 4]"
2,[2]
17,[17]
17,"[2, 17]"
17,"[6, 17]"
2,"[2, 17]"
2,"[2, 4]"
2,[2]
2,[2]
2,"[2, 4, 6]"
17,"[6, 17]"
2,"[2, 6, 17]"
2,"[2, 4, 6]"
4,"[2, 4, 17]"
17,"[4, 17]"
2,"[2, 17]"
17,"[4, 17]"
2,"[2, 17]"
4,"[4, 17]"
2,[2]
2,[2]
2,"[2, 4]"
2,[2]
2,"[2, 4]"
2,"[2, 4]"
2,[2]
17,"[2, 4, 17]"
17,"[2, 17]"
2,"[2, 4]"
4,[4]
17,[17]
17,[17]
2,[2]
2,[2]
17,[17]
2,[2]
0,"[0, 15, 17]"
17,"[5, 15, 17]"
17,"[5, 9, 17]"
4,[4]
17,"[9, 15, 17]"
2,"[2, 4, 17]"
0,"[0, 9, 17]"
17,"[15, 17]"
2,"[2, 4]"
17,"[9, 17]"
2,"[2, 4, 17]"
2,"[2, 4]"
2,[2]
0,"[0, 17]"
2,[2]
2,"[2, 17]"
17,[17]
0,"[0, 5, 17]"
2,"[2, 4, 17]"
2,[2]
17,[17]
15,"[4, 15]"
2,[2]
15,"[15, 17]"
17,"[0, 17]"
2,"[2, 17]"
2,"[2, 4]"
15,"[15, 17]"
4,[4]
2,"[2, 4]"
2,[2]
2,"[2, 17]"
17,"[9, 15, 17]"
17,"[4, 17]"
2,"[2, 4]"
0,"[0, 17]"
17,"[15, 17]"
2,"[2, 4]"
2,"[2, 4]"
17,[17]
17,"[9, 17]"
2,"[2, 4]"
4,[4]
17,[17]
17,[17]
17,"[9, 17]"
2,[2]
2,"[2, 10, 17]"
17,"[9, 15, 17]"
2,"[2, 4, 17]"
2,"[2, 4]"
15,"[9, 15]"
2,"[2, 4]"
2,"[2, 4, 17]"
2,"[2, 4]"
4,[4]
2,"[2, 4, 17]"
2,"[2, 4, 10]"
2,"[2, 4, 10, 17]"
17,"[15, 17]"
2,"[2, 4]"
2,"[2, 4]"
17,[17]
2,"[2, 4]"
17,"[15, 17]"
17,"[15, 17]"
2,"[2, 4, 17]"
2,"[2, 4, 17]"
2,"[2, 4, 17]"
2,"[2, 4, 17]"
5,[5]
6,"[6, 10]"
1,"[1, 10]"
10,"[2, 10, 17]"
10,"[1, 10, 17]"
5,"[5, 17]"
6,"[6, 10, 17]"
17,"[6, 17]"
6,"[6, 10, 17]"
17,"[10, 17]"
10,"[2, 10]"
17,"[6, 10, 17]"
10,"[1, 10]"
5,[5]
6,"[6, 17]"
1,"[1, 2, 4, 17]"
5,"[1, 5, 17]"
10,"[1, 2, 10]"
5,"[1, 5, 17]"
17,"[6, 17]"
1,"[1, 17]"
6,"[6, 17]"
2,"[2, 4]"
17,[17]
2,"[2, 10]"
2,"[2, 10]"
1,"[1, 17]"
2,"[2, 10]"
2,"[2, 10]"
1,"[1, 10, 17]"
4,"[10, 17]"
7,"[7, 17]"
2,"[2, 4, 17]"
17,[17]
2,"[2, 4, 17]"
4,"[10, 17]"
17,"[4, 17]"
17,[17]
7,[17]
7,"[7, 17]"
2,"[2, 4, 17]"
17,"[4, 17]"
7,"[7, 17]"
2,"[2, 17]"
7,"[7, 17]"
4,"[2, 4, 17]"
7,"[7, 17]"
7,"[7, 17]"
7,"[7, 17]"
2,"[2, 4, 17]"
7,"[7, 17]"
5,"[5, 17]"
17,"[4, 17]"
17,"[4, 17]"
2,"[2, 4, 17]"
5,"[2, 4, 5, 17]"
4,"[2, 4, 17]"
5,"[2, 4, 5, 17]"
17,"[10, 17]"
7,[17]
17,"[2, 4, 17]"
4,"[2, 4, 8, 17]"
2,"[2, 4, 17]"
4,"[2, 4, 17]"
17,"[4, 17]"
2,"[2, 4, 17]"
5,"[5, 17]"
2,"[2, 4, 17]"
4,"[2, 4, 7, 17]"
2,"[2, 4, 17]"
17,"[4, 5, 17]"
7,"[7, 17]"
2,"[2, 4]"
2,"[2, 4, 17]"
17,"[2, 4, 17]"
2,"[2, 17]"
7,"[7, 17]"
5,[5]
7,"[7, 17]"
2,"[2, 4]"
2,"[2, 4]"
7,"[7, 17]"
2,"[2, 10, 17]"
17,[17]
17,"[4, 17]"
2,"[2, 4, 17]"
7,"[7, 17]"
7,"[7, 17]"
4,"[4, 17]"
17,"[4, 17]"
17,"[4, 17]"
17,"[14, 15, 17]"
0,"[0, 14, 15, 17]"
15,"[0, 9, 15, 17]"
17,[17]
14,"[14, 17]"
0,"[0, 14, 17]"
14,"[0, 14, 17]"
17,"[0, 14, 17]"
17,[17]
5,"[5, 17]"
17,[17]
15,"[15, 17]"
15,"[9, 15]"
5,[5]
17,"[14, 17]"
5,[5]
17,"[0, 14, 17]"
17,[17]
14,"[0, 14, 17]"
17,[17]
17,"[14, 17]"
15,"[14, 15]"
14,"[14, 15]"
17,[17]
17,"[14, 17]"
0,"[0, 14, 17]"
17,"[0, 14, 17]"
17,[17]
17,"[14, 17]"
5,"[0, 5, 17]"
0,"[0, 14, 17]"
5,"[5, 17]"
17,"[14, 17]"
17,[17]
17,"[14, 17]"
15,"[14, 15, 17]"
17,"[14, 17]"
17,"[0, 14, 15, 17]"
14,"[14, 15]"
0,"[0, 14, 17]"
2,"[2, 4]"
4,"[4, 10]"
2,"[2, 4, 17]"
2,"[2, 17]"
2,"[2, 4, 17]"
4,"[2, 4, 5]"
4,"[2, 4]"
4,"[2, 4]"
2,"[2, 4, 17]"
2,"[2, 4]"
2,"[2, 4, 17]"
2,"[2, 4]"
2,"[2, 4, 17]"
2,"[2, 4]"
2,"[2, 4]"
2,"[2, 4]"
4,"[2, 4]"
4,[4]
4,"[2, 4]"
2,"[2, 4]"
2,[2]
2,"[2, 4]"
2,"[2, 4]"
2,"[2, 17]"
2,"[2, 4]"
4,"[2, 4]"
4,"[4, 17]"
2,"[2, 4, 17]"
2,"[2, 4, 17]"
2,"[2, 4, 17]"
2,"[2, 4, 17]"
2,"[2, 4, 17]"
4,"[2, 4, 17]"
4,"[2, 4, 17]"
4,"[2, 4, 17]"
2,"[2, 4, 17]"
2,"[2, 4]"
4,"[2, 4, 17]"
2,"[2, 4, 17]"
2,"[2, 4]"
4,[4]
4,"[4, 8]"
2,"[2, 4]"
2,"[2, 4]"
4,[4]
4,[4]
4,"[2, 4, 17]"
2,"[2, 4]"
5,"[5, 15, 17]"
16,"[6, 14, 15, 16]"
15,"[5, 14, 15]"
13,"[5, 11, 13, 16, 17]"
5,"[5, 15, 16, 17]"
5,"[5, 15]"
13,"[11, 13, 17]"
13,"[5, 11, 17]"
14,"[14, 15]"
14,"[6, 8, 14, 15]"
17,"[14, 17]"
17,"[14, 17]"
15,"[14, 15]"
15,"[14, 15]"
14,"[14, 15]"
17,[17]
13,"[11, 13, 17]"
14,"[14, 15, 17]"
14,[14]
6,"[6, 14, 17]"
5,"[5, 15, 17]"
6,"[6, 14, 17]"
6,"[6, 14, 17]"
17,[17]
6,"[6, 14, 17]"
16,"[11, 16, 17]"
15,"[14, 15, 17]"
16,"[11, 16, 17]"
5,"[5, 15]"
15,"[14, 15, 17]"
16,"[11, 16, 17]"
17,"[6, 14, 17]"
17,"[14, 17]"
6,"[6, 17]"
17,[17]
16,"[16, 17]"
17,[17]
17,"[15, 17]"
17,"[14, 17]"
13,"[11, 13, 17]"
11,"[1, 11, 17]"
1,"[1, 11, 17]"
5,"[1, 5]"
17,"[1, 11, 17]"
17,"[1, 17]"
1,"[1, 5]"
17,[17]
17,[17]
17,[17]
11,"[2, 11]"
1,[1]
2,"[2, 17]"
17,"[1, 17]"
17,[17]
1,"[1, 17]"
17,"[1, 17]"
17,"[6, 17]"
1,"[1, 17]"
17,[17]
5,"[1, 5, 17]"
11,"[1, 6, 11]"
17,"[1, 17]"
17,"[1, 17]"
17,"[1, 17]"
11,"[1, 6, 11, 17]"
17,"[1, 17]"
1,"[1, 17]"
2,"[2, 11, 17]"
17,"[1, 4, 17]"
1,"[1, 17]"
17,"[1, 6, 17]"
17,"[1, 17]"
17,[17]
17,"[1, 17]"
17,"[2, 17]"
11,"[6, 11, 17]"
17,[17]
17,"[1, 11, 17]"
17,"[1, 17]"
17,"[1, 17]"
17,[17]
17,[17]
17,[17]
1,[1]
17,"[1, 17]"
17,[17]
17,"[1, 17]"
1,"[1, 17]"
17,"[1, 17]"
1,[1]
17,"[2, 17]"
17,"[1, 5, 17]"
5,"[1, 5, 17]"
5,"[1, 5, 17]"
17,"[1, 17]"
5,"[5, 17]"
11,"[11, 17]"
17,"[1, 17]"
17,"[1, 17]"
2,[2]
17,[17]
11,"[11, 17]"
17,[17]
17,[17]
17,"[1, 17]"
17,[17]
17,"[1, 17]"
17,"[2, 17]"
17,"[1, 17]"
2,"[2, 17]"
11,"[1, 11]"
17,"[1, 17]"
17,"[2, 17]"
2,"[2, 17]"
17,"[1, 17]"
17,"[1, 2, 17]"
17,"[1, 2, 6, 17]"
17,"[1, 17]"
17,"[1, 6, 17]"
17,"[2, 17]"
2,"[2, 4, 17]"
4,"[3, 4, 17]"
2,"[2, 4, 17]"
4,"[4, 17]"
2,"[2, 17]"
2,"[2, 4, 17]"
3,"[3, 4]"
11,"[3, 11]"
11,"[3, 11, 17]"
4,"[3, 4]"
2,"[2, 3, 17]"
5,"[2, 5]"
3,"[3, 11]"
2,"[2, 4, 17]"
5,[5]
11,"[3, 11]"
11,"[3, 6, 11]"
2,"[2, 17]"
3,"[3, 6]"
3,"[3, 11]"
2,"[2, 5]"
2,"[2, 3]"
2,"[2, 4, 17]"
2,"[2, 4, 17]"
2,"[2, 3, 17]"
4,"[2, 3, 4, 17]"
5,"[2, 5]"
4,"[3, 4, 17]"
4,"[2, 4]"
2,"[2, 4, 17]"
2,"[2, 6, 17]"
2,"[2, 17]"
2,"[2, 4, 17]"
4,"[2, 4, 17]"
2,"[2, 4, 17]"
2,"[2, 3, 4, 17]"
2,"[2, 3, 4, 17]"
2,"[2, 4, 17]"
4,"[4, 17]"
2,"[2, 4, 17]"
2,"[2, 4, 17]"
5,"[2, 5]"
2,"[2, 4]"
4,"[2, 4]"
11,"[3, 6, 11]"
5,"[2, 5]"
3,"[3, 4]"
2,"[2, 4]"
4,"[3, 4]"
2,"[2, 17]"
10,"[5, 10, 17]"
2,"[2, 6, 10, 17]"
2,"[2, 6, 10, 17]"
17,"[5, 6, 10, 17]"
2,"[2, 6, 10, 17]"
2,"[2, 10]"
17,"[10, 17]"
2,"[2, 10]"
5,[5]
7,"[2, 7, 17]"
10,"[10, 17]"
17,"[10, 17]"
7,"[2, 7, 17]"
17,"[6, 10]"
7,"[7, 17]"
2,"[2, 10]"
2,"[2, 7, 17]"
2,"[2, 17]"
17,"[7, 17]"
5,"[5, 7, 17]"
2,[2]
17,"[10, 17]"
2,"[2, 10]"
7,"[7, 17]"
5,"[5, 17]"
5,"[5, 7, 17]"
2,[2]
17,"[2, 17]"
17,"[6, 17]"
2,"[2, 10]"
2,[2]
2,"[2, 10, 17]"
2,[2]
10,"[10, 17]"
2,"[2, 17]"
17,"[7, 17]"
17,[17]
17,"[6, 10, 17]"
17,"[10, 17]"
2,"[2, 17]"
17,"[6, 10, 17]"
17,[17]
10,"[10, 17]"
2,"[2, 17]"
17,"[10, 17]"
17,"[10, 17]"
17,"[2, 17]"
17,"[2, 17]"
5,"[5, 17]"
17,"[10, 17]"
2,"[2, 17]"
2,"[2, 10]"
17,[17]
7,"[2, 7, 17]"
14,"[14, 15, 17]"
15,"[14, 15, 17]"
14,"[14, 17]"
14,"[14, 17]"
14,"[14, 17]"
5,"[5, 17]"
14,[14]
15,"[14, 15]"
15,"[14, 15]"
5,"[5, 14, 17]"
14,"[14, 15]"
5,"[5, 17]"
14,"[14, 17]"
14,[14]
14,"[14, 17]"
14,[14]
15,"[14, 15]"
14,"[14, 15]"
14,[14]
14,[14]
5,"[5, 17]"
15,"[14, 15]"
14,"[14, 17]"
14,"[14, 17]"
5,"[5, 17]"
17,"[10, 17]"
2,"[2, 3, 4, 17]"
17,[17]
17,"[3, 17]"
17,[17]
5,"[1, 5, 10]"
17,"[3, 17]"
17,"[3, 17]"
3,"[3, 4, 17]"
2,"[2, 10]"
17,"[3, 17]"
2,"[2, 5, 10, 17]"
3,"[3, 4]"
17,"[3, 4, 17]"
10,"[0, 5, 10, 17]"
3,"[3, 4, 17]"
17,"[0, 3, 17]"
5,"[5, 10, 17]"
2,"[2, 10, 17]"
17,"[10, 17]"
17,[17]
17,[17]
17,[17]
10,"[2, 10, 17]"
17,"[3, 17]"
4,"[3, 4, 17]"
17,[17]
17,"[3, 17]"
17,"[3, 17]"
17,[17]
17,"[3, 17]"
17,"[3, 17]"
3,"[3, 4, 17]"
17,"[3, 17]"
5,"[5, 10, 17]"
4,"[3, 4, 17]"
17,[17]
10,"[2, 10, 17]"
17,[17]
17,"[3, 17]"
17,"[3, 17]"
17,"[3, 17]"
17,[17]
2,"[2, 10, 17]"
17,"[3, 17]"
5,"[2, 5, 17]"
17,"[10, 17]"
5,"[5, 7, 17]"
17,[17]
4,"[3, 4]"
17,"[10, 17]"
4,"[3, 4]"
17,"[3, 17]"
4,"[3, 4]"
17,"[4, 17]"
3,"[3, 4]"
17,"[3, 17]"
17,"[0, 2, 4, 17]"
17,"[4, 17]"
17,[17]
17,"[4, 17]"
17,"[4, 17]"
17,[17]
17,"[0, 17]"
17,[17]
7,"[7, 17]"
17,[17]
17,"[1, 17]"
10,[10]
17,"[10, 17]"
17,[17]
17,[17]
17,[17]
17,[17]
17,[17]
17,"[10, 17]"
1,"[1, 17]"
1,"[1, 17]"
17,[17]
17,[17]
17,[17]
17,[17]
2,"[2, 10, 17]"
17,[17]
10,"[10, 17]"
17,[17]
17,[17]
17,[17]
7,"[7, 17]"
10,"[10, 17]"
17,"[10, 17]"
17,[17]
17,[17]
17,"[1, 4, 17]"
17,"[1, 17]"
17,"[1, 4, 17]"
17,[17]
17,"[2, 4, 17]"
17,"[1, 17]"
17,[17]
17,[17]
17,"[2, 17]"
1,"[1, 2]"
17,"[4, 17]"
17,[17]
17,[17]
2,"[2, 4]"
17,"[1, 17]"
17,[17]
17,"[1, 17]"
1,"[1, 6, 17]"
17,"[10, 17]"
17,[17]
17,[17]
17,[17]
17,[17]
17,"[5, 17]"
17,"[7, 17]"
17,"[1, 17]"
17,"[10, 17]"
17,"[10, 17]"
17,[17]
17,[17]
17,"[0, 17]"
17,"[1, 17]"
17,"[0, 1, 7, 17]"
17,"[10, 17]"
17,[17]
17,"[1, 17]"
17,[17]
17,"[1, 17]"
17,[17]
17,[17]
17,[17]
7,"[6, 7, 17]"
17,"[1, 17]"
17,[17]
17,[17]
17,"[10, 17]"
17,[17]
17,[17]
17,"[1, 17]"
17,"[1, 17]"
17,"[10, 17]"
17,[17]
17,"[1, 4, 17]"
17,"[1, 10, 17]"
17,[17]
2,"[2, 10]"
7,"[7, 17]"
17,[17]
17,[17]
17,"[10, 17]"
17,"[1, 17]"
17,[17]
17,"[10, 17]"
7,"[1, 6, 7, 17]"
17,"[7, 10, 17]"
10,"[10, 17]"
17,[17]
1,[1]
2,"[2, 10, 17]"
17,"[1, 17]"
17,"[1, 17]"
17,[17]
2,"[1, 2]"
17,"[5, 17]"
17,"[1, 17]"
10,"[2, 10]"
17,"[1, 17]"
17,[17]
17,"[10, 17]"
17,[17]
2,"[2, 17]"
17,[17]
2,"[2, 4, 17]"
2,"[2, 10, 17]"
4,"[2, 4]"
2,"[2, 4]"
17,"[4, 17]"
17,[17]
17,"[10, 17]"
4,"[4, 17]"
0,"[0, 2, 4, 5, 17]"
17,"[4, 17]"
17,"[6, 10, 17]"
0,"[0, 4, 17]"
17,[17]
17,"[4, 17]"
0,"[0, 4, 17]"
17,"[2, 17]"
2,"[2, 4]"
17,[17]
2,"[2, 4]"
17,[17]
2,"[2, 4]"
17,"[5, 17]"
17,"[4, 17]"
2,"[2, 4, 17]"
2,"[2, 17]"
2,"[2, 4]"
2,"[2, 4]"
17,[17]
0,"[0, 2, 17]"
0,"[0, 2, 4, 17]"
0,"[0, 4, 17]"
17,"[2, 4, 17]"
17,"[2, 17]"
17,"[4, 17]"
2,"[2, 4]"
0,"[0, 10, 17]"
2,"[2, 10]"
17,"[4, 17]"
0,"[0, 17]"
17,"[4, 17]"
17,[17]
2,"[2, 4, 17]"
2,"[2, 4]"
17,"[10, 17]"
17,"[10, 17]"
17,[17]
2,"[2, 4]"
17,[17]
17,"[10, 17]"
17,"[6, 10, 17]"
17,"[10, 17]"
2,"[2, 5]"
2,"[2, 4]"
2,[2]
2,"[2, 17]"
2,"[2, 17]"
0,"[0, 4, 17]"
4,[4]
17,"[4, 17]"
2,"[2, 17]"
2,"[2, 4]"
2,[2]
17,"[4, 6, 17]"
4,"[4, 6]"
4,"[2, 4, 17]"
17,"[4, 17]"
2,"[2, 4, 17]"
17,"[10, 17]"
0,"[0, 4, 5, 17]"
9,"[9, 15, 17]"
0,"[0, 9, 17]"
17,"[9, 17]"
9,"[9, 15]"
15,"[9, 15]"
0,"[9, 17]"
0,"[0, 9, 15, 17]"
0,"[0, 9, 17]"
0,"[0, 9, 17]"
0,"[0, 17]"
0,"[0, 9, 15, 17]"
17,"[9, 17]"
9,"[0, 9, 17]"
9,"[9, 17]"
15,"[9, 15]"
15,"[9, 15]"
15,"[15, 17]"
0,"[0, 17]"
9,"[0, 9, 15, 17]"
0,"[0, 15, 17]"
17,"[0, 15, 17]"
0,"[0, 17]"
0,"[0, 15, 17]"
17,[17]
17,[17]
17,[17]
17,[17]
0,"[0, 17]"
0,"[0, 15, 17]"
0,"[0, 15, 17]"
0,"[0, 15, 17]"
0,"[0, 17]"
0,"[0, 15, 17]"
0,"[0, 17]"
15,"[9, 15]"
0,"[0, 17]"
0,"[0, 17]"
0,"[0, 6, 9, 15, 17]"
17,"[6, 17]"
17,[17]
0,"[0, 6, 17]"
5,[5]
17,"[6, 17]"
14,[14]
5,"[5, 17]"
17,[17]
17,"[0, 17]"
17,"[15, 17]"
17,"[5, 17]"
17,"[5, 17]"
14,"[14, 17]"
5,"[5, 17]"
15,"[14, 15, 17]"
17,[17]
14,"[6, 14, 15]"
15,"[6, 14, 15]"
17,"[5, 17]"
5,"[5, 17]"
17,[17]
5,"[4, 5, 17]"
5,"[5, 17]"
5,"[5, 17]"
17,[17]
17,"[5, 17]"
5,"[5, 17]"
17,"[5, 17]"
5,[5]
5,"[5, 17]"
5,"[5, 14]"
17,"[14, 17]"
17,[17]
15,"[14, 15]"
17,"[15, 17]"
17,"[15, 17]"
17,"[5, 17]"
17,"[0, 17]"
17,[17]
17,"[5, 17]"
17,"[15, 17]"
15,"[14, 15]"
17,"[5, 17]"
14,"[14, 15]"
5,"[5, 17]"
5,"[5, 17]"
5,[5]
5,"[5, 17]"
17,"[5, 17]"
5,"[5, 17]"
17,"[6, 14, 17]"
5,"[4, 5, 17]"
5,"[5, 17]"
17,[17]
17,"[6, 14, 17]"
17,"[15, 17]"
15,"[14, 15, 17]"
14,[14]
17,[17]
17,[17]
17,"[4, 17]"
17,"[9, 15, 17]"
17,"[15, 17]"
17,"[15, 17]"
9,"[9, 17]"
0,"[0, 17]"
0,"[0, 9, 17]"
0,"[0, 9, 15, 17]"
17,[9]
17,"[5, 17]"
9,"[0, 9, 17]"
17,"[5, 17]"
5,"[5, 17]"
17,"[0, 17]"
9,[9]
5,"[5, 17]"
5,"[5, 8, 17]"
5,"[5, 17]"
17,"[0, 5, 17]"
17,"[15, 17]"
15,"[15, 17]"
0,"[0, 17]"
17,"[0, 17]"
15,"[15, 17]"
5,"[5, 17]"
17,"[15, 17]"
17,"[0, 17]"
17,"[9, 17]"
0,"[0, 17]"
17,"[0, 17]"
17,"[15, 17]"
17,"[5, 17]"
0,"[0, 17]"
17,"[0, 17]"
0,"[0, 17]"
17,[17]
17,"[5, 9, 17]"
17,"[0, 5, 17]"
17,"[0, 17]"
17,[17]
17,"[5, 17]"
17,"[9, 17]"
17,[17]
15,"[15, 17]"
0,"[0, 15, 17]"
17,"[5, 17]"
0,"[0, 17]"
17,"[5, 17]"
17,"[15, 17]"
17,"[9, 17]"
0,"[0, 5, 17]"
17,"[5, 17]"
15,"[9, 15, 17]"
17,"[9, 17]"
0,"[0, 5, 17]"
17,"[9, 17]"
0,"[0, 17]"
9,"[9, 15, 17]"
17,"[5, 17]"
0,"[0, 9, 15, 17]"
17,"[5, 17]"
0,"[0, 5, 17]"
17,"[15, 17]"
15,"[9, 15, 17]"
10,"[10, 17]"
2,"[2, 10, 17]"
17,[17]
2,"[2, 10, 17]"
17,"[10, 17]"
5,"[5, 17]"
0,"[0, 2, 4, 17]"
17,"[4, 17]"
17,[17]
17,"[0, 4, 17]"
2,[2]
7,"[0, 5, 17]"
17,"[0, 17]"
2,[2]
17,[17]
5,"[0, 5, 17]"
7,[17]
2,[2]
10,"[4, 17]"
0,"[0, 2, 4, 17]"
7,"[7, 17]"
17,[17]
17,[17]
17,"[10, 17]"
17,"[10, 17]"
2,"[2, 10, 17]"
5,"[5, 17]"
17,"[4, 17]"
17,"[10, 17]"
17,"[10, 17]"
17,"[10, 17]"
2,"[2, 10]"
17,"[5, 17]"
7,"[5, 17]"
17,"[2, 10, 17]"
2,"[2, 10, 17]"
10,"[10, 17]"
0,"[0, 10, 17]"
0,"[0, 17]"
17,"[10, 17]"
2,"[2, 4, 17]"
2,"[2, 4, 17]"
5,"[5, 17]"
2,"[2, 4, 17]"
17,"[5, 7, 17]"
2,"[2, 10, 17]"
7,"[7, 17]"
2,"[2, 10, 17]"
2,"[2, 10, 17]"
17,[17]
17,"[10, 17]"
17,[17]
17,"[10, 17]"
17,[17]
0,"[0, 10, 17]"
0,"[0, 10, 17]"
0,"[0, 10, 17]"
17,"[10, 17]"
2,"[2, 10, 17]"
7,"[7, 17]"
2,[2]
7,"[5, 7, 17]"
17,[17]
0,"[0, 10, 17]"
2,"[2, 4]"
7,"[7, 17]"
2,"[2, 10, 17]"
2,"[2, 6, 10, 17]"
17,[17]
17,"[6, 17]"
0,"[0, 2, 6, 10, 17]"
2,"[2, 10, 17]"
5,"[5, 17]"
17,"[4, 17]"
17,"[4, 17]"
17,"[4, 17]"
17,[17]
7,"[5, 7, 17]"
10,"[10, 17]"
17,[17]
10,"[10, 17]"
2,"[2, 4, 17]"
4,[4]
2,"[2, 4, 17]"
2,"[2, 4]"
4,"[2, 4, 17]"
4,"[2, 4, 17]"
2,"[2, 4]"
2,[2]
4,"[2, 4, 17]"
2,"[2, 4]"
4,"[2, 4]"
2,"[2, 4]"
2,"[2, 4, 17]"
4,"[4, 17]"
4,[4]
2,"[2, 4]"
2,"[2, 4]"
4,"[4, 17]"
4,[4]
4,"[2, 4]"
3,"[1, 3]"
0,[]
0,"[0, 17]"
17,"[1, 17]"
5,[5]
17,"[9, 17]"
17,"[15, 17]"
4,"[1, 4, 17]"
9,"[9, 17]"
0,"[0, 14, 17]"
2,"[1, 2]"
17,"[10, 17]"
17,"[9, 17]"
17,"[3, 17]"
10,"[1, 10, 17]"
17,[17]
15,"[14, 15]"
17,[17]
17,[17]
9,"[9, 17]"
10,"[10, 17]"
1,"[1, 17]"
17,[17]
1,"[1, 6, 17]"
13,"[11, 13, 17]"
17,"[3, 17]"
9,"[9, 17]"
17,[17]
17,"[0, 17]"
17,"[9, 15, 17]"
17,"[9, 15, 17]"
17,"[2, 10, 17]"
15,"[14, 15]"
17,"[0, 9, 17]"
0,"[0, 9, 17]"
0,"[0, 14, 17]"
17,[17]
0,"[0, 17]"
15,"[14, 15]"
17,"[3, 17]"
9,"[9, 15]"
17,[17]
16,"[14, 16]"
17,[17]
17,"[9, 17]"
10,"[6, 10]"
5,"[5, 17]"
17,"[3, 17]"
13,"[11, 13, 17]"
13,"[11, 13, 17]"
2,"[2, 10, 17]"
2,"[2, 10, 17]"
17,"[15, 17]"
17,[17]
4,"[1, 4, 17]"
17,[17]
17,[17]
17,"[15, 17]"
17,[17]
1,"[1, 10]"
17,"[10, 17]"
0,"[0, 14]"
17,"[15, 17]"
2,"[1, 2, 3, 6, 10]"
17,"[3, 10, 17]"
17,"[3, 10, 17]"
10,"[1, 3, 6, 10, 17]"
17,[17]
5,[5]
13,"[11, 13, 17]"
17,[17]
0,"[0, 17]"
0,"[0, 9, 15, 17]"
17,"[5, 17]"
16,"[11, 13, 16, 17]"
0,"[0, 15, 17]"
17,[17]
1,"[1, 17]"
17,"[1, 17]"
4,"[1, 4, 17]"
17,"[1, 4, 17]"
17,[17]
17,"[1, 17]"
17,[17]
17,"[9, 17]"
14,"[14, 17]"
17,"[1, 10, 17]"
17,[17]
17,[17]
15,"[9, 15, 17]"
17,"[5, 17]"
17,"[10, 17]"
13,"[11, 13, 16, 17]"
17,[17]
4,"[4, 17]"
17,"[1, 17]"
0,"[0, 17]"
17,[17]
15,"[0, 15, 17]"
0,"[0, 17]"
16,"[11, 14, 16]"
14,"[14, 15, 16, 17]"
17,"[3, 17]"
17,"[9, 17]"
17,[17]
14,"[14, 15]"
17,[17]
0,"[0, 17]"
3,"[3, 17]"
14,"[14, 17]"
3,"[3, 17]"
15,"[0, 4, 15, 17]"
17,"[4, 8, 17]"
17,"[4, 17]"
14,"[14, 15, 16, 17]"
17,"[10, 17]"
17,"[3, 17]"
17,[17]
17,[17]
17,[17]
16,[17]
17,[17]
17,[17]
17,[17]
15,"[0, 15, 17]"
17,[17]
4,"[1, 4, 17]"
17,[17]
17,"[15, 16, 17]"
0,"[0, 15, 17]"
17,[17]
17,"[2, 4, 17]"
5,"[5, 17]"
15,"[15, 17]"
17,[17]
0,"[0, 14, 17]"
2,"[2, 10]"
17,[17]
17,"[1, 17]"
17,"[10, 17]"
17,[17]
0,"[0, 9, 17]"
3,"[3, 17]"
10,"[10, 17]"
9,"[0, 9, 17]"
17,"[10, 17]"
3,"[3, 17]"
17,"[9, 17]"
5,"[5, 17]"
15,"[15, 17]"
16,"[11, 13, 14, 16, 17]"
17,"[3, 17]"
17,[17]
0,"[0, 14, 17]"
17,"[0, 5, 17]"
17,"[3, 17]"
1,"[1, 17]"
17,"[9, 17]"
17,"[3, 17]"
0,"[0, 17]"
17,"[3, 15, 17]"
6,"[0, 5, 6, 8, 17]"
6,"[5, 6]"
6,"[5, 6, 17]"
11,"[6, 11, 17]"
17,"[0, 11, 17]"
0,"[0, 17]"
2,"[2, 4, 17]"
5,"[5, 17]"
2,"[2, 4, 17]"
4,"[4, 17]"
11,"[4, 6, 11, 17]"
17,"[0, 5, 17]"
5,"[5, 17]"
5,"[4, 5, 17]"
0,"[0, 5, 17]"
2,"[2, 17]"
5,"[4, 5]"
17,"[11, 17]"
17,"[6, 17]"
6,"[6, 17]"
11,"[4, 6, 11, 17]"
2,"[2, 4, 17]"
2,"[2, 4, 17]"
17,"[5, 17]"
6,"[6, 17]"
5,"[5, 17]"
5,"[5, 8]"
11,"[11, 17]"
17,"[5, 17]"
17,"[5, 17]"
6,"[5, 6, 17]"
4,"[4, 17]"
11,"[4, 5, 6, 11]"
6,"[5, 6, 11, 17]"
2,"[2, 4, 17]"
4,"[4, 17]"
5,"[5, 17]"
17,"[6, 17]"
17,"[6, 17]"
2,"[2, 17]"
2,"[2, 4, 17]"
6,"[5, 6]"
4,"[4, 17]"
2,"[2, 4, 17]"
2,"[2, 17]"
17,"[6, 17]"
2,"[2, 4, 17]"
17,"[11, 17]"
6,[6]
6,"[6, 17]"
17,"[6, 17]"
6,"[6, 17]"
2,"[2, 4, 17]"
2,"[2, 4, 17]"
6,"[6, 17]"
6,[6]
8,"[8, 10, 17]"
17,"[6, 17]"
5,"[5, 17]"
2,"[2, 4, 17]"
6,"[6, 17]"
2,"[2, 17]"
8,[8]
2,"[2, 17]"
4,"[4, 17]"
17,"[5, 6, 17]"
2,"[2, 4, 17]"
5,"[4, 5, 17]"
0,"[0, 4, 17]"
8,"[5, 8]"
8,[8]
5,"[5, 17]"
0,"[0, 8, 17]"
8,"[8, 17]"
17,"[4, 17]"
6,"[6, 8, 17]"
2,"[2, 4, 17]"
0,"[0, 8, 17]"
2,"[2, 4, 17]"
2,"[2, 4, 17]"
4,"[2, 4, 17]"
17,[17]
2,"[2, 17]"
2,"[2, 4, 17]"
2,"[2, 4, 17]"
17,"[4, 17]"
2,"[2, 4, 5, 17]"
4,"[2, 4, 17]"
2,"[2, 5, 17]"
2,"[2, 5]"
2,"[2, 4, 17]"
2,"[2, 4, 17]"
2,"[2, 17]"
2,"[2, 5]"
2,"[2, 17]"
2,"[2, 17]"
17,"[2, 4, 17]"
4,"[2, 4]"
17,"[4, 17]"
2,"[2, 5, 17]"
2,"[2, 4, 17]"
2,"[2, 5, 17]"
2,"[2, 4]"
2,"[2, 5, 17]"
2,"[2, 5]"
2,"[2, 5, 17]"
17,"[2, 4, 17]"
2,"[2, 4, 17]"
2,"[2, 4, 17]"
4,"[4, 17]"
2,"[2, 4, 17]"
2,"[2, 17]"
2,"[2, 5]"
2,"[2, 17]"
4,[4]
2,"[2, 17]"
2,"[2, 5]"
17,"[9, 17]"
0,"[0, 9, 17]"
5,"[5, 17]"
17,[17]
0,"[0, 17]"
9,"[0, 9, 17]"
17,[17]
17,"[5, 17]"
17,[17]
0,"[0, 4, 17]"
17,[17]
17,[17]
17,[17]
17,[17]
17,[17]
17,[17]
17,[17]
17,[17]
17,"[5, 17]"
17,[17]
0,"[0, 17]"
17,"[0, 9, 17]"
17,"[0, 17]"
17,[17]
0,"[0, 17]"
0,"[0, 17]"
17,[17]
17,"[0, 17]"
17,[17]
17,[17]
17,[17]
17,[17]
5,[5]
17,"[9, 17]"
17,[17]
5,"[5, 17]"
17,"[5, 17]"
17,[17]
17,"[5, 17]"
17,[17]
17,[17]
17,[17]
17,"[5, 17]"
5,"[5, 17]"
17,"[5, 17]"
17,"[9, 17]"
0,"[0, 17]"
17,"[9, 17]"
17,[17]
0,"[0, 17]"
17,"[0, 17]"
17,"[0, 17]"
17,"[5, 17]"
0,"[0, 17]"
17,"[5, 17]"
17,"[5, 17]"
17,"[0, 17]"
0,"[0, 17]"
5,"[5, 17]"
0,"[0, 17]"
17,[17]
17,"[9, 17]"
17,[17]
17,"[0, 17]"
17,"[0, 9, 17]"
17,"[9, 17]"
0,"[0, 17]"
17,[17]
17,[17]
0,"[0, 9, 17]"
17,"[9, 17]"
9,"[0, 9, 17]"
17,[17]
0,"[0, 9, 17]"
17,[17]
0,"[0, 17]"
17,[17]
17,[17]
17,[17]
17,[17]
17,"[9, 17]"
17,[17]
17,[17]
17,[17]
17,"[5, 17]"
13,"[11, 16]"
16,[16]
17,[17]
13,"[11, 16]"
14,"[14, 17]"
13,"[6, 11, 13, 14, 17]"
17,"[14, 17]"
14,"[14, 17]"
13,"[11, 13, 14, 17]"
6,"[6, 17]"
17,"[14, 17]"
6,"[6, 17]"
6,"[6, 17]"
16,[14]
16,[17]
6,"[6, 17]"
14,[14]
17,"[14, 17]"
6,"[6, 11, 13, 17]"
17,"[14, 17]"
17,"[16, 17]"
17,"[14, 17]"
17,"[14, 17]"
17,"[14, 17]"
14,"[14, 16, 17]"
17,"[14, 17]"
17,"[14, 17]"
17,"[14, 17]"
14,"[14, 17]"
16,"[4, 14]"
17,[17]
17,[17]
13,"[11, 13, 17]"
17,[17]
2,[2]
4,"[2, 4]"
3,"[3, 17]"
17,[17]
3,[3]
2,"[2, 4, 17]"
2,"[2, 4, 17]"
17,"[2, 17]"
17,"[10, 17]"
2,"[2, 4, 17]"
2,"[2, 4, 5, 10]"
2,"[2, 17]"
3,"[5, 6, 17]"
2,"[2, 4, 6]"
17,"[2, 4, 17]"
17,[17]
17,"[4, 17]"
17,[17]
3,"[3, 6]"
17,"[4, 17]"
2,"[2, 4, 15, 17]"
17,"[4, 17]"
3,"[3, 4]"
2,"[2, 4]"
17,"[4, 17]"
2,"[2, 17]"
17,[17]
5,"[2, 5, 6, 17]"
17,"[4, 17]"
17,"[4, 17]"
17,"[2, 17]"
17,"[4, 17]"
4,"[4, 17]"
3,"[3, 4, 17]"
4,"[4, 17]"
2,"[2, 4, 17]"
2,"[2, 10, 17]"
17,[17]
4,"[4, 17]"
17,"[4, 17]"
2,[2]
17,"[4, 17]"
4,[4]
17,[17]
17,[17]
2,"[2, 4]"
17,"[2, 17]"
4,[4]
2,"[2, 4, 17]"
4,"[2, 4, 17]"
17,"[4, 17]"
17,"[2, 17]"
2,"[2, 17]"
17,"[4, 17]"
2,"[2, 17]"
3,[3]
2,"[2, 15]"
17,[17]
4,"[4, 17]"
2,"[2, 4]"
15,"[2, 15]"
15,"[15, 17]"
15,"[2, 15]"
2,"[2, 4]"
17,"[15, 17]"
2,[2]
2,[2]
17,"[4, 17]"
3,[3]
17,[17]
4,[4]
17,"[4, 17]"
5,"[2, 5]"
17,[17]
3,[3]
2,"[2, 4]"
4,[4]
17,"[6, 17]"
17,[17]
17,"[2, 17]"
4,"[2, 3, 4, 17]"
2,"[2, 4]"
17,"[5, 17]"
17,"[4, 17]"
4,"[2, 4, 17]"
2,"[2, 4, 10]"
2,"[2, 15]"
2,"[2, 15]"
17,"[4, 17]"
5,"[2, 5]"
17,"[5, 17]"
17,"[5, 10, 17]"
2,"[2, 5, 10, 17]"
2,"[2, 4, 17]"
2,"[2, 5, 10, 17]"
17,"[5, 10, 17]"
17,"[5, 10, 17]"
17,"[4, 17]"
17,"[5, 17]"
2,"[2, 4, 6]"
17,"[4, 17]"
2,"[2, 4]"
17,[17]
2,[2]
4,"[3, 4]"
17,[17]
17,[17]
2,[2]
4,"[3, 4]"
4,"[3, 4, 17]"
17,"[6, 17]"
15,"[2, 15, 17]"
17,[17]
17,"[6, 17]"
17,"[4, 17]"
17,"[4, 17]"
5,"[5, 17]"
2,[2]
2,"[2, 4]"
17,[17]
2,"[2, 17]"
2,"[2, 5, 17]"
2,"[2, 10, 17]"
3,[3]
17,"[10, 17]"
17,[17]
2,"[2, 17]"
17,"[4, 17]"
4,"[4, 17]"
17,"[5, 10, 17]"
17,"[5, 10, 17]"
15,[15]
4,"[3, 4]"
2,[2]
17,"[1, 17]"
17,"[1, 2, 17]"
11,"[2, 6, 11, 17]"
2,"[2, 6, 10, 11]"
11,"[1, 6, 11, 17]"
17,"[6, 10, 17]"
17,"[1, 4, 17]"
2,"[1, 2, 3, 11]"
17,"[1, 2, 3, 11, 17]"
2,"[2, 8, 10, 17]"
1,"[1, 17]"
1,"[1, 4, 17]"
17,[17]
17,"[1, 17]"
17,"[10, 17]"
17,"[1, 17]"
17,"[10, 17]"
17,"[1, 2, 17]"
2,"[2, 10, 17]"
2,"[2, 17]"
17,"[4, 8, 17]"
17,"[1, 17]"
17,"[8, 17]"
11,"[2, 11]"
2,"[2, 4, 8, 17]"
17,"[1, 17]"
17,[17]
17,[17]
17,"[4, 11, 17]"
17,"[1, 17]"
17,"[10, 17]"
17,[17]
17,"[1, 17]"
1,"[1, 17]"
1,"[1, 17]"
17,"[10, 17]"
2,"[2, 17]"
17,[17]
17,[17]
17,"[10, 17]"
17,"[11, 17]"
17,"[8, 17]"
17,[17]
17,[17]
2,"[1, 2, 6]"
10,"[2, 5, 10, 17]"
17,"[1, 17]"
17,"[10, 17]"
10,"[2, 10]"
17,[17]
17,[17]
10,"[2, 4]"
1,[1]
2,"[2, 10]"
17,"[11, 17]"
11,"[6, 11, 17]"
17,"[1, 10, 17]"
17,[17]
2,"[3, 4, 11, 17]"
17,"[2, 17]"
17,[]
17,[17]
17,"[2, 4, 17]"
17,"[2, 4, 8, 11, 17]"
17,"[1, 4, 17]"
17,"[1, 2, 11, 17]"
10,"[10, 17]"
17,"[11, 17]"
17,"[10, 17]"
17,"[1, 17]"
11,"[11, 17]"
17,[17]
2,"[2, 4]"
2,"[2, 17]"
10,[4]
2,"[2, 4]"
7,"[2, 5, 17]"
7,"[2, 7, 17]"
2,"[2, 5, 10, 17]"
17,"[2, 5, 10, 17]"
17,"[2, 5, 10, 17]"
5,"[5, 10, 17]"
17,"[10, 17]"
17,"[5, 17]"
17,"[10, 17]"
17,"[10, 17]"
17,"[5, 17]"
17,[17]
2,"[2, 10]"
17,[10]
2,"[2, 17]"
7,"[2, 7, 10, 17]"
17,"[10, 17]"
17,"[10, 17]"
17,"[10, 17]"
17,"[10, 17]"
2,"[2, 17]"
10,"[2, 10, 17]"
17,"[10, 17]"
17,"[2, 17]"
2,"[2, 17]"
2,"[2, 17]"
2,"[2, 10]"
17,[17]
17,"[9, 17]"
17,"[10, 17]"
17,"[10, 17]"
2,[2]
17,[17]
17,[17]
17,"[4, 17]"
2,"[2, 10]"
2,"[2, 17]"
17,"[5, 17]"
17,"[10, 17]"
17,"[5, 17]"
7,"[2, 7, 17]"
17,"[10, 17]"
17,[17]
2,"[2, 7, 10, 17]"
7,"[2, 10, 17]"
2,"[2, 10, 17]"
5,"[5, 6, 17]"
10,"[9, 10]"
17,"[10, 17]"
17,"[4, 17]"
2,"[2, 10]"
5,"[5, 10]"
10,"[5, 10]"
17,"[10, 17]"
17,"[4, 17]"
17,"[10, 17]"
17,"[10, 17]"
2,"[2, 17]"
17,"[10, 17]"
2,"[0, 2, 17]"
17,"[2, 17]"
10,"[5, 10, 17]"
17,"[2, 17]"
17,"[10, 17]"
10,"[10, 17]"
5,"[0, 5, 10, 17]"
17,"[2, 17]"
10,"[6, 10, 17]"
2,"[2, 10]"
17,"[10, 17]"
5,"[4, 5, 10, 17]"
10,"[2, 10, 17]"
17,"[10, 17]"
2,[2]
10,"[10, 17]"
17,"[2, 17]"
17,[17]
17,"[5, 17]"
17,[17]
17,"[9, 17]"
17,[17]
17,[17]
17,"[0, 17]"
0,"[0, 10, 17]"
0,"[0, 17]"
17,[17]
0,"[0, 10, 17]"
17,[17]
0,"[0, 17]"
17,[17]
0,"[0, 9, 17]"
9,"[0, 9, 17]"
0,"[0, 17]"
17,[17]
9,"[9, 17]"
17,"[9, 17]"
0,"[0, 17]"
17,[17]
17,[17]
17,[17]
9,"[0, 9, 17]"
9,"[9, 17]"
17,"[9, 17]"
17,"[0, 17]"
0,"[0, 9, 17]"
17,[17]
17,[17]
17,[17]
9,"[0, 9, 17]"
17,[17]
17,[17]
17,[17]
17,[17]
10,"[6, 10, 17]"
17,"[1, 2, 6, 10]"
17,"[1, 6, 10, 17]"
17,"[1, 6, 10, 17]"
17,[17]
17,[17]
10,"[1, 10, 17]"
17,[17]
17,[17]
2,"[2, 10]"
17,[17]
10,"[6, 10, 17]"
17,[17]
17,[17]
1,"[1, 10]"
17,[17]
5,"[1, 5, 17]"
1,"[0, 1, 2, 17]"
17,"[1, 5, 17]"
5,"[0, 1, 5, 17]"
17,[17]
17,[17]
17,"[10, 17]"
17,[17]
17,"[6, 17]"
17,[17]
17,"[1, 17]"
2,"[2, 10]"
17,[17]
1,"[1, 10]"
1,"[1, 17]"
17,[17]
17,[17]
17,[17]
10,"[2, 10, 17]"
17,"[1, 17]"
2,"[2, 10]"
17,"[10, 17]"
17,"[10, 17]"
17,"[1, 10, 17]"
17,"[2, 10, 17]"
2,"[1, 2, 10, 17]"
2,"[1, 2, 17]"
5,"[0, 1, 5, 17]"
10,"[1, 10]"
17,[17]
17,"[1, 17]"
17,[17]
1,"[1, 10]"
17,[17]
17,"[5, 17]"
2,"[2, 10]"
2,"[2, 10]"
2,"[2, 10, 17]"
5,"[1, 5]"
10,"[1, 10]"
17,[17]
17,[17]
17,[17]
17,"[10, 17]"
17,"[6, 17]"
1,"[1, 17]"
17,[17]
17,"[10, 17]"
2,"[2, 10]"
17,[17]
17,[17]
1,"[1, 17]"
17,[17]
17,[17]
10,"[2, 10, 17]"
17,[17]
2,"[2, 10]"
17,[17]
1,"[1, 17]"
17,[17]
10,"[2, 10, 17]"
17,"[1, 17]"
10,"[1, 2, 10]"
5,"[1, 5, 17]"
10,"[6, 10]"
17,"[10, 17]"
1,"[1, 17]"
1,"[1, 10, 17]"
17,[17]
17,[17]
17,"[4, 17]"
3,"[3, 5, 17]"
17,"[5, 17]"
17,"[4, 17]"
17,"[3, 15, 17]"
17,[17]
17,[17]
17,"[5, 17]"
0,"[0, 17]"
17,"[5, 17]"
0,"[0, 17]"
17,"[4, 17]"
17,"[0, 17]"
17,"[5, 17]"
17,"[4, 5, 17]"
17,"[5, 17]"
3,"[3, 17]"
17,"[4, 17]"
17,"[4, 9, 17]"
0,"[0, 17]"
17,"[4, 17]"
17,"[4, 9, 17]"
5,"[3, 5, 17]"
17,[17]
0,"[0, 17]"
0,"[0, 17]"
17,"[0, 17]"
17,[17]
15,"[9, 15, 17]"
17,"[5, 17]"
4,"[4, 5, 17]"
0,"[0, 5, 15, 17]"
4,"[4, 5, 17]"
17,[17]
3,"[3, 17]"
15,"[9, 15]"
15,"[0, 15, 17]"
3,"[3, 17]"
15,"[9, 15, 17]"
0,"[0, 17]"
3,"[3, 17]"
17,[17]
17,[17]
5,"[3, 5]"
0,"[0, 15, 17]"
17,[5]
4,"[4, 17]"
17,"[4, 17]"
15,[15]
17,[17]
0,"[0, 17]"
0,"[0, 17]"
5,"[1, 3, 5]"
17,"[0, 17]"
0,"[0, 4, 17]"
4,"[2, 4, 5, 17]"
0,"[0, 15, 17]"
17,"[3, 15, 17]"
17,"[15, 17]"
17,"[4, 17]"
17,"[4, 17]"
17,"[3, 17]"
17,[17]
17,"[4, 17]"
17,"[4, 17]"
17,"[15, 17]"
4,"[4, 17]"
5,"[3, 5]"
0,"[0, 17]"
17,"[4, 17]"
17,"[3, 17]"
17,"[0, 17]"
17,[17]
17,[17]
0,"[0, 17]"
5,"[3, 5]"
17,[17]
17,"[14, 17]"
15,"[14, 15]"
14,[14]
17,"[14, 17]"
17,"[14, 17]"
14,"[14, 17]"
15,"[14, 15, 17]"
17,"[14, 17]"
17,"[14, 17]"
17,"[14, 17]"
17,"[14, 17]"
14,"[14, 17]"
15,"[14, 15]"
17,"[14, 17]"
17,[17]
17,[17]
15,"[15, 17]"
14,"[14, 17]"
17,[17]
17,[17]
17,"[14, 17]"
14,"[14, 17]"
17,"[14, 17]"
15,"[15, 17]"
17,"[14, 17]"
17,"[14, 17]"
17,"[14, 17]"
17,"[15, 17]"
17,"[15, 17]"
17,"[14, 17]"
17,[17]
17,[17]
17,"[5, 17]"
17,"[15, 17]"
2,[2]
2,[2]
2,"[2, 17]"
2,"[2, 17]"
2,[2]
2,"[2, 17]"
4,"[2, 4]"
2,[3]
4,"[2, 3, 4]"
4,"[2, 3, 4]"
2,"[2, 3, 4]"
2,"[2, 4]"
2,"[2, 4]"
2,"[2, 4]"
2,"[2, 3, 17]"
4,"[2, 4, 17]"
2,"[2, 3, 4]"
4,"[4, 17]"
10,"[10, 17]"
2,"[2, 10]"
0,"[0, 10, 17]"
17,[17]
0,"[0, 17]"
2,"[2, 10]"
10,[10]
0,"[0, 10, 17]"
0,"[0, 2, 17]"
2,"[2, 10]"
2,[2]
17,[17]
17,"[4, 17]"
17,[17]
2,"[0, 2, 17]"
0,"[0, 17]"
0,"[0, 10, 17]"
17,"[10, 17]"
0,"[0, 10, 17]"
2,"[2, 17]"
2,"[2, 10, 17]"
0,"[0, 10, 17]"
17,[17]
0,"[0, 17]"
17,"[10, 17]"
17,"[2, 17]"
17,[17]
0,"[0, 17]"
2,"[2, 17]"
2,"[2, 17]"
2,"[2, 4]"
0,"[0, 17]"
10,[10]
2,"[2, 10]"
17,"[4, 17]"
10,[10]
10,[10]
17,[17]
17,"[10, 17]"
10,[10]
17,"[10, 17]"
4,"[2, 4, 17]"
0,"[0, 5, 17]"
2,"[0, 2, 17]"
2,"[2, 4]"
0,"[0, 17]"
10,"[10, 17]"
2,"[2, 4, 17]"
17,"[10, 17]"
17,"[10, 17]"
10,"[2, 10, 17]"
0,"[0, 5, 17]"
17,"[4, 17]"
0,"[0, 4, 17]"
4,"[2, 4]"
4,"[2, 4]"
0,"[0, 5, 17]"
0,"[0, 2, 4, 17]"
0,"[0, 2, 17]"
0,"[0, 5, 17]"
17,"[2, 17]"
0,"[0, 2, 17]"
2,"[2, 10, 17]"
0,"[0, 4, 17]"
4,"[2, 4, 17]"
17,"[2, 4, 17]"
17,"[0, 2, 4, 17]"
2,"[0, 2, 4, 17]"
17,"[10, 17]"
0,"[0, 5, 10, 17]"
17,"[10, 17]"
2,"[2, 5, 10]"
0,"[0, 17]"
17,[17]
2,[2]
10,"[0, 10, 17]"
0,"[0, 17]"
17,"[10, 17]"
10,"[10, 17]"
4,"[2, 4]"
2,"[2, 17]"
2,"[2, 4]"
17,[17]
17,[17]
0,"[0, 5, 17]"
0,"[0, 10, 17]"
17,"[4, 17]"
17,"[5, 6, 17]"
17,"[0, 4, 17]"
2,"[0, 2, 17]"
17,"[0, 4, 17]"
17,"[2, 4, 17]"
5,"[4, 5, 17]"
17,"[4, 5, 17]"
17,"[4, 17]"
0,"[0, 2, 17]"
17,"[4, 17]"
17,"[4, 17]"
5,"[4, 5, 17]"
17,"[4, 17]"
2,"[2, 4, 17]"
0,"[4, 17]"
2,"[2, 17]"
17,"[4, 17]"
2,"[2, 17]"
0,"[4, 17]"
0,"[0, 2, 4, 5, 17]"
5,"[4, 5, 17]"
0,"[0, 2, 5, 17]"
5,"[4, 5, 17]"
17,"[4, 5, 6, 17]"
2,"[2, 4, 17]"
17,"[2, 4, 17]"
17,"[4, 17]"
5,"[5, 17]"
17,"[4, 17]"
5,"[5, 14, 17]"
14,"[14, 17]"
17,"[14, 17]"
14,"[14, 17]"
13,[17]
17,"[14, 17]"
5,"[5, 14, 17]"
16,"[16, 17]"
17,"[4, 14, 15, 17]"
15,"[14, 15, 17]"
17,"[8, 17]"
13,"[11, 13, 14, 16, 17]"
17,"[9, 17]"
17,"[9, 15, 17]"
17,"[14, 17]"
17,"[14, 17]"
5,"[5, 14, 17]"
17,"[5, 17]"
0,"[0, 5, 17]"
0,"[0, 14, 17]"
17,"[16, 17]"
0,"[0, 17]"
13,"[11, 13, 14, 17]"
16,"[11, 13, 16, 17]"
15,"[0, 15, 17]"
14,"[11, 13, 14, 17]"
15,"[14, 15]"
5,"[5, 14, 16]"
17,"[0, 15, 17]"
0,"[0, 5, 15, 17]"
17,"[14, 16, 17]"
17,"[16, 17]"
16,"[14, 16]"
13,"[11, 13, 17]"
17,"[5, 17]"
17,[17]
17,"[14, 17]"
17,"[8, 11, 17]"
17,"[5, 14, 15, 17]"
15,"[5, 14, 15, 17]"
17,"[5, 11, 14, 16, 17]"
17,"[14, 17]"
17,"[2, 4]"
15,"[15, 17]"
17,[17]
17,"[15, 17]"
14,"[14, 17]"
17,[17]
17,"[15, 17]"
17,[17]
5,"[5, 14]"
14,"[14, 17]"
17,"[14, 16, 17]"
17,"[14, 17]"
16,"[14, 16, 17]"
17,"[14, 17]"
16,"[11, 13, 14, 16, 17]"
17,"[0, 17]"
17,[17]
17,"[9, 17]"
9,"[9, 17]"
0,"[0, 17]"
0,"[0, 17]"
0,"[0, 4, 17]"
17,"[0, 17]"
17,"[0, 17]"
17,"[0, 17]"
17,[17]
9,"[9, 17]"
0,"[0, 4, 17]"
2,"[2, 4, 17]"
17,"[15, 17]"
17,[17]
17,[17]
17,[17]
15,"[9, 15]"
17,[17]
2,"[2, 4, 17]"
17,"[9, 17]"
17,[17]
15,"[15, 17]"
0,"[0, 17]"
9,"[0, 9, 17]"
17,[17]
17,[17]
4,"[2, 4]"
17,"[9, 17]"
17,"[0, 17]"
4,"[4, 17]"
17,"[9, 17]"
2,"[2, 4, 17]"
17,[17]
17,"[9, 17]"
17,"[0, 17]"
0,"[0, 15, 17]"
17,"[0, 17]"
17,"[15, 17]"
2,"[0, 2, 4, 17]"
17,[17]
17,[17]
17,[17]
17,[17]
17,[17]
2,"[2, 4, 17]"
2,"[2, 4, 15, 17]"
2,"[2, 17]"
0,"[0, 15, 17]"
0,"[0, 17]"
2,"[2, 4, 17]"
17,"[0, 17]"
9,"[9, 17]"
15,"[9, 15, 17]"
17,[17]
17,"[5, 17]"
15,"[15, 17]"
17,"[5, 17]"
17,"[8, 9, 17]"
17,"[9, 17]"
4,"[4, 17]"
17,[17]
17,"[0, 17]"
17,"[0, 17]"
17,[17]
17,[17]
4,"[4, 17]"
17,[17]
17,[17]
2,"[2, 4, 15, 17]"
2,"[2, 4, 15, 17]"
17,"[4, 17]"
17,"[9, 17]"
17,"[9, 17]"
17,"[15, 17]"
15,"[15, 17]"
17,"[9, 17]"
9,"[9, 17]"
0,"[0, 17]"
17,[17]
4,"[2, 4, 17]"
17,"[0, 9, 17]"
0,"[0, 17]"
4,"[2, 4, 17]"
5,"[5, 17]"
4,"[2, 4]"
2,[2]
5,"[2, 5]"
2,"[2, 4, 17]"
2,"[2, 4, 17]"
4,"[2, 4]"
2,"[2, 4, 17]"
4,"[2, 4, 17]"
2,"[2, 4, 17]"
2,"[2, 4, 5, 17]"
2,[2]
5,"[5, 17]"
5,"[5, 17]"
2,"[2, 4]"
2,[2]
2,[2]
2,[2]
4,[4]
4,"[2, 4, 17]"
2,"[2, 4, 17]"
2,"[2, 4, 17]"
5,"[5, 17]"
4,"[4, 17]"
4,"[2, 4]"
4,"[2, 4]"
2,[2]
5,[5]
2,[2]
2,[2]
5,"[5, 17]"
4,"[4, 17]"
5,"[5, 17]"
2,"[2, 4, 17]"
2,"[2, 4, 17]"
5,[5]
5,"[2, 4, 5, 17]"
2,[2]
17,"[14, 17]"
17,[17]
17,[17]
13,"[11, 13, 15, 16, 17]"
0,"[0, 15, 17]"
16,"[14, 16, 17]"
17,[17]
16,"[14, 15, 16, 17]"
0,"[0, 15, 17]"
17,"[14, 17]"
17,"[14, 17]"
0,"[0, 16, 17]"
15,"[0, 15, 17]"
17,[17]
14,"[14, 17]"
17,[17]
0,"[0, 16, 17]"
16,"[16, 17]"
15,"[15, 16]"
0,"[0, 15, 17]"
15,"[0, 11, 13, 15, 17]"
0,"[0, 15, 17]"
13,"[11, 13, 15, 17]"
17,"[15, 17]"
17,[17]
15,"[15, 16]"
13,"[11, 13, 17]"
14,[14]
13,"[11, 13, 17]"
17,[17]
17,"[14, 17]"
17,"[14, 17]"
15,[15]
17,"[14, 17]"
14,"[14, 16]"
0,"[0, 15, 17]"
14,"[14, 16]"
14,"[14, 17]"
17,[17]
16,"[16, 17]"
0,"[0, 15, 16, 17]"
0,"[0, 11, 17]"
13,"[11, 13, 16, 17]"
0,"[0, 11, 13, 15, 17]"
16,"[0, 11, 13, 16, 17]"
17,[17]
0,"[0, 17]"
17,[17]
17,[17]
17,[17]
17,[17]
17,[17]
17,[17]
17,[17]
17,[17]
0,"[0, 9, 17]"
17,[17]
17,"[9, 17]"
0,"[0, 9, 17]"
0,"[0, 9, 17]"
0,"[0, 9, 17]"
9,"[0, 9, 17]"
9,"[0, 9, 17]"
0,"[0, 17]"
17,[17]
17,[17]
0,"[0, 17]"
17,[17]
17,[17]
17,[17]
17,[17]
17,[17]
9,"[0, 9, 17]"
17,[17]
17,[17]
17,[17]
17,[17]
0,"[0, 9, 17]"
17,[17]
17,[17]
17,[17]
17,[17]
17,[17]
17,[17]
9,"[0, 9, 17]"
9,[9]
0,"[0, 9, 17]"
17,[17]
5,[5]
5,[5]
6,"[6, 17]"
5,"[5, 17]"
5,[5]
5,"[5, 17]"
17,[17]
5,"[5, 17]"
17,"[5, 17]"
6,"[6, 11]"
5,"[5, 17]"
17,"[5, 17]"
6,"[6, 11, 17]"
5,"[5, 17]"
5,"[5, 17]"
17,[17]
17,"[5, 17]"
17,[17]
17,[17]
17,[17]
5,"[5, 17]"
5,"[5, 17]"
5,"[5, 17]"
5,"[5, 17]"
17,"[5, 17]"
5,"[5, 17]"
5,"[5, 17]"
6,"[6, 17]"
6,"[6, 17]"
2,"[2, 17]"
2,[2]
2,"[2, 17]"
5,"[5, 17]"
2,"[2, 17]"
4,"[4, 17]"
2,[2]
2,[5]
2,[2]
5,"[5, 17]"
2,[2]
2,[2]
4,"[2, 4]"
4,"[2, 4]"
2,"[2, 4]"
4,"[2, 4]"
17,"[2, 5, 17]"
5,"[5, 17]"
17,"[5, 17]"
17,[17]
2,[2]
17,"[2, 17]"
2,"[2, 17]"
2,"[2, 4]"
5,"[5, 17]"
2,"[2, 4]"
2,"[2, 5]"
2,[2]
5,"[2, 5, 17]"
2,"[2, 4, 17]"
4,"[2, 4, 17]"
2,"[2, 5, 17]"
2,"[2, 5]"
2,[2]
2,"[2, 17]"
17,"[5, 17]"
2,[2]
2,[2]
2,[2]
2,"[2, 4]"
2,"[2, 4]"
2,"[2, 4, 17]"
2,"[2, 4, 17]"
2,[2]
4,"[2, 4]"
2,"[2, 4]"
2,"[2, 4]"
4,"[4, 17]"
4,"[2, 4]"
2,[2]
4,"[2, 4]"
4,"[2, 4, 17]"
4,"[2, 4, 17]"
2,"[2, 4, 17]"
2,"[2, 4, 17]"
2,"[2, 4]"
2,"[2, 4, 17]"
4,"[2, 4, 17]"
4,"[2, 4, 17]"
4,[4]
2,"[2, 17]"
2,"[2, 17]"
2,"[2, 4, 17]"
2,"[2, 17]"
4,"[4, 17]"
4,"[2, 4]"
2,"[2, 4]"
2,"[2, 4]"
2,"[2, 4]"
2,"[2, 17]"
4,"[2, 4, 17]"
4,"[2, 4, 17]"
2,"[2, 17]"
4,"[4, 17]"
4,"[2, 4]"
4,"[4, 17]"
2,"[2, 4, 17]"
4,"[2, 4, 17]"
2,"[2, 4]"
2,"[2, 4]"
2,"[2, 4, 17]"
2,"[2, 4]"
2,"[2, 17]"
2,"[2, 4]"
2,"[2, 4]"
4,"[2, 4, 17]"
2,"[2, 4]"
2,"[2, 4]"
2,"[2, 4]"
2,"[2, 4]"
2,"[2, 4]"
4,"[2, 4, 17]"
4,"[2, 4]"
2,"[2, 4, 17]"
2,"[2, 4, 17]"
2,"[2, 4]"
2,"[2, 4]"
14,"[5, 14]"
17,[17]
15,[15]
17,[17]
17,"[14, 17]"
0,[]
5,"[5, 17]"
8,"[5, 8]"
17,"[14, 17]"
17,[17]
17,"[14, 17]"
17,"[14, 17]"
5,"[5, 17]"
17,"[5, 17]"
14,"[14, 17]"
17,[17]
17,[17]
17,"[14, 17]"
8,"[5, 8, 17]"
17,[17]
17,[17]
17,"[5, 17]"
17,[17]
17,"[5, 17]"
5,[5]
0,"[0, 5, 14, 17]"
17,"[5, 17]"
8,"[5, 8]"
5,"[5, 14, 17]"
5,"[5, 17]"
17,[17]
17,[17]
17,"[5, 14, 17]"
15,"[15, 17]"
17,"[14, 17]"
17,"[14, 17]"
0,"[0, 5, 17]"
17,"[5, 17]"
17,"[0, 17]"
15,"[0, 5, 15, 17]"
0,"[0, 5, 17]"
15,"[0, 15, 17]"
17,"[15, 17]"
17,[17]
5,"[5, 17]"
17,"[14, 17]"
14,[14]
17,[17]
5,"[5, 8]"
17,"[14, 17]"
17,"[14, 17]"
8,"[5, 8, 17]"
14,"[0, 14, 17]"
14,"[14, 17]"
15,"[9, 14, 15]"
17,"[5, 17]"
8,"[5, 8, 17]"
5,"[5, 17]"
0,"[0, 15, 17]"
17,[17]
17,[17]
4,"[4, 17]"
4,"[4, 17]"
4,"[4, 17]"
2,"[2, 3]"
2,"[2, 3, 17]"
4,"[4, 17]"
4,"[4, 17]"
4,"[2, 4, 17]"
4,"[2, 3, 4, 17]"
2,"[2, 3]"
2,"[2, 3]"
2,"[2, 3, 4]"
4,"[2, 3, 4]"
4,"[2, 3, 4]"
2,"[2, 3, 17]"
4,"[4, 17]"
4,"[2, 3, 4, 17]"
2,"[2, 3, 4]"
4,"[2, 4, 17]"
4,"[4, 17]"
2,"[2, 3, 4, 17]"
4,"[4, 17]"
4,"[4, 17]"
2,"[2, 3, 4, 17]"
0,"[0, 2, 10, 17]"
10,"[10, 17]"
7,"[7, 17]"
17,[17]
2,"[2, 7, 17]"
17,"[4, 17]"
10,"[4, 17]"
17,[17]
17,"[7, 17]"
17,[17]
0,"[0, 10, 17]"
17,[17]
17,"[10, 17]"
17,"[5, 17]"
17,"[2, 4, 10, 17]"
17,"[5, 17]"
2,"[2, 17]"
10,"[2, 10, 17]"
17,"[5, 17]"
5,"[5, 10, 17]"
17,"[2, 10, 17]"
17,"[10, 17]"
2,"[2, 10, 17]"
5,[5]
5,"[5, 17]"
17,"[2, 17]"
17,[17]
2,"[2, 17]"
0,"[0, 10, 17]"
17,"[0, 17]"
10,"[2, 10]"
0,"[0, 17]"
2,"[2, 10]"
10,"[10, 17]"
17,"[10, 17]"
17,[17]
17,"[0, 17]"
17,"[2, 17]"
7,"[5, 17]"
17,"[10, 17]"
17,"[10, 17]"
17,"[5, 17]"
17,"[10, 17]"
0,"[0, 2, 17]"
0,"[0, 2, 17]"
17,"[2, 17]"
17,[17]
17,[17]
2,"[2, 17]"
7,"[7, 17]"
2,"[2, 17]"
0,"[0, 17]"
17,"[2, 17]"
5,"[5, 7, 17]"
17,"[10, 17]"
17,"[2, 17]"
17,"[0, 17]"
17,[17]
17,"[2, 4, 7, 17]"
17,"[5, 17]"
7,[17]
2,"[2, 17]"
17,"[2, 17]"
17,[17]
10,"[2, 10]"
0,"[0, 10, 17]"
17,"[4, 17]"
0,"[0, 2, 4, 17]"
17,"[4, 5, 17]"
0,"[0, 4, 17]"
0,"[0, 2, 4, 17]"
17,"[10, 17]"
2,[2]
2,"[2, 10]"
0,"[0, 2, 10, 17]"
5,[5]
17,"[5, 17]"
17,[17]
10,[10]
2,"[2, 10, 17]"
7,"[7, 17]"
17,"[2, 10, 17]"
0,"[0, 17]"
2,"[0, 2, 10, 17]"
17,"[2, 10, 17]"
0,"[0, 17]"
17,[17]
17,"[2, 17]"
10,"[2, 10, 17]"
2,"[2, 17]"
17,"[2, 17]"
17,[17]
2,"[2, 17]"
17,"[10, 17]"
2,[2]
17,"[5, 17]"
10,"[10, 17]"
2,"[2, 17]"
17,"[6, 17]"
17,"[2, 17]"
17,[17]
17,[17]
17,"[1, 17]"
17,[17]
1,"[1, 17]"
17,"[10, 17]"
17,"[10, 17]"
17,[17]
17,[17]
1,"[1, 17]"
17,"[10, 17]"
17,"[1, 2, 10, 17]"
5,"[5, 17]"
1,"[1, 6, 17]"
5,"[5, 17]"
17,"[10, 17]"
17,[17]
17,[17]
17,[17]
17,"[1, 5, 17]"
17,[17]
17,"[1, 17]"
2,"[2, 10, 17]"
17,"[1, 17]"
5,"[1, 5]"
17,[17]
17,[17]
2,"[2, 10, 17]"
1,"[1, 2, 10, 17]"
1,"[1, 5, 17]"
17,"[1, 10, 17]"
17,"[6, 10, 17]"
17,"[1, 17]"
17,[17]
17,[17]
17,[17]
17,"[10, 17]"
2,"[2, 10]"
10,"[1, 10]"
1,"[1, 10]"
1,"[1, 10, 17]"
17,"[6, 10, 17]"
5,"[5, 17]"
10,"[6, 10]"
5,"[5, 17]"
17,"[1, 17]"
10,"[2, 10]"
1,"[0, 1, 17]"
1,"[0, 1, 17]"
17,[17]
2,"[2, 10, 17]"
17,"[10, 17]"
2,"[2, 10, 17]"
17,[17]
17,[17]
17,[17]
17,"[1, 17]"
17,"[4, 17]"
2,"[2, 4]"
10,"[10, 17]"
17,"[1, 17]"
17,[17]
17,"[10, 17]"
17,[17]
10,"[10, 17]"
10,"[10, 17]"
1,"[1, 17]"
17,"[1, 17]"
17,"[3, 17]"
3,"[3, 17]"
17,[17]
8,"[8, 17]"
17,[17]
3,"[3, 4]"
17,[17]
17,"[3, 17]"
17,"[0, 17]"
5,"[5, 8]"
17,"[3, 17]"
4,"[3, 4]"
17,"[3, 17]"
17,[17]
5,"[3, 5, 8]"
4,"[3, 4, 17]"
17,[17]
8,"[0, 8, 17]"
17,"[3, 9, 17]"
17,"[3, 17]"
3,"[3, 4, 17]"
17,"[3, 17]"
17,"[10, 17]"
5,"[0, 5, 17]"
17,"[3, 17]"
4,"[2, 3, 4, 17]"
17,"[3, 4, 17]"
4,"[3, 4, 17]"
17,[17]
17,"[3, 17]"
17,"[3, 17]"
17,"[3, 17]"
17,"[3, 17]"
17,"[3, 17]"
4,"[3, 4]"
17,"[3, 17]"
17,[17]
17,"[3, 17]"
17,"[1, 17]"
3,"[3, 9]"
8,"[3, 8, 17]"
17,"[3, 4, 17]"
17,"[3, 17]"
17,"[3, 17]"
17,"[3, 17]"
17,"[3, 17]"
17,[17]
5,"[5, 8]"
17,"[0, 17]"
4,"[3, 4]"
5,"[3, 5]"
17,[17]
17,"[3, 17]"
8,"[5, 8]"
17,"[3, 17]"
17,"[3, 17]"
17,"[3, 17]"
17,"[3, 17]"
4,"[1, 4]"
17,[17]
17,"[3, 17]"
17,[17]
4,"[3, 4]"
4,"[3, 4]"
17,"[10, 17]"
17,[17]
17,"[3, 17]"
3,"[3, 4]"
8,"[8, 17]"
6,"[4, 5, 17]"
2,"[2, 4]"
4,"[2, 4]"
6,"[5, 6, 17]"
17,[17]
4,"[4, 17]"
6,"[4, 6]"
5,"[2, 6]"
2,"[2, 4]"
4,"[4, 6]"
17,"[4, 5, 17]"
4,"[2, 4, 17]"
4,"[4, 17]"
17,"[4, 5, 17]"
4,"[2, 4, 17]"
4,"[2, 4]"
6,"[6, 17]"
2,"[2, 4]"
6,"[5, 6]"
5,"[2, 5]"
17,[17]
6,"[4, 6, 17]"
5,"[2, 5, 17]"
2,"[2, 4]"
5,"[2, 5, 17]"
17,[17]
2,"[2, 4]"
17,"[2, 17]"
6,"[6, 17]"
2,"[2, 4]"
17,[17]
6,"[6, 17]"
17,[17]
17,[17]
4,"[2, 4]"
17,[17]
5,"[3, 5, 17]"
17,[17]
6,"[6, 17]"
2,"[3, 17]"
6,"[6, 17]"
4,"[4, 17]"
2,"[2, 4]"
6,"[6, 17]"
4,"[4, 17]"
17,[17]
6,"[6, 17]"
6,"[6, 17]"
17,"[2, 4, 17]"
17,[17]
6,"[6, 17]"
17,[17]
2,"[2, 4]"
2,"[2, 4, 17]"
5,"[5, 17]"
2,"[2, 17]"
5,"[5, 17]"
2,[2]
2,[2]
17,"[4, 17]"
4,"[2, 4]"
2,[2]
2,[2]
17,"[4, 17]"
2,"[2, 17]"
17,[17]
2,"[2, 4]"
2,"[2, 5]"
2,"[2, 5, 17]"
2,"[2, 4]"
2,"[2, 4, 17]"
5,[5]
2,"[2, 4]"
17,[17]
4,"[4, 17]"
2,"[2, 17]"
2,"[2, 4, 17]"
5,"[5, 17]"
2,"[2, 17]"
5,"[4, 5, 17]"
2,"[2, 4, 17]"
4,[4]
17,[17]
17,[17]
2,"[2, 4, 17]"
2,"[2, 17]"
2,"[2, 4]"
4,[4]
17,[17]
2,"[2, 4, 17]"
2,"[2, 4, 17]"
2,"[2, 4, 17]"
4,"[2, 4, 17]"
2,"[2, 4, 17]"
2,"[2, 4]"
2,"[2, 3, 4, 17]"
2,"[2, 4]"
17,[17]
4,"[2, 4]"
2,"[2, 4]"
4,"[2, 4]"
17,[17]
3,"[3, 4]"
4,"[2, 4]"
2,"[2, 4]"
2,[2]
2,"[4, 17]"
2,"[2, 4, 17]"
17,"[8, 17]"
2,"[2, 4]"
3,"[2, 3, 4]"
4,"[4, 17]"
3,"[3, 4, 17]"
2,"[2, 3, 4, 8, 17]"
17,"[8, 17]"
3,"[3, 8, 17]"
2,"[2, 4]"
2,"[2, 4]"
2,"[2, 8, 17]"
2,"[2, 4]"
2,[4]
4,"[2, 4]"
2,"[2, 4, 17]"
2,[2]
2,"[2, 4]"
4,"[2, 4, 17]"
2,"[2, 4, 17]"
4,[4]
2,"[2, 3, 4]"
2,"[2, 4, 8, 17]"
4,"[2, 4, 17]"
4,"[2, 4]"
4,[4]
2,"[2, 4]"
4,"[2, 4, 17]"
2,"[2, 4]"
2,"[2, 4]"
4,"[2, 4, 17]"
2,"[2, 4, 17]"
2,"[2, 4, 17]"
2,"[2, 4]"
4,"[2, 4]"
4,"[2, 4, 17]"
2,"[2, 4]"
4,"[2, 4]"
4,"[2, 4]"
2,"[2, 4, 17]"
2,"[2, 17]"
2,"[2, 4]"
17,"[2, 8, 17]"
2,"[2, 4, 17]"
2,"[2, 4, 17]"
2,"[2, 17]"
2,"[2, 4, 8, 17]"
17,"[3, 17]"
4,"[2, 4, 17]"
17,"[3, 17]"
4,"[2, 4, 17]"
2,"[2, 4, 17]"
2,"[2, 3, 17]"
17,"[3, 17]"
17,"[3, 4, 17]"
2,"[2, 4, 17]"
3,"[2, 3, 4, 17]"
2,"[2, 4]"
4,"[2, 4]"
2,"[2, 4]"
2,[2]
17,"[2, 17]"
17,"[2, 17]"
5,"[2, 5]"
17,"[2, 17]"
2,"[2, 17]"
2,"[2, 17]"
17,"[2, 17]"
2,"[2, 17]"
2,"[2, 17]"
17,"[2, 17]"
2,"[2, 5, 17]"
2,[2]
2,"[2, 17]"
5,"[2, 5]"
2,"[2, 17]"
2,"[2, 17]"
2,"[2, 17]"
2,"[2, 5]"
2,[2]
2,"[2, 5]"
2,"[2, 17]"
2,"[2, 17]"
5,"[2, 5, 17]"
2,"[2, 17]"
2,[2]
2,"[2, 17]"
17,"[2, 17]"
5,"[5, 17]"
5,"[2, 5, 17]"
2,"[2, 17]"
8,"[4, 8, 17]"
2,"[2, 4]"
0,"[0, 17]"
2,[2]
4,"[2, 4]"
4,"[4, 17]"
0,"[0, 17]"
2,"[2, 4]"
0,"[0, 2, 17]"
2,[2]
4,"[2, 4]"
8,"[4, 8, 17]"
2,[2]
2,"[2, 4]"
2,[2]
2,"[2, 4]"
8,"[2, 4, 8, 17]"
4,"[2, 4]"
0,"[0, 8, 17]"
4,"[2, 4]"
4,"[2, 4]"
2,[2]
2,"[2, 4]"
2,"[2, 4]"
4,"[2, 4, 8, 17]"
2,"[2, 4, 17]"
2,"[2, 4, 17]"
2,"[2, 4, 17]"
2,"[2, 4, 5, 17]"
8,"[2, 8, 17]"
4,"[2, 4, 8]"
2,"[2, 4]"
2,[4]
2,"[2, 4]"
8,"[2, 8, 10]"
2,"[2, 6]"
4,"[2, 4, 8, 17]"
2,[2]
4,"[2, 4, 17]"
0,"[0, 17]"
17,"[14, 17]"
17,[17]
13,"[11, 13, 15, 17]"
17,[17]
17,"[14, 17]"
17,[17]
15,"[0, 15, 17]"
14,"[14, 17]"
17,"[5, 17]"
17,[17]
0,"[0, 5, 17]"
13,"[11, 13, 17]"
0,"[0, 15, 17]"
17,"[14, 17]"
14,"[14, 17]"
13,"[11, 13, 14, 17]"
17,"[14, 17]"
0,"[0, 15, 17]"
14,"[14, 17]"
13,"[11, 13, 15, 17]"
14,"[14, 17]"
14,"[14, 17]"
17,"[15, 17]"
13,"[11, 13, 17]"
15,"[5, 15, 17]"
17,"[5, 14, 17]"
17,"[14, 17]"
17,"[14, 17]"
17,"[14, 17]"
17,"[14, 15, 17]"
17,"[5, 14, 17]"
17,[17]
15,"[5, 15, 17]"
0,"[0, 15, 17]"
0,"[0, 17]"
17,"[11, 13, 14, 17]"
17,"[14, 17]"
15,"[11, 13, 15, 17]"
15,"[11, 13, 15, 17]"
17,"[5, 17]"
5,"[5, 17]"
17,"[0, 17]"
4,"[5, 17]"
17,"[5, 17]"
17,"[10, 17]"
17,"[4, 17]"
17,[17]
17,"[4, 17]"
4,"[4, 17]"
5,"[5, 10, 17]"
4,"[4, 5, 17]"
17,[17]
17,"[0, 9, 17]"
5,"[5, 17]"
17,[17]
0,"[0, 5, 17]"
17,"[5, 17]"
17,"[4, 17]"
17,[17]
17,"[4, 17]"
17,[17]
17,[17]
17,[17]
17,"[0, 17]"
17,"[0, 17]"
17,[17]
17,[17]
17,[17]
17,"[9, 17]"
17,"[0, 17]"
17,[17]
17,"[0, 17]"
17,"[4, 17]"
17,[17]
0,"[0, 17]"
17,[17]
17,[17]
17,"[9, 17]"
17,[17]
17,"[4, 17]"
0,"[0, 5, 17]"
0,"[0, 5, 17]"
17,"[9, 17]"
17,"[0, 17]"
17,"[4, 17]"
5,"[5, 17]"
0,"[0, 17]"
4,"[0, 4, 17]"
5,"[4, 5, 17]"
17,[17]
17,[17]
17,"[4, 17]"
17,"[5, 17]"
17,"[5, 17]"
17,[17]
17,"[9, 17]"
17,"[5, 17]"
4,"[4, 5, 17]"
17,[17]
0,"[0, 17]"
17,"[5, 17]"
17,"[5, 17]"
0,"[0, 5, 17]"
17,"[5, 17]"
17,"[5, 17]"
17,[17]
0,"[0, 17]"
17,[17]
0,"[0, 17]"
0,"[0, 17]"
10,"[4, 17]"
17,"[4, 17]"
5,"[5, 17]"
17,"[4, 17]"
17,"[1, 4, 17]"
17,"[1, 4, 17]"
17,[17]
2,"[2, 4]"
10,"[4, 17]"
2,"[2, 17]"
5,"[5, 17]"
17,"[1, 4, 17]"
2,"[2, 4]"
17,[17]
17,"[1, 17]"
17,[17]
17,"[10, 17]"
17,"[1, 17]"
17,"[10, 17]"
8,"[8, 10, 17]"
1,"[1, 10, 11, 17]"
17,"[2, 10, 17]"
5,"[2, 5, 17]"
5,"[5, 17]"
17,"[1, 17]"
10,"[2, 10, 17]"
8,"[2, 4, 17]"
5,"[1, 2, 5, 17]"
17,"[1, 2, 17]"
17,"[10, 17]"
5,"[2, 5]"
17,"[10, 17]"
1,[1]
17,"[1, 17]"
2,"[1, 17]"
17,"[1, 4, 17]"
17,"[1, 17]"
1,"[1, 2, 4, 11, 17]"
5,[5]
17,[17]
17,[17]
17,[17]
17,[17]
11,"[6, 11]"
17,"[1, 17]"
5,"[1, 5, 17]"
17,"[10, 17]"
5,"[5, 17]"
2,"[0, 2, 17]"
10,"[1, 10]"
17,"[10, 17]"
17,"[10, 17]"
17,[17]
2,"[2, 4]"
17,"[10, 17]"
17,"[10, 17]"
5,[5]
17,"[10, 17]"
17,"[2, 17]"
17,"[1, 6, 17]"
2,"[2, 10, 17]"
17,"[6, 10, 17]"
1,"[1, 17]"
2,"[2, 10]"
17,"[8, 17]"
17,"[1, 17]"
17,"[11, 17]"
11,"[6, 11, 17]"
17,"[1, 17]"
17,"[1, 17]"
17,"[1, 17]"
10,"[1, 10, 17]"
17,"[2, 17]"
2,"[1, 2, 4, 17]"
17,"[1, 4, 17]"
17,"[2, 17]"
17,"[11, 17]"
8,"[8, 17]"
8,"[8, 10, 17]"
17,"[1, 17]"
17,"[1, 10, 17]"
5,"[5, 17]"
11,"[1, 11]"
1,[1]
17,[17]
5,[5]
17,"[10, 17]"
1,[1]
1,[1]
11,"[1, 11]"
17,"[10, 17]"
2,"[1, 2, 17]"
17,"[1, 17]"
17,"[1, 17]"
17,"[1, 17]"
17,"[1, 17]"
17,"[10, 17]"
5,"[2, 5, 17]"
5,"[5, 17]"
17,"[1, 17]"
5,"[2, 5, 17]"
1,"[1, 17]"
17,"[1, 17]"
5,"[2, 5, 17]"
1,"[1, 17]"
17,"[1, 17]"
5,"[2, 5, 17]"
17,"[2, 10, 17]"
17,"[1, 17]"
11,"[11, 17]"
8,"[8, 17]"
5,"[2, 5]"
5,"[1, 5, 17]"
1,"[1, 6, 17]"
17,"[0, 2, 17]"
17,"[1, 17]"
17,[4]
17,"[4, 17]"
0,"[2, 17]"
4,"[4, 17]"
17,"[4, 17]"
0,"[0, 17]"
0,"[0, 2, 17]"
2,"[2, 17]"
17,"[4, 17]"
0,"[0, 17]"
0,"[0, 2, 17]"
0,"[0, 17]"
17,"[4, 17]"
0,"[0, 17]"
17,[17]
17,"[4, 17]"
0,"[0, 17]"
2,[2]
2,"[2, 17]"
17,"[0, 4, 17]"
10,"[4, 17]"
17,"[2, 4, 17]"
2,"[0, 2, 4, 17]"
2,"[2, 6]"
2,"[2, 6, 17]"
0,"[0, 17]"
10,"[10, 17]"
2,"[2, 10, 17]"
0,"[0, 17]"
0,"[0, 2, 17]"
17,[17]
17,[17]
17,[17]
4,"[0, 4, 17]"
17,"[10, 17]"
4,"[0, 4, 17]"
2,[2]
2,"[0, 2, 17]"
17,"[2, 17]"
17,"[10, 17]"
17,[17]
17,"[10, 17]"
0,"[0, 5, 10, 17]"
2,"[2, 17]"
2,"[2, 17]"
2,"[2, 17]"
2,"[2, 17]"
17,"[10, 17]"
10,"[10, 17]"
17,"[10, 17]"
17,"[9, 17]"
17,"[10, 17]"
0,"[0, 2, 10, 17]"
0,"[0, 10, 17]"
2,"[2, 17]"
17,"[10, 17]"
10,[10]
0,"[0, 2, 17]"
2,"[2, 17]"
17,"[10, 17]"
0,"[0, 10, 17]"
17,[17]
2,"[2, 10]"
17,"[2, 17]"
0,"[0, 17]"
17,"[0, 17]"
0,"[0, 17]"
2,[2]
0,"[0, 17]"
2,"[2, 17]"
0,"[0, 2, 4, 17]"
2,"[2, 6]"
17,"[6, 17]"
17,"[10, 17]"
10,"[0, 10, 17]"
2,"[2, 17]"
17,"[10, 17]"
17,"[10, 17]"
0,"[0, 17]"
2,"[2, 6, 17]"
17,"[10, 17]"
17,"[2, 10, 17]"
0,"[0, 17]"
0,"[0, 10, 17]"
17,"[10, 17]"
0,"[0, 2, 17]"
17,[17]
10,"[2, 10]"
0,"[0, 17]"
2,[2]
17,"[10, 17]"
17,[17]
17,"[10, 17]"
2,"[2, 10]"
17,"[10, 17]"
0,"[0, 2, 4, 17]"
17,"[6, 17]"
17,"[6, 9, 10, 17]"
0,"[0, 17]"
17,"[10, 17]"
17,"[10, 17]"
17,"[4, 17]"
0,"[0, 10, 17]"
17,"[0, 17]"
4,"[4, 17]"
17,"[10, 17]"
2,"[2, 17]"
2,[2]
2,"[2, 17]"
17,"[6, 10, 17]"
17,"[10, 17]"
17,"[10, 17]"
17,[17]
17,"[4, 10, 17]"
17,"[0, 2, 17]"
10,"[2, 5, 10, 17]"
2,"[2, 17]"
2,"[2, 10, 17]"
10,"[10, 17]"
4,"[0, 4, 17]"
10,"[2, 10, 17]"
2,"[2, 10]"
2,[2]
0,"[0, 2, 17]"
10,"[10, 17]"
17,"[10, 17]"
17,[17]
10,"[10, 17]"
10,[10]
0,"[0, 2, 10, 17]"
17,"[6, 10, 17]"
17,"[10, 17]"
17,"[6, 10, 17]"
17,"[6, 10, 17]"
0,"[0, 4, 17]"
17,"[0, 10, 17]"
10,"[10, 17]"
2,"[2, 17]"
17,"[4, 17]"
2,"[2, 17]"
2,[2]
2,[2]
0,"[0, 2, 17]"
2,"[2, 17]"
2,"[2, 5, 17]"
8,"[5, 8, 17]"
17,"[5, 17]"
2,"[2, 4]"
2,"[2, 4]"
2,"[2, 17]"
2,"[2, 17]"
2,[2]
2,"[2, 4]"
0,"[0, 17]"
2,"[2, 17]"
4,"[2, 4]"
0,"[0, 2, 17]"
2,"[2, 17]"
2,[2]
2,"[2, 17]"
2,"[2, 4, 17]"
2,"[2, 17]"
2,"[2, 17]"
2,"[2, 4, 17]"
2,"[0, 2, 17]"
0,"[0, 5, 9, 17]"
17,[17]
6,"[5, 6, 17]"
6,"[5, 6]"
2,"[2, 17]"
2,"[2, 17]"
2,"[2, 5]"
2,"[2, 4, 17]"
8,"[2, 8, 17]"
6,"[6, 17]"
2,"[2, 17]"
2,"[2, 17]"
17,[17]
2,"[2, 17]"
2,"[2, 17]"
2,"[2, 4]"
2,"[0, 2, 17]"
2,"[2, 17]"
2,[2]
2,"[2, 17]"
5,[5]
17,[17]
2,"[2, 4, 17]"
2,"[2, 17]"
2,"[2, 17]"
17,[17]
2,"[2, 17]"
2,"[2, 4, 17]"
0,"[0, 2, 17]"
6,"[5, 6]"
2,"[2, 4, 17]"
2,[2]
0,"[0, 17]"
17,[17]
2,[2]
2,"[2, 17]"
2,"[2, 17]"
5,"[5, 17]"
2,"[2, 17]"
2,"[2, 17]"
2,"[2, 4, 5, 17]"
2,"[2, 17]"
4,"[2, 4, 17]"
4,"[4, 17]"
2,"[2, 4, 17]"
2,"[2, 4, 17]"
2,"[2, 4, 17]"
2,"[2, 5, 17]"
4,"[2, 4]"
2,"[2, 17]"
2,"[2, 4, 17]"
2,"[2, 17]"
0,"[0, 2, 17]"
2,"[2, 5, 8, 17]"
8,"[8, 17]"
0,"[0, 2, 17]"
8,"[2, 8, 17]"
5,"[2, 5, 17]"
2,[2]
2,"[2, 8, 17]"
2,"[2, 8, 17]"
0,"[0, 17]"
8,"[8, 17]"
0,"[0, 17]"
2,"[2, 4, 17]"
2,"[2, 4]"
2,"[2, 17]"
4,[4]
2,"[2, 4, 17]"
2,"[2, 17]"
6,"[5, 6, 17]"
5,[5]
2,"[2, 4, 17]"
2,"[2, 5, 17]"
2,"[2, 4, 8]"
2,"[2, 4, 17]"
2,"[2, 4, 17]"
5,"[4, 5, 17]"
2,[2]
17,"[5, 17]"
17,"[5, 17]"
2,"[2, 4, 17]"
17,"[5, 17]"
2,"[2, 10, 17]"
17,[10]
2,"[2, 6, 17]"
10,"[2, 6, 10]"
5,"[1, 5]"
2,"[2, 10, 17]"
2,"[2, 10, 17]"
17,"[10, 17]"
0,"[0, 10, 17]"
10,"[6, 10, 17]"
17,"[2, 10, 17]"
3,"[3, 10, 17]"
0,"[10, 17]"
17,"[10, 17]"
17,"[5, 17]"
17,"[6, 17]"
17,"[4, 17]"
17,"[4, 17]"
17,"[2, 6, 17]"
5,"[3, 5]"
17,"[10, 17]"
17,[17]
10,"[3, 10]"
2,"[2, 17]"
17,"[4, 17]"
0,"[0, 10, 17]"
2,"[2, 17]"
2,"[2, 17]"
17,[17]
17,"[2, 6, 17]"
17,"[10, 17]"
17,"[10, 17]"
17,"[5, 17]"
2,"[2, 3, 17]"
10,"[2, 10]"
2,"[2, 10]"
17,"[2, 17]"
17,"[6, 17]"
2,"[2, 17]"
10,"[3, 10]"
17,"[10, 17]"
17,"[3, 10, 17]"
17,"[2, 10, 17]"
17,"[3, 10, 17]"
10,"[3, 10, 17]"
17,"[10, 17]"
5,"[5, 17]"
0,"[0, 10, 17]"
17,[17]
2,[2]
17,"[3, 10, 17]"
3,"[3, 10]"
10,"[4, 6, 10, 17]"
2,"[2, 10, 17]"
17,"[2, 10, 17]"
10,"[3, 10, 17]"
10,"[6, 10, 17]"
17,"[3, 10, 17]"
17,"[10, 17]"
5,"[3, 5, 17]"
17,"[3, 10, 17]"
17,"[3, 17]"
3,[3]
0,"[0, 10, 17]"
10,"[2, 10]"
2,"[2, 17]"
10,[10]
3,"[3, 5]"
2,"[2, 17]"
17,"[3, 10, 17]"
0,"[0, 17]"
0,"[0, 10, 17]"
17,"[4, 17]"
0,"[0, 4, 17]"
17,"[3, 17]"
17,"[4, 17]"
17,[17]
2,"[2, 6, 17]"
0,"[0, 10, 17]"
0,"[0, 5, 17]"
17,"[5, 17]"
3,"[3, 5, 17]"
17,"[10, 17]"
17,"[3, 5, 17]"
0,"[0, 17]"
17,[17]
17,"[3, 5, 17]"
17,"[6, 17]"
10,[10]
0,"[0, 17]"
17,"[2, 17]"
17,"[4, 17]"
17,[17]
17,"[10, 17]"
10,[10]
17,"[2, 4, 17]"
17,"[3, 4, 5, 17]"
17,"[3, 4, 17]"
0,"[0, 4, 17]"
5,"[3, 5, 17]"
4,"[2, 4, 6, 17]"
0,"[0, 10, 17]"
17,"[4, 17]"
17,"[5, 6, 17]"
2,"[2, 6, 10, 17]"
17,[17]
2,"[2, 5, 6]"
17,"[5, 17]"
4,[4]
2,"[2, 4]"
17,[17]
0,"[0, 10, 17]"
17,"[2, 10, 17]"
4,"[2, 10, 17]"
17,[17]
2,"[0, 2, 10, 17]"
0,"[0, 17]"
2,"[2, 17]"
4,"[2, 4, 10, 17]"
2,"[2, 4, 17]"
17,[17]
17,"[10, 17]"
2,"[2, 6, 10, 17]"
0,"[0, 2, 10, 17]"
4,"[0, 10, 17]"
17,"[5, 17]"
2,"[2, 6, 10]"
2,"[0, 2, 10, 17]"
17,"[10, 17]"
17,"[10, 17]"
4,"[4, 6, 17]"
17,"[6, 10, 17]"
2,"[0, 2, 4, 10, 17]"
10,"[6, 10]"
17,"[10, 17]"
4,"[4, 6, 17]"
2,"[2, 6]"
17,"[10, 17]"
0,"[0, 4, 17]"
2,"[2, 4]"
0,"[0, 17]"
17,"[10, 17]"
17,"[2, 17]"
10,[10]
10,"[10, 17]"
17,"[4, 17]"
17,"[5, 17]"
4,[4]
17,"[4, 17]"
0,"[0, 5, 17]"
4,[4]
0,"[0, 5, 17]"
4,"[4, 17]"
17,"[10, 17]"
17,"[4, 17]"
0,"[0, 5, 10, 17]"
17,"[6, 17]"
2,"[0, 2, 10, 17]"
2,"[2, 10]"
17,"[10, 17]"
0,"[0, 10, 17]"
17,"[10, 17]"
0,"[0, 2, 4, 17]"
4,"[4, 17]"
17,"[0, 17]"
17,"[2, 4, 17]"
2,"[2, 4, 17]"
2,[2]
17,[17]
17,"[4, 17]"
4,"[4, 17]"
0,"[0, 17]"
17,[17]
2,"[2, 10]"
2,"[2, 10]"
2,"[2, 6]"
4,"[4, 17]"
10,"[10, 17]"
17,"[4, 17]"
10,"[2, 10]"
17,"[4, 17]"
17,"[4, 6, 17]"
2,"[2, 6, 10]"
4,"[2, 4, 6, 17]"
17,"[2, 10, 17]"
17,[17]
17,"[10, 17]"
0,"[0, 2, 17]"
4,"[2, 4, 17]"
2,"[2, 4, 17]"
2,"[2, 10]"
0,"[0, 17]"
17,"[10, 17]"
4,[4]
0,"[0, 6, 10, 17]"
17,"[5, 17]"
17,"[5, 17]"
4,"[4, 5, 17]"
4,"[4, 5]"
4,"[4, 10, 17]"
0,"[0, 6, 10, 17]"
4,"[4, 5]"
4,"[4, 17]"
17,[17]
17,"[10, 17]"
17,"[10, 17]"
17,"[10, 17]"
17,"[10, 17]"
17,"[10, 17]"
4,[4]
17,[17]
17,"[4, 17]"
17,"[10, 17]"
17,"[10, 17]"
4,"[0, 4, 17]"
17,"[10, 17]"
0,"[0, 6, 10, 17]"
0,"[0, 6, 10, 17]"
4,"[6, 10, 17]"
2,"[2, 6, 10]"
17,"[1, 2, 3, 6, 11, 17]"
17,"[2, 3, 6, 11, 17]"
17,"[1, 6, 11, 17]"
17,"[1, 6, 11, 17]"
1,"[1, 17]"
17,"[1, 2, 17]"
1,"[1, 2, 17]"
17,"[1, 17]"
1,"[1, 17]"
17,"[1, 17]"
17,"[1, 17]"
17,"[2, 11, 17]"
2,"[2, 4, 11]"
1,"[1, 17]"
17,"[1, 2, 17]"
11,"[2, 11]"
17,"[11, 17]"
17,"[1, 17]"
17,"[2, 17]"
2,"[2, 17]"
17,"[2, 11, 17]"
17,"[2, 4, 17]"
17,"[1, 17]"
17,"[2, 11, 17]"
2,"[2, 4]"
17,"[1, 2, 17]"
17,"[1, 17]"
17,[17]
17,[17]
11,"[11, 17]"
11,"[2, 6, 11, 17]"
17,"[2, 17]"
2,"[1, 2, 4, 17]"
17,"[1, 2, 17]"
17,"[1, 2, 17]"
11,"[2, 11]"
17,"[2, 11, 17]"
17,[17]
11,"[11, 17]"
11,"[2, 11]"
2,"[2, 6, 17]"
11,"[2, 11, 17]"
17,"[11, 17]"
11,"[11, 17]"
11,"[2, 11]"
11,"[2, 11, 17]"
17,"[1, 17]"
17,"[2, 11, 17]"
1,"[1, 17]"
17,"[2, 11, 17]"
2,"[2, 4, 17]"
2,"[2, 4, 17]"
17,"[4, 17]"
3,"[3, 4, 17]"
2,"[2, 4, 17]"
2,"[2, 4, 10]"
2,"[2, 4, 10]"
3,"[3, 4, 17]"
2,"[2, 4, 10]"
2,"[2, 4]"
4,"[2, 4]"
2,"[2, 4, 17]"
2,"[2, 4, 17]"
2,"[2, 4, 17]"
17,"[4, 17]"
4,"[3, 4, 17]"
2,"[2, 3, 4]"
2,"[2, 3, 4, 17]"
2,"[2, 17]"
4,"[2, 4]"
4,"[4, 17]"
2,"[2, 4]"
2,"[2, 4, 17]"
2,"[2, 4]"
2,"[2, 4]"
2,"[2, 4, 10]"
4,"[4, 17]"
4,[4]
2,"[2, 4]"
17,[17]
2,"[2, 4]"
3,"[3, 4, 17]"
4,"[3, 4]"
4,"[4, 17]"
4,[4]
4,[4]
4,"[3, 4]"
2,"[2, 4]"
2,"[2, 4]"
17,"[4, 17]"
2,"[2, 4]"
4,"[2, 4, 17]"
4,"[4, 17]"
2,"[2, 3, 4, 10, 17]"
2,"[2, 3, 4]"
3,"[3, 4, 17]"
2,"[2, 4]"
4,[4]
2,"[2, 4, 17]"
2,"[2, 4]"
3,"[3, 4, 17]"
2,"[2, 4, 17]"
4,"[4, 17]"
2,"[2, 4, 17]"
2,"[2, 4, 17]"
17,"[4, 17]"
17,"[1, 17]"
1,"[1, 17]"
17,"[1, 17]"
17,"[1, 17]"
2,"[1, 2, 17]"
17,"[0, 1, 17]"
17,"[1, 17]"
17,[17]
17,[17]
17,[17]
17,[17]
17,"[1, 17]"
17,"[1, 17]"
17,"[1, 17]"
17,[17]
17,[17]
17,"[1, 17]"
17,"[1, 2, 17]"
17,"[1, 17]"
17,"[1, 2, 17]"
17,"[1, 2, 17]"
17,"[1, 17]"
17,[17]
17,"[1, 17]"
17,"[1, 17]"
17,[17]
17,[17]
17,[17]
2,"[1, 2]"
17,"[1, 17]"
17,"[1, 17]"
1,"[1, 2]"
17,"[1, 17]"
17,"[1, 17]"
17,"[1, 17]"
17,[17]
2,"[2, 17]"
17,[17]
1,"[1, 17]"
1,"[1, 17]"
17,"[1, 17]"
2,"[1, 2]"
17,"[1, 17]"
2,"[2, 17]"
17,[17]
17,"[0, 17]"
17,"[0, 17]"
17,"[1, 17]"
17,[17]
17,"[1, 17]"
17,"[1, 17]"
17,"[1, 17]"
17,[17]
17,"[1, 17]"
1,"[1, 17]"
17,"[1, 17]"
17,"[1, 17]"
17,[17]
17,[17]
17,"[1, 2, 17]"
17,"[1, 17]"
17,"[1, 17]"
17,"[1, 17]"
17,"[1, 17]"
17,[17]
17,[17]
17,"[1, 17]"
17,"[1, 17]"
17,"[1, 17]"
3,"[3, 17]"
0,"[0, 3, 17]"
3,"[0, 3, 17]"
3,"[3, 17]"
3,"[3, 17]"
3,[3]
3,"[0, 3, 17]"
0,"[0, 3, 17]"
0,"[0, 17]"
3,"[0, 3, 17]"
0,"[0, 3, 17]"
0,"[0, 3, 17]"
3,"[0, 3, 17]"
3,"[0, 3, 17]"
3,"[0, 2, 3, 17]"
2,"[2, 4]"
4,[4]
2,"[2, 17]"
4,"[2, 4]"
2,"[2, 4]"
2,[2]
2,[2]
4,[4]
4,"[4, 17]"
2,"[2, 17]"
2,"[2, 17]"
2,"[2, 17]"
2,"[2, 17]"
2,"[2, 6]"
2,[2]
4,"[2, 4]"
2,"[2, 4]"
2,[2]
2,"[2, 4]"
4,[4]
2,"[2, 4]"
2,"[2, 4]"
2,"[2, 4]"
2,"[2, 4]"
2,"[2, 17]"
2,"[2, 4]"
2,"[2, 6]"
4,"[4, 17]"
2,"[2, 17]"
2,[2]
2,"[2, 17]"
2,"[2, 17]"
4,"[4, 17]"
4,"[2, 4]"
3,[3]
3,[3]
5,"[5, 17]"
4,"[4, 17]"
5,"[5, 17]"
17,[17]
17,[17]
4,"[4, 17]"
5,[5]
4,[4]
5,[5]
5,"[5, 17]"
5,"[5, 17]"
2,"[2, 17]"
17,[17]
4,"[4, 17]"
4,[17]
5,"[5, 17]"
5,"[5, 17]"
3,"[3, 4]"
17,[17]
17,[17]
4,"[4, 17]"
5,"[5, 17]"
5,"[5, 17]"
5,"[5, 17]"
5,"[5, 17]"
3,[3]
17,[17]
4,"[3, 4, 17]"
4,"[4, 5]"
17,"[3, 17]"
17,"[3, 17]"
5,[5]
5,"[5, 17]"
5,[5]
4,"[2, 4]"
17,"[4, 17]"
4,"[3, 4, 17]"
2,"[2, 4, 6, 17]"
5,[5]
17,[17]
4,"[2, 3, 4, 6, 17]"
2,"[2, 17]"
4,"[4, 17]"
2,"[2, 5, 17]"
3,[3]
4,"[3, 4, 17]"
4,"[4, 5, 17]"
2,"[2, 5, 17]"
4,"[4, 5, 17]"
5,[5]
5,[5]
5,[5]
4,"[2, 4, 17]"
4,"[2, 4]"
4,"[3, 4]"
0,"[0, 17]"
2,"[2, 17]"
2,"[2, 4]"
2,"[2, 4]"
2,"[2, 4]"
4,"[2, 4, 17]"
2,"[2, 4, 17]"
2,"[2, 17]"
2,"[2, 4, 17]"
17,"[2, 17]"
0,"[0, 17]"
2,"[2, 17]"
4,"[2, 4]"
4,"[2, 4, 17]"
2,"[2, 4, 17]"
2,"[2, 4, 17]"
2,"[2, 17]"
2,"[2, 4, 17]"
17,"[2, 17]"
2,"[2, 17]"
2,"[2, 4, 17]"
4,"[0, 4, 17]"
2,"[0, 2, 4, 5, 17]"
2,"[0, 2, 4, 5, 17]"
2,"[2, 17]"
2,"[2, 17]"
2,"[2, 4]"
4,"[4, 17]"
2,"[2, 4, 17]"
17,"[4, 17]"
2,"[2, 4]"
2,"[2, 17]"
17,"[3, 17]"
4,"[3, 4]"
4,"[2, 4]"
0,"[0, 17]"
2,"[2, 4]"
4,[4]
4,"[4, 17]"
2,"[2, 4, 5, 17]"
0,"[0, 17]"
2,"[2, 4]"
2,"[2, 17]"
0,"[0, 17]"
2,"[2, 4]"
2,[2]
2,"[2, 4]"
4,"[3, 4]"
4,"[2, 4]"
2,"[2, 17]"
17,"[3, 17]"
2,[2]
4,[4]
17,[17]
17,[17]
17,[17]
17,[17]
17,[17]
17,[17]
17,[17]
17,[17]
17,[17]
17,[17]
17,[17]
17,[17]
17,[17]
17,[17]
17,[17]
17,[17]
17,[17]
17,[17]
17,[17]
17,[17]
17,"[5, 17]"
17,"[4, 17]"
2,"[2, 4, 17]"
2,"[2, 10]"
2,"[2, 4]"
2,"[2, 17]"
17,[17]
2,"[2, 4, 17]"
17,"[4, 17]"
2,"[2, 4, 17]"
17,[17]
17,"[4, 17]"
4,[4]
4,"[2, 4, 17]"
2,"[2, 4]"
17,"[4, 17]"
2,"[2, 4]"
2,"[2, 17]"
4,"[2, 4]"
2,"[2, 4]"
10,"[2, 4, 17]"
17,"[4, 17]"
17,"[2, 17]"
2,[2]
17,"[4, 17]"
2,"[2, 4]"
10,"[10, 17]"
2,"[2, 4, 17]"
10,"[2, 10]"
10,"[2, 10, 17]"
4,"[2, 4, 17]"
17,"[4, 17]"
17,"[4, 17]"
17,[17]
2,"[2, 4, 17]"
2,"[2, 4, 17]"
2,"[2, 4, 17]"
17,"[4, 17]"
2,"[2, 4, 17]"
2,"[2, 4, 17]"
2,"[2, 4, 17]"
17,"[4, 17]"
2,[2]
2,[2]
2,"[2, 4, 17]"
17,"[4, 17]"
17,"[4, 17]"
2,"[2, 4]"
2,"[2, 10]"
2,[2]
4,[2]
2,"[2, 4, 17]"
2,"[2, 4]"
17,"[4, 17]"
17,"[4, 17]"
2,"[2, 4]"
17,[17]
4,"[4, 5, 17]"
17,[17]
2,"[2, 5, 17]"
17,"[4, 5, 17]"
4,"[4, 5, 17]"
17,"[5, 17]"
17,"[5, 17]"
4,"[4, 5, 17]"
17,"[5, 17]"
2,"[2, 4, 5, 17]"
17,"[5, 17]"
10,"[4, 10, 17]"
2,"[2, 4, 17]"
2,"[2, 4]"
2,"[2, 4]"
2,[2]
2,"[2, 4]"
10,"[10, 17]"
2,"[2, 10]"
17,"[4, 17]"
2,"[2, 4, 17]"
2,"[2, 10]"
2,[2]
17,"[2, 17]"
2,"[2, 4]"
2,"[2, 4]"
2,"[2, 4]"
2,"[2, 4]"
17,"[4, 17]"
2,"[2, 4, 5, 17]"
2,"[2, 4, 17]"
17,"[4, 17]"
2,"[2, 10, 17]"
10,"[10, 17]"
10,"[10, 17]"
10,[10]
2,"[2, 4, 5, 17]"
2,"[2, 4, 5, 17]"
17,"[4, 17]"
17,"[4, 17]"
2,"[2, 4, 17]"
17,"[4, 5, 17]"
2,"[2, 10, 17]"
2,"[2, 4, 17]"
2,"[2, 4, 17]"
2,"[2, 17]"
2,"[2, 4, 17]"
2,"[2, 4, 17]"
2,"[2, 10, 17]"
17,"[4, 17]"
2,"[2, 10, 17]"
2,"[2, 17]"
2,"[2, 17]"
10,"[2, 10, 17]"
2,"[2, 17]"
17,"[2, 17]"
17,"[4, 17]"
2,"[2, 17]"
17,"[4, 5, 17]"
10,"[10, 17]"
17,"[4, 5, 17]"
10,"[10, 17]"
4,"[4, 5]"
17,"[4, 5, 17]"
10,"[10, 17]"
4,"[4, 17]"
2,"[2, 4, 17]"
2,[2]
17,[17]
2,[2]
5,"[4, 5, 17]"
2,"[2, 4, 5, 17]"
17,"[5, 17]"
2,"[2, 4]"
17,"[5, 17]"
2,"[2, 4]"
2,[2]
2,"[2, 4]"
2,"[2, 5]"
5,"[2, 5]"
2,"[2, 5]"
2,"[2, 5]"
2,"[2, 4, 17]"
2,"[2, 4, 17]"
5,"[4, 5, 17]"
17,"[5, 17]"
5,"[5, 17]"
2,"[2, 4]"
2,"[2, 4]"
2,"[2, 4]"
2,[2]
2,"[2, 4, 17]"
2,[2]
2,"[2, 5]"
2,"[2, 5]"
4,[4]
2,"[2, 5]"
2,"[2, 5]"
2,"[2, 4, 5, 17]"
2,"[2, 5, 17]"
2,"[2, 4, 5, 17]"
2,"[2, 5, 17]"
4,"[2, 4, 17]"
2,[2]
2,[2]
2,[2]
2,"[2, 4]"
4,"[2, 4]"
17,[17]
2,"[2, 4]"
2,[2]
2,"[2, 4, 5, 17]"
2,"[2, 5, 17]"
4,"[2, 4, 17]"
2,"[2, 5, 17]"
2,"[2, 17]"
2,"[2, 17]"
2,"[2, 4]"
5,"[5, 17]"
2,"[2, 4, 5, 17]"
2,"[2, 5, 17]"
17,[17]
5,"[5, 17]"
17,"[10, 17]"
10,"[6, 10, 17]"
17,"[1, 17]"
6,"[4, 6, 17]"
17,"[1, 17]"
1,"[1, 17]"
17,"[1, 17]"
5,"[4, 5]"
17,"[6, 17]"
10,"[6, 10, 17]"
1,"[1, 5, 17]"
5,"[1, 5, 10]"
17,"[6, 17]"
5,"[4, 5]"
5,"[5, 17]"
17,"[1, 17]"
17,[17]
10,"[5, 10]"
17,[17]
6,"[6, 10]"
5,"[5, 17]"
6,"[6, 10]"
1,"[1, 5, 17]"
17,"[1, 17]"
17,"[1, 17]"
6,"[6, 10]"
10,"[6, 10, 17]"
10,"[5, 10, 17]"
17,"[1, 17]"
17,[17]
5,"[5, 17]"
5,"[5, 17]"
1,"[1, 17]"
1,"[1, 17]"
5,"[5, 17]"
5,[5]
6,"[6, 17]"
5,"[5, 17]"
0,"[0, 17]"
17,[17]
17,[17]
17,[17]
17,[17]
0,"[0, 17]"
17,"[15, 17]"
0,"[0, 17]"
17,"[9, 17]"
0,"[0, 9, 15, 17]"
17,"[5, 17]"
15,"[9, 15, 17]"
0,"[0, 17]"
15,"[15, 17]"
17,"[9, 17]"
17,"[15, 17]"
17,"[9, 17]"
0,"[0, 17]"
17,[17]
0,"[0, 17]"
17,[17]
0,"[0, 9, 17]"
0,"[0, 17]"
17,[17]
17,"[15, 17]"
0,"[0, 17]"
17,"[15, 17]"
17,"[15, 17]"
0,"[0, 17]"
17,[17]
0,"[0, 17]"
15,"[0, 9, 15, 17]"
15,"[0, 15, 17]"
0,"[0, 17]"
17,"[9, 17]"
5,"[5, 17]"
17,"[15, 17]"
0,"[0, 15, 17]"
17,"[4, 9, 17]"
0,"[0, 17]"
0,"[0, 9, 17]"
9,"[9, 15]"
9,[9]
9,"[9, 15]"
0,"[0, 9, 17]"
17,[17]
0,"[0, 5, 17]"
9,"[0, 9, 15, 17]"
9,"[0, 9, 15, 17]"
9,"[9, 17]"
0,"[0, 9, 15, 17]"
0,"[0, 5, 9, 17]"
17,[17]
17,"[15, 17]"
15,"[15, 17]"
0,"[0, 15, 17]"
0,"[0, 17]"
0,"[0, 15, 17]"
17,[17]
0,"[0, 17]"
9,"[0, 9, 17]"
9,"[0, 9, 17]"
0,"[0, 17]"
0,"[0, 17]"
5,"[5, 17]"
17,"[9, 17]"
9,"[0, 9, 17]"
0,"[0, 15, 17]"
5,[17]
17,"[9, 15, 17]"
5,"[5, 17]"
17,"[15, 17]"
17,"[9, 17]"
0,"[0, 9, 17]"
0,"[0, 17]"
9,"[9, 17]"
0,"[0, 17]"
17,[17]
17,"[9, 17]"
17,[17]
5,[5]
5,"[4, 5]"
17,"[5, 17]"
5,"[5, 17]"
5,"[5, 17]"
5,"[5, 17]"
5,"[5, 17]"
5,"[5, 17]"
5,"[5, 17]"
5,"[5, 17]"
17,"[5, 17]"
17,"[5, 17]"
5,"[5, 17]"
17,"[5, 17]"
17,[17]
17,[17]
17,[17]
17,[17]
17,[17]
4,"[3, 4]"
4,"[3, 4, 17]"
3,"[3, 4, 17]"
17,"[4, 17]"
4,"[3, 4, 17]"
4,"[3, 4, 17]"
17,"[3, 4, 17]"
3,"[3, 17]"
4,"[3, 4, 17]"
17,"[4, 17]"
17,"[3, 17]"
2,"[2, 3, 4, 17]"
3,"[3, 4, 17]"
17,"[3, 4, 17]"
4,"[2, 3, 4]"
17,"[3, 17]"
4,"[3, 4, 17]"
3,"[3, 10, 17]"
3,"[3, 4, 17]"
4,[4]
17,"[4, 17]"
2,"[2, 17]"
2,"[2, 4]"
17,"[4, 17]"
2,"[2, 4, 17]"
3,"[3, 17]"
3,"[3, 4]"
3,"[3, 17]"
4,"[4, 17]"
4,"[3, 4]"
4,"[2, 4]"
3,"[3, 4, 17]"
17,"[4, 17]"
4,"[4, 17]"
3,"[3, 4]"
4,"[3, 4]"
3,"[3, 4]"
17,"[4, 17]"
4,"[3, 4]"
4,"[3, 4, 17]"
3,"[4, 17]"
4,"[3, 4, 17]"
17,"[3, 4, 17]"
4,"[3, 4, 17]"
4,"[3, 4, 17]"
3,"[3, 4, 17]"
17,"[4, 17]"
3,"[3, 4, 17]"
4,"[3, 4, 17]"
2,"[2, 3]"
17,"[3, 17]"
4,"[3, 4, 17]"
3,"[3, 4, 17]"
17,"[3, 17]"
2,"[2, 4, 17]"
2,"[2, 4, 17]"
4,"[2, 4, 17]"
4,"[2, 4, 17]"
2,"[2, 4, 17]"
2,"[2, 4]"
4,"[2, 4]"
2,"[2, 4]"
2,"[2, 4]"
4,[4]
2,"[2, 4, 17]"
2,[2]
2,"[2, 4]"
2,[2]
4,[4]
2,"[2, 4, 17]"
2,[2]
2,"[2, 17]"
2,"[2, 4]"
2,"[2, 4, 17]"
6,"[3, 5, 6, 17]"
5,"[3, 5, 17]"
17,"[3, 4, 17]"
2,"[2, 4, 5, 17]"
2,"[2, 4, 17]"
17,[17]
2,"[2, 17]"
4,"[2, 4, 17]"
6,"[3, 6, 17]"
2,"[2, 4, 17]"
6,"[3, 6, 17]"
17,[17]
2,"[2, 5, 17]"
6,"[3, 6]"
5,"[5, 17]"
5,"[5, 17]"
4,"[2, 4, 17]"
2,"[2, 4]"
17,[17]
5,"[5, 17]"
5,"[5, 17]"
2,"[2, 4, 17]"
3,"[3, 5, 6, 17]"
4,"[2, 4, 17]"
3,"[3, 5, 6]"
6,"[3, 5, 6]"
4,"[2, 4, 17]"
2,"[2, 4, 17]"
4,"[3, 4, 17]"
5,"[3, 5]"
17,"[3, 17]"
6,"[3, 6, 17]"
17,"[3, 17]"
2,"[2, 4, 17]"
17,[17]
5,"[5, 17]"
5,"[5, 17]"
6,"[3, 6, 17]"
2,"[2, 4, 17]"
4,"[3, 4, 17]"
4,"[3, 4, 17]"
3,"[3, 17]"
4,[4]
2,"[2, 4]"
2,"[2, 4, 17]"
3,"[3, 4]"
5,"[3, 5, 17]"
2,"[2, 4, 17]"
17,"[3, 17]"
3,"[3, 6]"
4,"[2, 4, 17]"
6,"[3, 6]"
17,"[6, 17]"
6,"[3, 5, 6, 17]"
4,"[3, 4, 17]"
17,"[4, 17]"
2,"[2, 10, 17]"
2,"[2, 4]"
2,"[2, 4, 5, 17]"
5,"[5, 17]"
2,"[2, 4, 17]"
4,"[2, 4]"
2,"[2, 4, 17]"
4,"[4, 17]"
2,"[2, 4, 17]"
2,"[2, 4, 17]"
2,"[2, 4, 5, 17]"
2,"[2, 4, 5, 10, 17]"
2,"[2, 4, 10, 17]"
2,"[2, 5, 10]"
5,"[2, 5]"
2,[2]
17,[17]
2,"[2, 4]"
2,"[2, 4]"
5,"[5, 10, 17]"
5,"[2, 5, 17]"
4,"[2, 4]"
2,"[2, 4]"
2,"[2, 4]"
2,"[2, 4]"
2,[2]
2,[2]
17,"[2, 17]"
2,"[2, 17]"
2,"[2, 4]"
5,"[4, 5]"
2,"[2, 4]"
5,"[2, 4, 5, 17]"
2,"[2, 4]"
4,"[2, 4, 17]"
2,"[2, 4]"
2,"[2, 17]"
2,"[2, 4]"
2,"[2, 17]"
2,"[2, 4]"
2,"[2, 4, 5]"
2,"[2, 17]"
2,"[2, 17]"
2,"[2, 4, 5]"
2,"[2, 17]"
2,"[2, 4]"
2,"[2, 4]"
4,"[4, 17]"
4,[4]
5,"[2, 5, 17]"
2,"[2, 4, 5, 10]"
2,"[2, 4]"
2,"[2, 4, 5]"
2,"[2, 4]"
2,[2]
2,"[2, 4]"
2,[2]
2,"[2, 4]"
2,"[2, 17]"
4,"[2, 4, 17]"
2,"[2, 4]"
2,"[2, 4, 17]"
5,"[5, 17]"
5,[5]
4,[4]
2,"[2, 5]"
2,"[2, 17]"
2,"[2, 5]"
2,"[2, 4]"
4,[4]
17,[17]
4,"[4, 5, 17]"
17,[17]
5,"[5, 6, 17]"
4,"[2, 4]"
2,"[2, 4]"
2,"[2, 4]"
5,"[5, 17]"
4,"[2, 4]"
4,"[2, 4]"
5,[5]
2,"[2, 4]"
5,"[5, 17]"
2,"[2, 4, 17]"
2,"[2, 4]"
5,"[2, 5]"
2,"[2, 4]"
2,"[2, 4]"
2,"[2, 4]"
2,"[2, 4, 17]"
5,"[5, 17]"
4,"[2, 4, 17]"
4,"[2, 4, 17]"
2,"[2, 4, 17]"
17,"[2, 4, 17]"
17,"[2, 10, 17]"
17,"[6, 10, 17]"
17,"[3, 17]"
10,"[6, 10, 17]"
17,"[5, 17]"
17,"[3, 17]"
10,"[2, 6, 10, 17]"
5,"[5, 17]"
17,"[3, 5, 17]"
3,"[3, 5, 17]"
17,"[3, 17]"
5,"[5, 17]"
17,"[10, 17]"
2,"[2, 5, 6, 10]"
2,"[2, 10, 17]"
2,"[2, 5, 6, 10, 17]"
17,"[3, 5, 17]"
2,"[2, 10, 17]"
7,"[7, 17]"
17,"[3, 4, 17]"
17,"[5, 17]"
7,"[7, 17]"
17,"[10, 17]"
7,"[5, 7, 17]"
4,"[2, 4]"
5,"[5, 7, 17]"
0,"[0, 10, 17]"
3,"[3, 4]"
17,"[3, 4]"
17,[17]
4,"[2, 4]"
17,"[10, 17]"
3,"[3, 4, 17]"
7,[17]
17,[17]
0,"[0, 5, 10, 17]"
4,"[4, 17]"
7,[17]
3,"[3, 4, 17]"
17,"[6, 17]"
2,"[2, 10]"
4,"[4, 5]"
17,"[2, 10, 17]"
5,"[5, 17]"
4,"[2, 4, 10, 17]"
0,"[0, 5, 17]"
4,"[3, 4]"
5,"[5, 17]"
2,"[2, 10, 17]"
17,[17]
0,"[0, 5, 10, 17]"
7,"[5, 7, 17]"
17,"[6, 17]"
17,"[0, 6, 17]"
4,"[3, 4, 17]"
17,"[5, 17]"
7,"[5, 7, 17]"
5,"[5, 7, 17]"
4,[4]
4,"[3, 4, 5]"
17,"[0, 17]"
17,"[0, 17]"
4,[4]
17,"[4, 17]"
17,"[10, 17]"
17,[17]
17,"[6, 17]"
2,"[2, 10, 17]"
5,"[5, 17]"
17,"[7, 10, 17]"
17,"[3, 17]"
17,"[6, 10, 17]"
7,"[7, 17]"
17,"[3, 17]"
17,"[2, 10, 17]"
17,"[5, 17]"
17,"[6, 17]"
17,"[6, 10, 17]"
2,"[2, 6, 10]"
5,"[5, 17]"
17,"[6, 17]"
0,"[0, 10, 17]"
5,"[5, 17]"
4,"[4, 5, 17]"
17,"[3, 17]"
10,"[10, 17]"
5,[5]
4,"[4, 10]"
17,"[10, 17]"
17,"[4, 17]"
4,"[3, 4]"
17,[17]
17,"[10, 17]"
2,"[2, 5, 10]"
17,"[6, 10, 17]"
17,"[10, 17]"
7,"[7, 17]"
5,"[5, 17]"
17,"[3, 4, 17]"
5,"[4, 5]"
17,[17]
17,"[4, 17]"
7,"[5, 17]"
17,"[2, 17]"
17,"[5, 17]"
2,"[2, 17]"
10,"[10, 17]"
17,"[10, 17]"
17,"[10, 17]"
3,"[3, 5, 17]"
5,[5]
17,"[4, 17]"
17,"[3, 4, 17]"
5,"[5, 6, 17]"
4,"[2, 3, 4, 17]"
5,"[5, 6]"
2,"[2, 17]"
5,"[5, 6]"
17,"[3, 17]"
17,"[3, 17]"
17,"[2, 17]"
17,"[6, 17]"
5,"[5, 6, 17]"
4,"[3, 4, 17]"
4,"[3, 4]"
2,"[2, 3, 17]"
17,"[4, 17]"
17,"[4, 17]"
5,"[5, 6]"
4,"[2, 4, 17]"
2,"[2, 3, 5, 10, 17]"
2,"[2, 3, 10]"
4,"[3, 4, 5, 6, 17]"
4,"[2, 3, 4]"
4,[4]
2,"[2, 3, 4]"
4,[4]
4,[4]
17,"[2, 3, 17]"
17,[17]
17,[17]
3,"[3, 17]"
3,"[3, 4]"
17,"[4, 17]"
4,"[2, 3, 4, 17]"
2,"[2, 3]"
4,"[3, 4]"
3,"[3, 4, 17]"
3,"[3, 17]"
17,"[3, 4, 17]"
2,"[2, 3, 4, 17]"
4,"[4, 6]"
4,"[4, 17]"
3,"[3, 4, 17]"
2,"[2, 3, 5, 17]"
17,"[6, 17]"
17,"[2, 3, 4, 17]"
4,"[2, 3, 4, 17]"
4,"[4, 17]"
17,[17]
3,"[3, 17]"
17,"[3, 17]"
4,"[3, 4, 17]"
4,"[3, 4, 17]"
4,"[3, 4, 17]"
4,"[3, 4, 17]"
4,"[4, 17]"
4,"[2, 4, 17]"
17,"[4, 17]"
3,"[3, 17]"
2,"[2, 3, 4, 17]"
5,"[5, 17]"
5,"[2, 3, 5]"
5,"[2, 3, 5, 17]"
4,"[2, 4, 17]"
5,"[2, 5, 6]"
17,"[2, 4, 17]"
5,"[2, 5, 6]"
17,"[2, 5, 6, 17]"
3,"[3, 5, 17]"
17,"[4, 17]"
2,"[2, 4, 17]"
4,"[2, 4, 6, 17]"
4,"[4, 6, 17]"
2,"[2, 3, 6, 17]"
17,"[2, 17]"
5,"[2, 3, 5]"
5,"[5, 6, 17]"
2,[2]
17,"[2, 17]"
2,"[2, 17]"
17,"[4, 17]"
3,"[3, 17]"
4,"[4, 17]"
2,"[2, 3, 6, 17]"
4,"[4, 6]"
4,"[2, 4]"
5,"[5, 6]"
17,"[2, 17]"
5,"[2, 3, 5, 17]"
4,"[2, 4, 17]"
3,"[3, 17]"
2,"[2, 3, 6, 17]"
17,[17]
17,[17]
17,"[4, 17]"
17,"[10, 17]"
17,"[10, 17]"
17,"[10, 17]"
17,[17]
10,"[10, 17]"
7,"[5, 7, 17]"
17,"[4, 17]"
17,"[10, 17]"
17,"[10, 17]"
2,"[2, 10, 17]"
10,"[2, 10, 17]"
5,"[5, 17]"
17,"[4, 17]"
17,[17]
0,"[4, 17]"
10,"[10, 17]"
17,[17]
17,"[10, 17]"
17,"[0, 17]"
7,"[5, 7, 17]"
17,"[10, 17]"
17,[17]
17,"[10, 17]"
17,"[10, 17]"
17,"[10, 17]"
17,"[10, 17]"
17,"[4, 17]"
7,"[5, 17]"
10,"[10, 17]"
17,"[10, 17]"
17,"[10, 17]"
17,[17]
17,"[4, 17]"
10,"[10, 17]"
17,"[10, 17]"
0,"[0, 10, 17]"
17,"[4, 17]"
17,"[4, 17]"
10,"[10, 17]"
17,"[0, 4, 17]"
17,[17]
4,"[4, 17]"
17,[17]
17,"[10, 17]"
4,"[4, 17]"
10,[10]
5,"[0, 5, 17]"
17,"[10, 17]"
17,"[4, 17]"
10,"[10, 17]"
17,"[10, 17]"
10,"[10, 17]"
5,"[5, 17]"
17,"[10, 17]"
17,"[10, 17]"
2,"[2, 10, 17]"
0,"[0, 10, 17]"
17,"[10, 17]"
17,"[10, 17]"
5,"[5, 17]"
17,[17]
17,[17]
17,"[10, 17]"
0,"[0, 17]"
0,"[0, 4, 17]"
17,"[0, 17]"
7,"[5, 7, 17]"
17,"[10, 17]"
17,"[0, 17]"
5,"[5, 17]"
17,"[8, 17]"
10,"[10, 17]"
0,"[0, 17]"
17,"[4, 17]"
10,"[10, 17]"
17,"[0, 17]"
2,"[2, 10]"
17,"[5, 10, 17]"
17,"[0, 17]"
17,"[5, 10, 17]"
10,"[6, 10, 17]"
0,"[0, 5, 10, 17]"
17,[17]
4,"[4, 17]"
17,"[4, 17]"
4,[4]
17,"[4, 17]"
17,"[10, 17]"
2,"[2, 10, 17]"
17,"[10, 17]"
10,[10]
17,"[10, 17]"
7,"[5, 7, 17]"
17,"[10, 17]"
17,"[10, 17]"
10,[10]
10,[10]
0,"[0, 17]"
17,[17]
10,[10]
10,"[10, 17]"
2,"[2, 17]"
17,[17]
4,"[4, 17]"
17,[17]
17,"[10, 17]"
17,"[10, 17]"
17,[17]
17,"[10, 17]"
17,"[10, 17]"
0,"[0, 17]"
0,"[0, 4, 17]"
17,"[4, 7, 17]"
17,[17]
17,"[10, 17]"
17,"[10, 17]"
17,"[4, 17]"
17,[17]
13,"[11, 13, 14, 16, 17]"
15,"[14, 15, 17]"
16,"[14, 16, 17]"
15,"[0, 15, 17]"
0,"[0, 14, 15, 17]"
14,"[0, 14, 15, 17]"
15,"[14, 15, 17]"
13,"[11, 13, 14, 17]"
0,"[0, 9, 14, 17]"
14,"[0, 14, 17]"
17,"[11, 13, 17]"
5,[5]
5,"[5, 17]"
14,"[14, 17]"
5,[5]
0,"[0, 14, 15, 17]"
15,"[0, 14, 15, 17]"
17,"[11, 13, 17]"
16,"[11, 13, 14, 16, 17]"
14,"[0, 14, 15, 16, 17]"
0,"[0, 14, 17]"
5,"[5, 15, 17]"
14,"[14, 15]"
16,"[14, 16]"
17,"[11, 13, 16, 17]"
16,"[14, 16]"
17,"[11, 13, 16, 17]"
13,"[11, 13, 14, 16, 17]"
5,"[5, 15]"
17,"[11, 13, 16, 17]"
13,"[11, 13, 14, 16, 17]"
16,"[11, 13, 14, 16, 17]"
13,"[11, 13, 14, 16, 17]"
15,"[0, 9, 14, 15, 17]"
0,"[0, 5, 14, 17]"
2,"[2, 4, 5, 10, 17]"
2,"[2, 4, 17]"
4,"[2, 4]"
4,"[4, 5, 17]"
2,"[2, 5, 10]"
2,"[2, 4, 17]"
17,"[5, 17]"
17,"[5, 17]"
2,"[2, 10, 17]"
2,"[2, 17]"
2,"[2, 10]"
5,[5]
2,"[2, 17]"
2,"[2, 4]"
4,[4]
4,"[4, 17]"
17,"[5, 17]"
2,"[2, 17]"
5,"[5, 17]"
5,"[5, 17]"
17,"[5, 17]"
2,"[2, 17]"
2,"[2, 17]"
2,"[2, 4]"
2,"[2, 4]"
2,"[2, 4, 17]"
2,"[2, 4, 17]"
2,"[2, 4, 17]"
2,"[2, 4]"
4,"[2, 4]"
5,[5]
17,"[5, 17]"
2,"[2, 10, 17]"
5,"[2, 5]"
2,"[2, 4, 17]"
2,"[2, 4, 17]"
17,[17]
0,"[0, 1, 17]"
1,"[0, 1, 5, 17]"
5,"[0, 1, 5, 17]"
17,"[1, 5, 17]"
17,"[1, 5, 17]"
17,[17]
17,"[0, 17]"
5,"[5, 17]"
0,"[0, 17]"
17,[17]
17,[17]
1,"[1, 17]"
17,[17]
17,"[1, 17]"
17,"[1, 17]"
17,[17]
0,"[0, 17]"
1,"[1, 17]"
17,"[1, 17]"
0,"[0, 1, 17]"
5,"[5, 8, 17]"
5,"[5, 17]"
17,[17]
1,"[1, 17]"
17,[17]
17,"[1, 17]"
0,"[0, 17]"
1,[1]
5,"[5, 17]"
2,"[2, 4, 17]"
2,"[2, 4]"
2,"[2, 4, 5]"
2,"[2, 5, 17]"
2,"[2, 4, 17]"
5,"[5, 10, 17]"
2,[2]
2,"[2, 4, 17]"
2,[2]
2,"[2, 4]"
2,"[2, 4]"
2,"[2, 4]"
2,"[2, 17]"
2,"[2, 4]"
2,[2]
2,[2]
2,"[2, 4]"
2,"[2, 4, 17]"
2,"[2, 17]"
2,"[2, 4]"
2,"[2, 4]"
2,"[2, 4, 17]"
5,"[4, 5, 17]"
5,"[5, 17]"
2,"[2, 4]"
2,"[2, 4]"
2,"[2, 4]"
5,"[5, 17]"
4,"[4, 17]"
2,"[2, 4]"
2,[2]
2,"[2, 4]"
4,"[4, 17]"
2,"[2, 4]"
2,"[2, 4]"
2,"[2, 17]"
2,"[2, 4]"
2,[2]
2,[2]
4,"[4, 5, 17]"
2,"[2, 4, 5]"
4,"[4, 5, 17]"
2,"[2, 4]"
2,"[2, 17]"
2,"[2, 4]"
2,[2]
2,[2]
2,[2]
2,"[2, 17]"
2,"[2, 4, 17]"
2,"[2, 4, 17]"
2,"[2, 4]"
2,"[2, 4, 17]"
4,"[2, 4]"
2,"[2, 4, 17]"
2,"[2, 4, 17]"
2,"[2, 4, 17]"
4,"[4, 5, 17]"
2,[2]
2,[2]
2,"[2, 4]"
2,"[2, 4]"
2,"[2, 4, 17]"
5,"[4, 5]"
2,"[2, 4]"
2,"[2, 4, 17]"
2,"[2, 4, 17]"
2,"[2, 4, 10, 17]"
2,"[2, 4, 10]"
2,"[2, 4, 10, 17]"
2,"[2, 10]"
2,"[2, 17]"
2,"[2, 10, 17]"
2,"[2, 10, 17]"
2,"[2, 17]"
2,"[2, 5, 10, 17]"
4,"[4, 5, 17]"
2,"[2, 4, 5, 17]"
2,"[2, 10, 17]"
4,"[2, 4, 17]"
2,"[2, 17]"
2,"[2, 4, 17]"
2,"[2, 4, 17]"
2,"[2, 17]"
2,"[2, 17]"
2,"[2, 17]"
2,"[2, 4, 17]"
2,"[2, 17]"
2,"[2, 17]"
2,"[2, 4, 17]"
11,"[5, 11]"
5,"[5, 17]"
17,"[11, 17]"
17,"[10, 11, 17]"
17,"[10, 17]"
7,"[5, 7, 17]"
6,"[6, 17]"
7,"[5, 7, 17]"
17,[17]
8,"[5, 8, 17]"
10,"[10, 17]"
8,"[5, 8]"
5,"[4, 5, 7, 17]"
5,"[5, 7, 17]"
8,"[5, 6, 8]"
8,[8]
11,"[5, 11, 17]"
10,"[6, 10, 17]"
11,"[5, 11]"
6,"[6, 10, 17]"
6,"[6, 8, 10, 17]"
7,"[5, 17]"
11,"[11, 17]"
7,"[5, 7, 17]"
17,"[6, 10, 17]"
17,"[10, 17]"
5,"[5, 17]"
17,"[6, 10, 17]"
8,"[5, 8, 17]"
17,"[10, 17]"
17,"[5, 6, 17]"
10,"[6, 10, 17]"
7,"[5, 7, 17]"
17,"[5, 10, 17]"
8,"[6, 8, 17]"
10,[10]
8,"[5, 8]"
11,[11]
17,"[6, 17]"
8,"[6, 8, 17]"
17,"[6, 17]"
17,"[6, 17]"
10,"[10, 17]"
17,"[4, 17]"
8,"[5, 8, 17]"
17,"[6, 17]"
8,"[5, 8, 17]"
6,"[6, 8, 17]"
6,"[6, 17]"
5,"[5, 17]"
17,"[11, 17]"
17,[17]
14,"[14, 17]"
17,"[9, 17]"
17,"[5, 17]"
17,[17]
17,[17]
17,"[5, 17]"
17,[17]
17,[17]
0,"[0, 14, 17]"
5,"[5, 17]"
5,"[0, 5, 14, 17]"
17,[17]
17,"[0, 17]"
17,[17]
17,[17]
17,[17]
17,[17]
0,"[0, 14, 17]"
14,"[14, 15]"
5,"[5, 17]"
5,"[5, 17]"
17,"[15, 17]"
15,"[9, 15, 17]"
17,"[9, 17]"
17,"[9, 17]"
17,[17]
0,"[5, 9, 15, 17]"
15,"[9, 17]"
17,"[5, 17]"
5,"[5, 17]"
15,"[9, 15]"
17,[17]
17,"[15, 17]"
5,"[5, 14]"
15,"[5, 15]"
15,"[9, 15]"
17,[17]
0,"[0, 15, 17]"
17,"[5, 17]"
17,"[5, 17]"
0,"[0, 9, 15, 17]"
17,[17]
5,"[5, 14, 17]"
17,[17]
17,[17]
5,"[5, 14]"
17,"[15, 17]"
14,[14]
17,"[15, 17]"
5,"[5, 14, 17]"
5,"[5, 17]"
14,"[14, 17]"
6,"[4, 6, 17]"
17,"[4, 6, 17]"
6,"[6, 17]"
6,"[6, 8, 17]"
8,"[8, 17]"
6,"[6, 17]"
17,"[4, 6, 17]"
8,"[8, 17]"
17,"[4, 6, 17]"
8,"[8, 17]"
17,"[4, 17]"
8,"[8, 17]"
8,"[8, 17]"
17,"[4, 17]"
6,"[6, 8, 17]"
3,"[2, 3, 5, 17]"
17,"[6, 17]"
0,"[0, 2, 10, 17]"
7,"[5, 7, 17]"
17,"[0, 10, 17]"
0,"[0, 2, 10, 17]"
17,"[4, 17]"
0,"[0, 10, 17]"
17,"[2, 6, 9, 10, 17]"
17,"[10, 17]"
17,"[10, 17]"
17,[17]
3,"[3, 17]"
10,"[10, 17]"
17,"[10, 17]"
17,[17]
2,"[2, 3]"
17,"[10, 17]"
7,"[5, 7, 17]"
17,"[10, 17]"
17,"[3, 5, 17]"
17,"[10, 17]"
17,"[10, 17]"
2,"[2, 3, 5, 10, 17]"
2,"[2, 3, 10, 17]"
2,"[2, 10, 17]"
2,"[2, 17]"
10,"[10, 17]"
17,"[2, 3, 17]"
10,"[10, 17]"
7,"[5, 7, 17]"
0,"[0, 17]"
17,[17]
3,"[3, 5]"
7,"[7, 17]"
17,"[10, 17]"
17,"[10, 17]"
7,"[5, 7, 17]"
17,"[10, 17]"
0,"[0, 10, 17]"
10,"[10, 17]"
17,"[10, 17]"
7,"[5, 17]"
0,"[0, 17]"
2,"[2, 10]"
3,"[3, 5, 17]"
0,"[0, 17]"
0,"[0, 3, 7, 17]"
17,"[3, 17]"
10,"[3, 10, 17]"
2,"[2, 10, 17]"
10,[10]
3,"[2, 3, 5]"
17,"[10, 17]"
7,"[3, 5, 7, 17]"
7,"[5, 17]"
2,"[2, 3, 17]"
17,[17]
17,"[10, 17]"
17,"[10, 17]"
17,[17]
17,[17]
17,"[4, 17]"
10,[10]
7,"[7, 10, 17]"
17,"[10, 17]"
17,"[10, 17]"
17,"[6, 17]"
10,"[6, 10, 17]"
17,"[10, 17]"
17,"[3, 17]"
17,"[4, 17]"
17,"[10, 17]"
17,"[10, 17]"
17,"[6, 17]"
17,"[10, 17]"
7,"[7, 17]"
0,"[0, 10, 17]"
17,"[10, 17]"
10,[10]
17,"[10, 17]"
17,"[10, 17]"
17,"[10, 17]"
17,"[10, 17]"
17,"[10, 17]"
17,[17]
2,"[2, 10]"
17,"[10, 17]"
2,"[2, 10]"
0,"[0, 17]"
2,"[2, 10]"
17,[17]
17,"[1, 3, 17]"
2,"[2, 10]"
17,"[2, 17]"
10,"[10, 17]"
2,"[2, 3, 5]"
2,"[2, 4, 17]"
17,"[10, 17]"
17,"[10, 17]"
17,"[10, 17]"
17,"[10, 17]"
17,[17]
2,"[2, 6, 10, 17]"
4,"[2, 4, 5, 17]"
2,"[2, 10]"
1,"[1, 17]"
2,"[1, 2, 17]"
2,"[1, 2, 17]"
17,"[1, 6, 17]"
17,"[1, 17]"
17,[17]
17,"[1, 17]"
5,"[5, 6, 17]"
0,"[0, 5, 17]"
2,"[2, 5, 6, 10, 17]"
5,"[2, 5, 6, 10, 17]"
4,"[2, 4, 5, 17]"
5,"[5, 6, 17]"
2,"[1, 2, 17]"
17,[17]
17,"[1, 17]"
5,"[2, 5]"
17,"[1, 17]"
2,"[1, 2, 6, 17]"
17,"[10, 17]"
17,[17]
17,"[1, 17]"
17,[17]
5,"[2, 5, 17]"
2,"[1, 2, 5, 17]"
0,"[0, 17]"
17,"[2, 6, 17]"
2,"[1, 2, 10]"
2,"[2, 4]"
17,"[1, 17]"
17,"[5, 17]"
17,[17]
17,"[8, 17]"
1,"[1, 4]"
17,"[2, 6, 17]"
5,"[5, 6, 17]"
1,"[1, 2]"
17,"[1, 17]"
17,[17]
0,"[0, 6, 17]"
17,[17]
2,"[2, 4, 17]"
17,[17]
17,"[2, 10, 17]"
17,"[2, 17]"
1,"[1, 2, 17]"
17,[17]
2,"[2, 11, 17]"
17,[17]
17,"[1, 4, 11, 17]"
17,[17]
17,"[1, 17]"
4,"[4, 6]"
17,[17]
17,"[5, 17]"
1,[1]
17,[17]
17,"[1, 4, 17]"
17,[17]
0,"[0, 5, 17]"
4,"[1, 4]"
17,[17]
1,"[1, 17]"
2,[2]
17,"[1, 17]"
17,[17]
17,"[1, 17]"
1,"[1, 17]"
5,"[5, 6, 17]"
17,[17]
17,"[1, 6, 17]"
17,"[1, 2, 17]"
17,"[4, 6, 17]"
4,"[4, 6]"
2,"[1, 2, 17]"
5,"[2, 5, 17]"
2,"[2, 10, 11, 17]"
17,"[5, 10, 11, 17]"
17,[17]
1,"[1, 17]"
0,"[0, 17]"
17,"[5, 17]"
2,"[2, 17]"
17,"[10, 11, 17]"
17,"[10, 17]"
1,"[1, 17]"
1,[1]
17,[17]
5,"[5, 17]"
17,"[1, 17]"
17,"[1, 17]"
17,"[4, 5, 10, 17]"
17,"[0, 5, 17]"
17,"[5, 17]"
10,[10]
17,"[5, 17]"
10,[10]
0,"[0, 10, 17]"
17,"[10, 17]"
2,"[2, 10, 17]"
17,"[6, 10, 17]"
2,"[2, 10, 17]"
17,"[10, 17]"
10,"[10, 17]"
0,"[0, 2, 10, 17]"
17,"[10, 17]"
2,"[2, 17]"
0,"[0, 10, 17]"
2,"[2, 10]"
2,"[2, 17]"
17,[17]
0,"[0, 5, 17]"
10,[10]
2,"[2, 4]"
0,"[0, 5, 17]"
17,"[4, 17]"
17,"[10, 17]"
17,[17]
17,"[10, 17]"
2,"[2, 10, 17]"
17,[17]
10,"[4, 10]"
17,"[6, 10, 17]"
17,"[6, 10, 17]"
0,"[0, 5, 17]"
17,"[4, 10, 17]"
2,"[2, 10, 17]"
17,"[10, 17]"
17,"[10, 17]"
17,"[10, 17]"
17,"[10, 17]"
2,"[2, 17]"
0,"[0, 17]"
17,"[4, 17]"
17,"[4, 17]"
0,"[0, 17]"
17,"[10, 17]"
0,"[0, 2, 10, 17]"
2,"[2, 10, 17]"
0,"[0, 2, 10, 17]"
17,"[10, 17]"
2,"[2, 4]"
2,"[2, 4, 17]"
2,"[2, 4]"
2,"[2, 4]"
2,"[2, 4]"
2,"[2, 4]"
2,"[2, 4]"
2,"[2, 4]"
17,[17]
4,"[4, 17]"
2,"[2, 17]"
2,"[0, 2, 17]"
2,"[2, 4, 17]"
2,"[2, 4]"
2,"[2, 4]"
2,"[2, 4, 17]"
2,"[2, 17]"
4,"[4, 10, 17]"
2,"[2, 4, 17]"
2,"[2, 4, 17]"
2,"[2, 4]"
2,[2]
17,[17]
17,[17]
2,[2]
17,"[6, 17]"
2,"[2, 4, 17]"
2,"[2, 4, 17]"
2,"[2, 4, 17]"
2,"[2, 10]"
2,"[2, 4]"
2,"[2, 4, 10]"
2,"[2, 4, 17]"
2,"[2, 4, 17]"
2,"[2, 4, 17]"
2,"[2, 4, 17]"
2,"[2, 4, 17]"
2,"[2, 4]"
2,"[2, 4]"
2,"[2, 4]"
17,"[2, 17]"
2,"[2, 4]"
4,"[2, 4]"
2,"[2, 4]"
4,"[10, 17]"
2,"[2, 4]"
4,"[4, 17]"
2,"[2, 4]"
2,"[2, 4]"
2,"[2, 4]"
2,"[2, 4, 17]"
2,[2]
2,"[2, 4]"
2,"[2, 4]"
2,"[2, 4]"
2,"[2, 4]"
4,[4]
17,[17]
2,"[2, 4, 17]"
2,"[2, 4, 17]"
2,"[2, 4, 17]"
2,"[2, 4, 17]"
2,"[2, 17]"
2,"[2, 4]"
2,"[2, 17]"
17,[17]
2,"[2, 4]"
4,[4]
2,"[2, 4]"
2,"[2, 4]"
2,"[2, 4]"
17,[17]
2,[2]
2,"[2, 4]"
4,"[4, 17]"
2,"[2, 4, 10]"
17,"[10, 17]"
2,"[2, 4]"
4,"[4, 10]"
4,"[4, 17]"
2,"[2, 4]"
17,"[5, 17]"
2,"[2, 4, 17]"
2,"[2, 17]"
2,"[2, 4, 17]"
2,"[2, 4, 17]"
2,"[2, 4, 17]"
2,"[2, 4]"
2,"[2, 4]"
17,[17]
2,"[2, 4]"
2,"[2, 4]"
2,"[2, 4]"
2,"[2, 4, 17]"
4,[4]
17,"[4, 17]"
2,"[2, 4, 17]"
17,[17]
17,[17]
2,"[2, 4, 17]"
17,[17]
2,"[2, 17]"
2,"[2, 4]"
2,"[2, 4]"
17,[17]
17,[17]
4,"[4, 17]"
4,"[2, 4]"
2,"[2, 17]"
2,[2]
17,[17]
2,"[2, 4, 17]"
2,"[2, 4]"
17,[17]
17,[17]
2,"[2, 4]"
2,"[2, 4]"
2,"[2, 4]"
2,"[2, 4, 17]"
2,"[2, 4, 17]"
2,"[2, 4, 17]"
2,"[2, 4, 17]"
4,"[4, 17]"
4,[4]
17,"[4, 15, 17]"
4,"[3, 4, 17]"
17,[17]
17,"[5, 15, 17]"
17,[17]
0,"[0, 9, 17]"
2,"[2, 4]"
0,"[0, 15, 17]"
17,[17]
2,"[2, 4, 17]"
4,"[2, 4, 17]"
6,"[6, 17]"
17,[17]
5,"[2, 4, 5, 17]"
2,"[2, 4, 17]"
17,"[3, 6, 17]"
17,"[5, 9, 17]"
3,"[3, 4, 6]"
17,"[3, 4, 17]"
2,"[2, 5, 17]"
2,"[2, 4, 17]"
0,"[0, 15, 17]"
0,"[0, 15, 17]"
0,"[0, 9, 17]"
15,"[9, 15]"
4,"[2, 4, 17]"
17,"[0, 17]"
17,[17]
17,"[3, 17]"
5,"[5, 17]"
0,"[0, 15, 17]"
0,"[0, 9, 17]"
2,"[2, 4, 17]"
4,"[3, 4, 17]"
2,"[2, 17]"
0,"[0, 17]"
17,[17]
0,"[0, 9, 17]"
6,"[3, 6, 17]"
0,"[0, 17]"
2,"[2, 4, 17]"
2,"[2, 10, 17]"
2,"[2, 4, 17]"
17,"[5, 15, 17]"
6,"[3, 5, 6]"
2,"[2, 4, 17]"
17,"[9, 15, 17]"
17,"[9, 15, 17]"
4,"[3, 4, 17]"
17,"[7, 17]"
17,[17]
0,"[0, 17]"
15,"[0, 15, 17]"
15,"[0, 15, 17]"
17,[17]
2,"[2, 4, 17]"
0,"[0, 9, 17]"
17,"[3, 4, 17]"
0,"[0, 17]"
4,"[4, 17]"
0,"[0, 6, 17]"
6,"[3, 6, 17]"
17,"[5, 17]"
6,"[3, 6, 17]"
2,"[2, 17]"
17,[17]
17,[17]
17,[17]
3,"[3, 6, 17]"
17,[17]
5,"[4, 5, 17]"
2,"[2, 17]"
4,"[4, 17]"
0,"[0, 17]"
15,"[6, 15, 17]"
6,"[3, 6, 17]"
0,"[0, 17]"
4,"[4, 17]"
2,"[2, 4, 17]"
3,"[3, 4, 17]"
17,[17]
17,[17]
3,"[3, 5]"
17,[17]
6,"[3, 5, 6, 17]"
17,"[3, 17]"
15,"[15, 17]"
17,[17]
6,"[3, 5, 6]"
17,[17]
4,"[3, 4]"
2,"[2, 4, 5, 17]"
2,"[2, 4, 17]"
17,"[2, 4, 15, 17]"
17,"[2, 4, 17]"
5,"[2, 4, 5, 17]"
17,[17]
17,[17]
6,"[3, 6]"
2,"[2, 4, 17]"
17,"[3, 17]"
0,"[0, 9, 17]"
0,"[0, 15, 17]"
0,"[0, 9, 17]"
17,"[9, 17]"
2,"[2, 4, 17]"
3,"[3, 4, 6, 17]"
4,"[3, 4, 17]"
17,[17]
17,[17]
17,[17]
2,"[2, 4, 5]"
5,"[2, 5, 17]"
0,"[0, 17]"
17,[17]
5,"[5, 17]"
5,"[5, 17]"
17,[17]
8,"[8, 17]"
17,"[8, 17]"
17,"[8, 17]"
8,"[8, 17]"
8,"[8, 17]"
5,"[5, 8, 17]"
8,"[8, 17]"
8,"[8, 17]"
5,"[5, 8, 17]"
8,"[8, 17]"
8,"[8, 17]"
8,"[8, 17]"
8,"[8, 17]"
8,"[8, 17]"
8,"[8, 17]"
8,"[8, 17]"
8,"[8, 17]"
8,"[8, 17]"
17,[17]
5,"[5, 17]"
8,"[8, 17]"
2,"[2, 4]"
4,"[3, 4]"
17,"[4, 17]"
3,"[3, 4]"
17,"[3, 17]"
2,"[2, 3]"
2,"[2, 3]"
3,"[3, 4]"
17,"[3, 4, 17]"
3,"[3, 4]"
17,[17]
17,"[4, 17]"
3,"[3, 4]"
17,"[3, 17]"
17,"[3, 17]"
4,"[3, 4]"
2,"[2, 4]"
2,"[2, 4]"
17,"[3, 4, 17]"
3,"[3, 4, 17]"
4,"[2, 4, 17]"
17,"[4, 17]"
4,"[2, 4]"
4,"[2, 4, 17]"
17,"[4, 17]"
2,"[1, 2, 17]"
5,"[5, 17]"
17,"[1, 4, 6, 17]"
17,"[1, 17]"
17,"[1, 2, 17]"
1,"[1, 4, 17]"
2,"[2, 17]"
17,"[2, 17]"
17,"[1, 17]"
2,"[2, 17]"
5,"[0, 5, 17]"
5,"[0, 5, 17]"
17,"[2, 17]"
17,"[1, 17]"
2,"[2, 17]"
17,"[2, 6, 17]"
5,"[1, 5, 17]"
17,"[2, 6, 17]"
5,"[2, 5, 17]"
5,"[1, 5, 17]"
17,"[1, 17]"
17,[17]
5,"[5, 17]"
17,[17]
2,[2]
17,"[4, 17]"
17,"[2, 17]"
5,"[5, 17]"
17,[17]
2,"[2, 17]"
17,"[2, 17]"
17,"[0, 17]"
17,"[1, 17]"
17,"[1, 17]"
1,"[1, 17]"
2,"[2, 6, 17]"
17,"[1, 17]"
5,"[5, 6, 17]"
17,"[1, 17]"
17,[17]
5,"[1, 5, 17]"
17,"[1, 17]"
5,"[1, 5, 17]"
17,"[1, 17]"
2,"[1, 2, 5, 17]"
5,"[5, 17]"
17,"[5, 17]"
17,"[1, 17]"
17,[17]
17,"[1, 17]"
17,"[1, 17]"
5,"[1, 5, 17]"
17,"[1, 17]"
17,"[1, 17]"
17,"[1, 17]"
1,[1]
17,"[2, 17]"
17,"[2, 17]"
17,"[1, 17]"
17,"[0, 17]"
5,"[5, 17]"
1,"[1, 17]"
2,"[1, 2, 17]"
17,"[0, 17]"
17,"[1, 17]"
17,"[4, 17]"
17,[17]
5,[5]
17,"[1, 17]"
17,"[1, 6, 17]"
17,"[1, 17]"
17,"[5, 17]"
17,"[1, 6, 17]"
17,"[1, 6, 17]"
17,[17]
17,"[1, 17]"
17,[17]
1,"[1, 17]"
17,"[0, 1, 17]"
17,"[1, 17]"
17,"[1, 17]"
17,"[0, 17]"
17,"[5, 17]"
17,"[1, 5, 17]"
17,"[0, 5, 17]"
17,"[0, 5, 17]"
17,"[1, 2, 17]"
17,"[1, 17]"
17,"[1, 4, 17]"
4,"[4, 5]"
2,"[2, 17]"
5,[5]
2,[2]
4,"[4, 5]"
2,"[2, 4]"
17,"[5, 17]"
0,"[0, 5, 17]"
2,"[2, 17]"
5,"[5, 17]"
2,"[2, 4, 6, 10, 17]"
2,"[2, 17]"
2,"[2, 17]"
2,"[2, 17]"
2,"[2, 5, 17]"
5,"[4, 5, 17]"
5,"[5, 17]"
2,[2]
2,"[2, 4, 5, 17]"
2,"[2, 4, 6, 17]"
17,"[5, 17]"
2,"[2, 17]"
2,[2]
2,"[2, 17]"
2,"[2, 17]"
2,[2]
4,"[2, 4, 6]"
17,"[2, 5, 17]"
2,"[2, 4, 17]"
2,"[2, 17]"
4,"[2, 4]"
5,"[5, 17]"
17,"[2, 4, 17]"
2,"[2, 4, 17]"
2,"[2, 17]"
2,"[2, 17]"
2,"[2, 17]"
2,"[2, 4, 5, 6]"
2,"[2, 17]"
2,"[2, 17]"
2,"[2, 4, 10, 17]"
2,"[2, 4, 10, 17]"
5,"[5, 17]"
2,"[2, 6, 17]"
2,"[2, 4, 9]"
2,"[2, 17]"
2,"[2, 17]"
17,"[10, 17]"
2,"[2, 10]"
5,"[5, 17]"
2,"[2, 4, 17]"
2,"[2, 10, 17]"
2,"[2, 4]"
0,"[0, 4, 17]"
2,"[2, 10]"
2,"[2, 17]"
2,"[2, 10, 17]"
2,"[2, 4]"
2,"[2, 17]"
2,"[2, 17]"
4,"[4, 17]"
2,"[2, 17]"
2,"[2, 4, 17]"
2,"[2, 4, 17]"
2,"[2, 4, 17]"
2,"[2, 17]"
2,"[2, 17]"
0,"[0, 4, 17]"
0,"[0, 4, 5, 17]"
2,[2]
5,"[5, 17]"
2,[2]
5,"[5, 17]"
2,"[2, 17]"
2,"[2, 4, 17]"
2,"[2, 6, 17]"
5,"[5, 6, 17]"
4,"[4, 5, 17]"
4,"[4, 17]"
0,"[0, 5, 17]"
2,"[2, 17]"
4,"[4, 17]"
2,"[2, 17]"
2,[2]
2,"[2, 4]"
2,"[2, 6, 17]"
4,"[2, 4]"
2,[2]
2,"[2, 6, 17]"
4,[4]
10,"[2, 10, 17]"
0,"[0, 17]"
0,"[0, 17]"
2,"[0, 2, 10, 17]"
2,"[2, 10, 17]"
17,"[10, 17]"
17,"[10, 17]"
17,"[10, 17]"
17,"[0, 17]"
17,"[5, 17]"
17,"[2, 10, 17]"
0,"[0, 17]"
0,"[0, 5, 17]"
17,"[6, 17]"
0,"[0, 10, 17]"
0,"[0, 17]"
17,"[2, 10, 17]"
10,[10]
4,"[2, 4, 5, 10]"
17,"[2, 6, 10, 17]"
17,"[0, 17]"
0,"[0, 17]"
0,"[0, 5, 17]"
17,"[2, 17]"
17,[17]
7,"[7, 9, 17]"
7,"[7, 9, 17]"
17,"[6, 10, 17]"
0,"[0, 10, 17]"
17,[17]
5,[5]
10,"[2, 10, 17]"
2,"[2, 10]"
5,"[0, 5, 17]"
2,"[2, 10]"
7,"[7, 17]"
0,"[0, 2, 10, 17]"
0,"[0, 17]"
17,"[6, 17]"
0,"[0, 10, 17]"
5,"[0, 5, 17]"
17,[17]
5,[5]
17,"[4, 17]"
10,"[2, 10, 17]"
5,"[0, 5, 17]"
2,"[2, 4]"
0,"[0, 6, 10, 17]"
0,"[0, 6, 10, 17]"
5,"[0, 5, 6, 10, 17]"
2,"[2, 6, 10, 17]"
17,"[6, 17]"
0,"[0, 17]"
5,[5]
17,"[10, 17]"
0,"[0, 17]"
2,"[2, 10]"
17,[17]
5,"[0, 5, 8, 17]"
4,[4]
17,"[6, 17]"
0,"[0, 10, 17]"
17,"[4, 17]"
10,"[10, 17]"
17,"[10, 17]"
2,"[2, 10]"
10,"[4, 6, 17]"
0,"[0, 17]"
5,[5]
0,"[0, 6, 10, 17]"
2,[2]
0,"[0, 5, 6, 10, 17]"
10,"[0, 4, 5, 6, 10, 17]"
0,"[0, 5, 6, 10, 17]"
2,"[0, 2, 6, 10, 17]"
0,"[2, 5, 6, 17]"
0,"[0, 10, 17]"
17,"[10, 17]"
2,"[2, 10, 17]"
0,"[0, 17]"
0,"[0, 5, 17]"
10,"[10, 17]"
2,"[2, 10, 17]"
0,"[0, 5, 10, 17]"
0,"[0, 2, 17]"
17,"[10, 17]"
17,"[6, 17]"
17,"[10, 17]"
17,"[10, 17]"
0,"[0, 10, 17]"
17,[17]
17,[17]
0,"[0, 5, 17]"
0,"[0, 10, 17]"
0,"[0, 5, 17]"
2,"[2, 10, 17]"
5,"[5, 17]"
0,"[0, 17]"
0,"[0, 17]"
0,"[0, 17]"
17,[17]
17,"[5, 9, 17]"
2,"[2, 6, 10]"
0,"[0, 8, 17]"
17,"[6, 17]"
17,"[8, 17]"
4,"[4, 17]"
4,"[4, 17]"
0,"[0, 4, 5, 17]"
17,"[4, 17]"
17,[17]
0,"[0, 5, 17]"
4,"[4, 17]"
17,"[4, 17]"
17,[17]
0,"[0, 17]"
17,[17]
17,"[10, 17]"
7,"[7, 8, 17]"
7,"[8, 17]"
10,"[10, 17]"
0,"[0, 7, 17]"
17,[17]
17,[17]
2,"[2, 4, 17]"
17,"[2, 17]"
2,"[2, 9, 17]"
0,"[0, 5, 17]"
2,"[2, 17]"
2,"[0, 2, 17]"
2,"[2, 17]"
2,"[2, 4, 17]"
2,"[0, 2, 4, 17]"
2,"[2, 4, 17]"
17,"[2, 10, 17]"
2,"[0, 2, 10, 17]"
2,"[2, 4, 17]"
2,"[2, 17]"
2,"[2, 17]"
2,"[2, 4, 17]"
2,"[2, 4, 9, 17]"
2,"[2, 4, 17]"
4,"[4, 17]"
2,"[2, 5]"
2,"[2, 5, 17]"
2,"[2, 4]"
2,"[2, 9, 17]"
2,"[2, 17]"
2,"[2, 5, 17]"
2,"[2, 5, 17]"
2,[2]
2,"[2, 17]"
2,"[2, 17]"
2,"[2, 17]"
2,"[2, 4]"
2,"[2, 17]"
0,"[0, 5, 17]"
2,"[2, 4]"
2,"[2, 4, 5, 6, 17]"
0,"[0, 2, 17]"
2,"[0, 2, 17]"
2,"[2, 17]"
2,"[2, 4, 17]"
2,"[2, 17]"
2,"[0, 2, 17]"
2,"[2, 17]"
2,"[2, 17]"
2,"[2, 17]"
0,"[0, 5, 17]"
2,"[2, 4, 17]"
2,"[2, 17]"
2,"[2, 4, 17]"
2,"[2, 4]"
2,"[2, 17]"
2,[2]
2,"[2, 4]"
2,"[2, 17]"
2,"[2, 4, 5]"
2,"[2, 4, 5]"
2,"[0, 2, 4, 17]"
2,"[2, 17]"
2,"[2, 4, 17]"
2,"[2, 4, 17]"
4,"[2, 4, 17]"
2,"[2, 4, 17]"
2,"[2, 4, 17]"
2,"[2, 4, 17]"
4,"[2, 4]"
17,"[2, 17]"
4,"[2, 4]"
2,"[2, 4]"
2,"[2, 4]"
2,"[2, 4]"
0,"[0, 5, 17]"
2,"[0, 2, 17]"
4,[4]
2,[2]
2,"[2, 4]"
2,"[2, 4]"
17,[17]
17,"[2, 4, 17]"
4,"[4, 17]"
17,[17]
4,"[2, 4, 17]"
17,[17]
17,[17]
17,[17]
17,[17]
17,[17]
2,"[2, 4, 17]"
17,"[2, 4, 17]"
17,"[4, 17]"
2,"[2, 4]"
17,[17]
17,[17]
17,"[4, 17]"
17,[17]
2,"[2, 4, 17]"
4,"[2, 4]"
17,[17]
17,[17]
4,"[4, 17]"
4,"[4, 17]"
2,"[2, 4, 17]"
2,"[2, 4]"
2,"[2, 4, 17]"
4,"[4, 17]"
2,"[2, 4, 17]"
17,[17]
4,"[4, 17]"
17,[17]
17,[17]
17,[17]
4,"[2, 4, 17]"
17,[17]
2,"[2, 4, 17]"
4,"[2, 4]"
17,[17]
17,[17]
17,[17]
17,[17]
17,"[4, 17]"
17,[17]
17,"[4, 17]"
2,"[2, 4, 17]"
2,"[2, 4, 17]"
17,[17]
2,"[2, 4]"
17,"[4, 17]"
4,[4]
17,[17]
17,[17]
17,[17]
17,[17]
17,[17]
17,[17]
4,[4]
17,[17]
17,[17]
17,[17]
2,"[2, 4, 17]"
17,[17]
17,[17]
17,"[4, 17]"
17,[17]
17,"[4, 17]"
17,[17]
4,"[4, 17]"
17,[17]
17,"[4, 17]"
17,[17]
17,[17]
17,[17]
17,[17]
4,"[2, 4]"
4,"[4, 17]"
17,"[4, 17]"
2,"[2, 4, 17]"
17,[17]
2,"[2, 4, 17]"
17,[17]
17,[17]
2,"[2, 4, 17]"
4,"[4, 17]"
17,"[14, 17]"
17,"[10, 17]"
17,[17]
4,"[4, 6, 17]"
17,[17]
17,[17]
17,[17]
17,[17]
4,[4]
17,[17]
17,[17]
17,[17]
17,[17]
4,"[4, 6, 10]"
17,[17]
17,[17]
17,[17]
17,[17]
17,"[4, 17]"
17,[17]
4,"[4, 17]"
17,[17]
17,[17]
17,[17]
4,"[4, 17]"
5,"[5, 6, 17]"
17,"[2, 10, 17]"
17,"[2, 10, 17]"
17,"[2, 17]"
17,"[2, 6, 17]"
2,"[2, 10, 17]"
4,"[2, 10, 17]"
2,"[2, 10, 17]"
2,"[2, 10, 17]"
4,"[2, 4, 17]"
17,"[4, 17]"
4,"[4, 17]"
17,[17]
17,[17]
17,"[4, 17]"
17,[17]
17,[17]
17,[17]
5,"[5, 17]"
17,"[4, 17]"
4,"[4, 17]"
17,"[4, 17]"
2,"[2, 4, 17]"
17,"[4, 17]"
4,"[2, 4, 17]"
5,"[5, 17]"
2,"[2, 4, 17]"
17,"[4, 17]"
5,[5]
5,"[5, 17]"
2,"[2, 4, 17]"
2,[2]
2,"[2, 4]"
2,[2]
2,"[2, 4]"
4,"[2, 4]"
2,"[2, 4, 17]"
4,"[2, 4, 17]"
2,"[2, 4, 17]"
2,"[2, 4, 17]"
2,"[2, 4]"
2,"[2, 17]"
2,"[2, 4]"
2,"[2, 4, 17]"
2,"[2, 4, 17]"
2,"[2, 4]"
4,"[2, 4, 17]"
2,"[2, 4]"
2,"[2, 4]"
2,"[2, 4]"
4,"[4, 17]"
2,[2]
4,"[2, 4]"
2,"[2, 4]"
2,"[2, 4]"
17,[17]
3,[3]
17,[17]
5,[5]
17,[17]
3,[3]
3,[3]
3,[3]
5,[5]
17,"[3, 17]"
3,[3]
17,[17]
17,"[3, 17]"
17,"[3, 17]"
3,[3]
17,[17]
3,"[3, 17]"
17,"[3, 17]"
17,"[3, 17]"
17,[17]
5,"[3, 5]"
17,[17]
3,"[3, 17]"
3,"[3, 17]"
17,"[3, 17]"
5,"[5, 17]"
3,"[3, 7, 17]"
17,"[3, 17]"
17,[17]
17,"[3, 7, 17]"
17,"[3, 17]"
17,[17]
17,"[3, 17]"
3,"[3, 17]"
17,[17]
3,"[3, 17]"
5,"[5, 17]"
3,[3]
17,[17]
16,"[14, 16]"
17,[17]
0,"[0, 15, 17]"
17,[17]
5,"[5, 14, 17]"
17,[17]
15,"[15, 17]"
0,"[0, 5, 17]"
15,"[0, 15, 17]"
17,[17]
17,"[9, 17]"
17,"[15, 17]"
17,"[0, 17]"
17,[17]
17,"[5, 14, 17]"
17,"[14, 16, 17]"
17,"[15, 16, 17]"
17,[17]
17,"[15, 17]"
0,"[0, 15, 17]"
17,"[0, 17]"
17,[17]
17,"[14, 16, 17]"
15,"[0, 15, 17]"
0,"[0, 15, 17]"
17,[17]
15,"[15, 17]"
17,"[5, 17]"
17,[17]
9,"[9, 17]"
16,[14]
17,[17]
15,"[9, 15, 17]"
17,"[15, 17]"
14,[14]
17,"[15, 17]"
17,"[15, 17]"
17,"[14, 17]"
5,"[5, 14]"
17,"[0, 17]"
16,[16]
17,"[9, 15, 17]"
9,"[0, 9, 17]"
17,[17]
17,"[15, 17]"
5,"[5, 17]"
17,[17]
14,"[5, 14]"
17,[17]
14,[14]
9,"[9, 17]"
5,[5]
17,"[9, 17]"
17,"[14, 17]"
17,[17]
17,"[14, 17]"
5,"[5, 17]"
17,"[15, 17]"
9,[9]
16,"[14, 16, 17]"
16,"[5, 16, 17]"
14,"[14, 16, 17]"
0,"[0, 15, 17]"
17,"[0, 17]"
14,"[14, 17]"
17,"[9, 17]"
17,"[0, 9, 17]"
17,[17]
9,"[0, 9, 15, 17]"
0,"[0, 17]"
17,"[15, 17]"
17,"[4, 17]"
17,[17]
17,"[15, 17]"
17,[17]
17,"[15, 17]"
17,[17]
17,"[5, 17]"
17,"[9, 17]"
4,"[4, 17]"
17,[17]
17,[17]
17,"[0, 17]"
17,[17]
0,"[0, 17]"
17,"[5, 9, 17]"
15,"[9, 15, 17]"
4,"[4, 17]"
17,"[5, 9, 17]"
9,"[9, 15, 17]"
17,[17]
17,"[15, 17]"
17,"[15, 17]"
17,[17]
17,[17]
17,"[4, 17]"
0,"[0, 17]"
17,[17]
5,"[0, 5, 17]"
17,"[0, 15, 17]"
4,"[4, 17]"
17,"[4, 17]"
17,"[15, 17]"
4,"[4, 17]"
5,[5]
0,"[0, 17]"
17,"[5, 9, 17]"
5,"[5, 9]"
15,"[9, 15]"
4,"[4, 17]"
17,"[4, 17]"
17,"[4, 17]"
5,"[5, 17]"
4,"[4, 17]"
17,[17]
17,"[15, 17]"
17,"[0, 15, 17]"
17,"[0, 5, 9, 17]"
4,"[4, 5, 17]"
9,"[5, 9, 15, 17]"
17,"[15, 17]"
0,"[0, 5, 15, 17]"
0,"[0, 9, 15, 17]"
0,"[0, 9, 15, 17]"
9,"[0, 5, 9, 17]"
9,"[0, 9, 17]"
17,"[9, 17]"
0,"[0, 15, 17]"
17,[17]
17,[17]
17,[17]
4,"[4, 17]"
17,"[10, 17]"
17,[17]
17,[17]
0,"[0, 9, 17]"
17,[17]
17,[17]
0,"[0, 9, 17]"
15,"[9, 15]"
17,[17]
15,"[0, 15, 17]"
17,"[0, 17]"
17,"[15, 17]"
17,"[15, 17]"
15,"[0, 15, 17]"
4,"[4, 15, 17]"
17,[17]
9,"[0, 9, 17]"
0,"[0, 17]"
17,"[5, 17]"
17,"[9, 15, 17]"
0,"[0, 5, 15, 17]"
17,"[0, 5, 17]"
5,"[5, 17]"
0,"[0, 5, 15, 17]"
15,"[15, 17]"
0,"[0, 9, 15, 17]"
5,"[0, 5, 17]"
5,"[5, 17]"
0,"[0, 17]"
17,[15]
15,"[9, 15, 17]"
5,"[5, 17]"
15,"[9, 15, 17]"
9,"[9, 17]"
9,"[9, 17]"
15,"[9, 15, 17]"
17,"[9, 17]"
5,"[5, 17]"
17,"[9, 15]"
0,"[0, 17]"
17,"[9, 15, 17]"
17,"[0, 17]"
9,"[9, 15, 17]"
17,"[0, 15, 17]"
0,"[0, 17]"
5,"[5, 17]"
9,"[0, 9, 17]"
17,[17]
17,"[9, 17]"
15,"[9, 15]"
17,"[9, 15, 17]"
17,"[5, 17]"
0,"[0, 17]"
17,"[5, 17]"
17,"[9, 17]"
5,"[0, 5, 9, 17]"
9,"[9, 17]"
17,"[5, 15, 17]"
17,"[5, 17]"
17,"[15, 17]"
17,"[0, 15, 17]"
17,"[15, 17]"
17,"[9, 17]"
17,"[4, 17]"
17,"[15, 17]"
17,[17]
5,"[5, 17]"
0,"[0, 17]"
0,"[0, 9, 17]"
0,"[0, 17]"
17,"[5, 17]"
17,[17]
5,"[5, 17]"
5,[5]
17,[17]
17,"[9, 17]"
5,[5]
0,"[0, 9, 17]"
17,"[9, 17]"
17,"[5, 15, 17]"
0,"[0, 15, 17]"
17,"[15, 17]"
17,"[5, 17]"
3,"[3, 17]"
2,[2]
4,"[2, 4]"
3,"[3, 4]"
2,"[2, 17]"
4,[4]
3,"[3, 4, 17]"
3,"[2, 3, 17]"
2,"[2, 4]"
2,"[2, 3, 4]"
3,"[3, 6, 17]"
2,"[2, 6]"
2,"[2, 6]"
2,"[2, 6, 17]"
4,"[2, 4, 17]"
2,"[2, 17]"
2,"[2, 4, 17]"
2,"[2, 17]"
4,"[2, 4, 17]"
2,"[2, 17]"
4,"[4, 17]"
17,"[10, 17]"
0,"[0, 1, 17]"
17,"[10, 17]"
0,"[0, 1, 17]"
5,"[5, 17]"
17,"[1, 17]"
10,"[1, 10]"
5,"[0, 5, 17]"
17,"[5, 17]"
10,"[6, 10, 17]"
17,[17]
5,"[0, 5, 17]"
17,[17]
5,"[0, 5, 17]"
1,[1]
17,[17]
5,"[0, 5, 17]"
5,"[0, 5, 17]"
0,"[0, 5, 17]"
10,"[0, 1, 10, 17]"
0,"[0, 1, 17]"
17,"[1, 17]"
1,"[1, 17]"
5,"[1, 5, 17]"
5,"[5, 17]"
17,"[5, 17]"
17,[17]
1,"[1, 17]"
0,"[0, 1, 17]"
17,[17]
5,"[5, 17]"
1,"[1, 17]"
17,"[10, 17]"
5,"[5, 17]"
17,"[1, 10, 17]"
10,"[1, 10, 17]"
17,"[5, 17]"
17,"[10, 17]"
5,"[1, 5, 17]"
17,"[5, 17]"
5,"[5, 17]"
17,"[1, 17]"
17,"[1, 17]"
17,"[1, 17]"
5,"[5, 17]"
5,"[5, 17]"
5,"[1, 5, 17]"
17,"[1, 10, 17]"
1,"[1, 17]"
17,[17]
15,"[9, 15, 17]"
17,"[4, 17]"
17,[17]
0,"[0, 15, 17]"
0,"[0, 15, 17]"
3,"[3, 17]"
0,"[0, 17]"
17,[17]
17,"[4, 17]"
17,"[4, 17]"
17,[17]
17,"[5, 15, 17]"
17,[17]
17,[17]
17,"[4, 17]"
17,"[4, 17]"
15,"[0, 15, 17]"
4,"[4, 17]"
4,"[4, 5]"
17,"[5, 17]"
17,[17]
0,"[0, 17]"
17,"[0, 3, 17]"
3,[17]
0,"[0, 5, 15, 17]"
0,"[0, 15, 17]"
3,"[3, 17]"
15,"[9, 15, 17]"
17,[17]
17,[17]
0,"[0, 17]"
17,[17]
17,[17]
4,"[4, 17]"
17,"[0, 17]"
0,"[0, 15, 17]"
0,"[0, 17]"
3,"[3, 17]"
17,"[0, 17]"
17,"[4, 17]"
17,"[15, 17]"
17,"[0, 15, 17]"
17,[17]
17,"[15, 17]"
4,"[4, 17]"
0,"[0, 17]"
17,"[0, 17]"
17,[17]
17,[17]
15,"[15, 17]"
17,[17]
17,"[4, 17]"
4,"[4, 17]"
17,[17]
15,"[15, 17]"
17,"[3, 15, 17]"
17,[17]
17,"[4, 17]"
17,[17]
3,"[3, 17]"
17,[17]
17,"[4, 17]"
17,"[4, 17]"
17,[17]
3,"[3, 17]"
8,"[3, 5, 8, 17]"
4,"[3, 17]"
2,"[2, 3, 17]"
8,"[3, 5, 8, 17]"
4,[4]
4,"[4, 17]"
8,"[8, 17]"
8,"[8, 17]"
4,[4]
2,"[2, 17]"
8,"[3, 8, 17]"
2,[2]
8,"[3, 8, 17]"
4,"[3, 4]"
2,"[2, 17]"
2,"[2, 4, 17]"
2,"[2, 4]"
8,"[3, 8]"
4,[4]
2,[2]
4,"[3, 4, 17]"
3,"[3, 6, 17]"
8,"[3, 8, 17]"
2,"[3, 6]"
4,"[3, 4]"
8,"[3, 8, 17]"
2,"[3, 4]"
2,"[2, 3]"
3,"[3, 17]"
4,[4]
2,"[2, 17]"
4,"[3, 17]"
2,"[2, 6, 17]"
2,"[2, 17]"
3,"[3, 6, 17]"
2,"[2, 17]"
4,"[4, 17]"
3,"[3, 8, 17]"
4,"[4, 17]"
0,"[10, 17]"
2,"[2, 17]"
4,"[2, 4, 5, 10, 17]"
2,"[2, 4, 10, 17]"
4,"[2, 4, 17]"
2,"[2, 4, 10]"
17,"[4, 17]"
2,"[2, 5]"
2,"[2, 17]"
2,"[2, 17]"
17,"[9, 17]"
2,"[2, 17]"
2,"[2, 4]"
2,"[2, 17]"
17,[17]
0,"[0, 17]"
0,"[0, 17]"
2,"[2, 4]"
4,"[4, 17]"
2,"[2, 4, 5, 17]"
2,"[2, 4, 17]"
2,"[2, 4, 17]"
2,"[2, 4]"
2,"[2, 10, 17]"
2,"[2, 17]"
2,"[2, 10, 17]"
2,"[2, 17]"
2,"[0, 2, 4, 17]"
17,"[0, 17]"
2,"[2, 4, 10, 17]"
2,"[0, 2, 4, 17]"
17,"[0, 17]"
2,"[2, 17]"
2,"[2, 17]"
2,"[2, 4, 17]"
2,"[2, 5]"
2,"[2, 17]"
4,[4]
17,"[4, 17]"
2,"[2, 17]"
2,"[2, 5, 17]"
2,"[2, 4, 17]"
2,"[2, 4, 17]"
17,"[0, 17]"
4,"[4, 17]"
2,"[2, 17]"
2,"[2, 4, 17]"
2,"[2, 4, 17]"
2,"[2, 4]"
2,[2]
0,"[0, 5, 17]"
2,"[2, 17]"
2,"[2, 17]"
2,"[2, 4, 17]"
17,[17]
17,"[0, 17]"
17,"[0, 2, 17]"
2,"[2, 17]"
2,"[2, 17]"
2,"[2, 17]"
0,"[0, 5, 17]"
2,"[2, 17]"
2,"[2, 17]"
4,"[10, 17]"
0,"[0, 10, 17]"
17,[17]
0,"[0, 10, 17]"
0,"[0, 10, 17]"
17,"[10, 17]"
17,"[10, 17]"
0,"[0, 10, 17]"
17,[17]
17,"[10, 17]"
4,"[4, 17]"
17,"[9, 17]"
17,[17]
0,"[0, 17]"
0,"[0, 17]"
17,"[4, 17]"
4,"[4, 17]"
0,"[0, 17]"
17,"[0, 9, 17]"
17,"[0, 5, 9, 17]"
17,[17]
17,"[10, 17]"
4,"[4, 17]"
0,"[0, 10, 17]"
17,[17]
4,"[4, 17]"
17,"[4, 17]"
0,"[0, 17]"
17,[17]
0,"[0, 17]"
2,"[2, 17]"
4,[4]
2,[2]
17,[17]
17,"[2, 17]"
2,"[2, 10, 17]"
17,[17]
2,"[2, 17]"
7,[17]
2,"[0, 2, 17]"
17,"[10, 17]"
2,"[2, 17]"
17,"[10, 17]"
2,"[2, 10, 17]"
17,[17]
4,"[4, 17]"
4,"[2, 4, 17]"
17,"[2, 17]"
17,[17]
17,"[4, 17]"
17,"[4, 17]"
4,"[4, 17]"
17,[17]
7,"[7, 17]"
17,[17]
17,[17]
2,"[2, 4, 17]"
7,[17]
17,"[10, 17]"
2,"[2, 4, 17]"
17,"[10, 17]"
4,"[4, 17]"
17,"[4, 17]"
17,"[4, 17]"
17,"[2, 17]"
2,"[2, 4, 17]"
4,"[2, 4]"
17,[17]
4,"[2, 4]"
17,[17]
7,"[7, 17]"
17,"[4, 17]"
17,[17]
17,"[4, 17]"
17,"[4, 17]"
17,[17]
17,[17]
4,"[2, 4]"
17,[17]
2,"[2, 4]"
2,"[2, 17]"
2,"[2, 4]"
17,"[2, 17]"
17,"[2, 17]"
17,"[2, 17]"
17,"[2, 17]"
17,"[2, 17]"
7,"[7, 17]"
4,"[4, 17]"
17,[17]
17,[17]
17,[17]
17,[17]
2,"[2, 17]"
17,"[2, 17]"
2,"[2, 4, 17]"
2,"[2, 4, 17]"
17,"[4, 17]"
17,"[4, 17]"
17,"[4, 17]"
4,"[2, 4]"
2,"[2, 4, 17]"
2,"[2, 4]"
2,"[2, 4]"
2,"[2, 4, 17]"
17,"[1, 17]"
1,"[1, 17]"
17,"[1, 17]"
10,[10]
2,"[2, 10]"
1,"[1, 11, 17]"
17,"[1, 17]"
2,"[1, 2, 10, 17]"
0,"[0, 10, 17]"
8,"[1, 8, 10]"
2,"[2, 3, 17]"
17,"[0, 2, 3, 17]"
17,"[1, 17]"
17,"[8, 17]"
2,"[2, 3, 17]"
1,"[1, 17]"
17,"[1, 17]"
2,"[2, 10, 17]"
0,"[0, 2, 17]"
17,"[1, 17]"
8,"[8, 10]"
17,"[0, 17]"
17,"[1, 17]"
17,"[0, 2, 17]"
17,"[1, 17]"
1,"[1, 4, 17]"
17,"[1, 4, 17]"
17,"[2, 17]"
17,"[1, 17]"
17,"[1, 4, 17]"
17,"[1, 17]"
17,"[1, 17]"
1,"[1, 4, 17]"
17,"[1, 17]"
17,"[2, 3, 10, 17]"
17,"[1, 17]"
17,"[1, 17]"
17,"[1, 17]"
17,"[1, 17]"
10,"[1, 8, 10, 17]"
1,"[1, 10, 11, 17]"
17,"[2, 17]"
10,"[1, 8, 10, 17]"
17,"[1, 17]"
17,"[1, 17]"
10,"[10, 17]"
11,"[1, 11]"
2,"[2, 17]"
17,"[4, 17]"
17,"[1, 17]"
2,"[2, 3]"
17,"[1, 17]"
17,"[1, 17]"
11,"[5, 6, 11, 17]"
17,"[1, 17]"
17,"[1, 17]"
0,"[1, 10, 17]"
17,"[1, 17]"
8,"[8, 10]"
17,"[1, 17]"
8,"[8, 10]"
10,"[8, 10, 17]"
17,"[1, 17]"
11,"[1, 11, 17]"
17,"[1, 17]"
2,"[2, 17]"
2,"[2, 4, 11]"
17,"[1, 17]"
17,"[1, 17]"
2,"[1, 2, 4]"
0,"[0, 17]"
0,"[0, 4, 17]"
17,"[1, 17]"
17,"[1, 17]"
8,"[8, 17]"
1,"[1, 17]"
1,"[1, 17]"
17,"[1, 17]"
1,[1]
11,"[1, 11]"
17,"[1, 17]"
11,"[1, 11]"
17,"[10, 17]"
17,"[1, 17]"
17,"[1, 17]"
1,[1]
17,"[0, 17]"
17,[17]
0,"[0, 17]"
17,"[7, 17]"
17,"[8, 9, 17]"
17,"[0, 17]"
0,"[5, 17]"
17,"[0, 17]"
0,"[0, 5, 17]"
17,"[0, 5, 17]"
17,"[0, 15, 17]"
17,"[5, 17]"
17,[17]
0,"[0, 17]"
0,"[0, 17]"
5,"[5, 17]"
17,[17]
0,"[0, 15, 17]"
0,"[0, 17]"
17,"[5, 17]"
0,"[0, 15, 17]"
8,"[8, 9, 17]"
17,[17]
5,"[5, 17]"
9,"[9, 15, 17]"
9,"[9, 15]"
17,[17]
17,[17]
17,"[9, 15, 17]"
17,"[6, 9, 15, 17]"
17,"[15, 17]"
17,[17]
17,"[9, 17]"
17,[17]
17,"[15, 17]"
17,[17]
17,"[0, 17]"
0,"[0, 17]"
17,[17]
17,"[15, 17]"
17,[17]
8,"[8, 17]"
17,[17]
8,"[8, 17]"
15,"[15, 17]"
9,"[6, 9, 15]"
17,"[9, 17]"
17,"[6, 9, 15, 17]"
15,"[9, 15, 17]"
17,"[9, 17]"
9,"[6, 9, 15]"
17,[17]
9,"[9, 17]"
5,"[5, 17]"
0,"[0, 17]"
17,[17]
5,"[5, 17]"
15,"[15, 17]"
17,"[15, 17]"
0,"[0, 15, 17]"
0,"[0, 17]"
17,"[0, 17]"
15,"[9, 15]"
5,"[5, 17]"
15,"[9, 15]"
17,"[15, 17]"
8,"[8, 17]"
8,"[8, 17]"
0,"[0, 17]"
17,[17]
17,[17]
17,[17]
2,"[2, 4]"
10,"[4, 17]"
7,"[0, 17]"
0,"[0, 17]"
2,"[2, 17]"
17,"[7, 10, 17]"
17,"[2, 10, 17]"
17,"[0, 2, 10, 17]"
17,"[0, 17]"
7,"[0, 5, 7, 10, 17]"
17,"[2, 10, 17]"
0,"[0, 5, 17]"
2,"[2, 17]"
0,"[0, 5, 17]"
10,[10]
5,"[0, 5, 17]"
17,"[5, 17]"
17,"[0, 17]"
7,"[0, 5, 17]"
17,"[2, 10, 17]"
0,"[0, 10, 17]"
7,"[7, 17]"
7,"[0, 7, 17]"
2,"[2, 10]"
2,"[2, 10]"
5,[5]
7,"[0, 5, 7, 17]"
2,"[2, 10, 17]"
7,"[0, 5, 7, 17]"
5,"[0, 5, 7, 17]"
0,"[0, 7, 10, 17]"
17,"[10, 17]"
0,"[0, 7, 17]"
17,"[0, 10, 17]"
17,"[0, 10, 17]"
2,"[2, 10]"
17,"[4, 17]"
2,"[0, 2, 4, 6, 17]"
17,"[2, 4, 17]"
7,"[0, 17]"
17,"[10, 17]"
17,"[10, 17]"
7,"[0, 17]"
17,"[2, 10, 17]"
0,"[0, 17]"
17,[17]
2,[2]
2,"[2, 4]"
2,"[2, 17]"
17,[17]
2,"[0, 2, 17]"
0,"[0, 5, 17]"
2,"[2, 17]"
10,"[10, 17]"
10,[10]
0,"[0, 10, 17]"
2,"[2, 17]"
5,"[0, 5, 17]"
7,"[0, 5, 7, 17]"
0,"[0, 5, 17]"
17,"[10, 17]"
2,"[2, 10]"
17,"[6, 17]"
10,"[2, 10, 17]"
2,"[2, 4, 17]"
2,"[2, 17]"
2,"[2, 17]"
8,"[2, 4, 8, 17]"
8,"[4, 8, 17]"
8,"[8, 17]"
2,"[2, 4]"
17,"[6, 17]"
2,"[2, 4, 6, 17]"
2,"[2, 4, 17]"
17,"[8, 17]"
2,"[2, 4, 6]"
2,"[2, 6]"
2,"[2, 17]"
6,"[2, 6, 17]"
2,"[2, 4]"
2,"[2, 4, 17]"
17,[17]
4,"[2, 4]"
2,"[2, 4]"
8,"[8, 17]"
2,"[2, 4]"
2,"[2, 4]"
6,"[4, 6, 17]"
2,"[2, 4]"
2,"[2, 4]"
6,"[4, 6]"
2,"[2, 4, 6]"
2,"[2, 4, 8, 17]"
17,[17]
2,"[2, 4, 6, 17]"
2,"[2, 4, 17]"
4,"[4, 17]"
8,"[8, 17]"
4,"[4, 17]"
8,"[8, 17]"
4,"[2, 4]"
17,"[2, 17]"
8,"[6, 8, 17]"
2,"[2, 4]"
2,"[2, 4, 6]"
2,"[2, 6, 17]"
17,"[2, 17]"
2,"[2, 4, 17]"
8,"[6, 8, 17]"
8,"[6, 8, 17]"
17,"[2, 4, 6, 17]"
8,"[8, 17]"
17,"[2, 4, 17]"
2,"[2, 17]"
17,[17]
2,"[2, 4]"
4,"[4, 17]"
2,"[2, 4, 17]"
17,[17]
2,"[2, 4, 17]"
4,"[4, 17]"
2,[2]
17,"[2, 17]"
3,"[2, 3, 4]"
4,"[2, 4]"
17,"[3, 4, 6, 17]"
17,"[4, 17]"
17,[17]
17,"[3, 4, 17]"
4,"[2, 4, 17]"
2,"[2, 3, 17]"
17,"[3, 17]"
2,"[2, 17]"
2,"[2, 3, 4, 6]"
17,"[2, 3, 17]"
2,"[2, 4, 17]"
17,"[2, 3, 17]"
4,"[2, 4, 17]"
3,"[2, 3, 17]"
17,"[3, 17]"
2,"[2, 4]"
3,[3]
2,"[2, 4]"
17,"[2, 17]"
17,"[2, 17]"
3,[3]
17,"[2, 3, 17]"
17,"[2, 4, 17]"
4,"[3, 4, 17]"
17,"[2, 17]"
3,"[3, 4, 17]"
17,"[2, 3, 17]"
17,"[3, 17]"
17,"[2, 3, 17]"
4,"[2, 3, 4, 17]"
17,"[3, 4, 17]"
17,"[2, 3, 17]"
4,"[4, 17]"
17,"[3, 17]"
17,"[2, 3, 17]"
4,"[3, 4]"
17,"[2, 17]"
17,"[2, 3, 6, 17]"
17,"[3, 17]"
4,"[2, 4]"
17,"[3, 4, 17]"
17,"[3, 17]"
17,[17]
4,"[2, 4, 17]"
2,"[2, 3, 17]"
17,"[4, 17]"
4,"[3, 4]"
2,"[3, 17]"
4,"[2, 4]"
3,"[3, 17]"
3,"[3, 17]"
17,"[2, 3, 17]"
4,"[2, 3, 4, 17]"
17,"[3, 17]"
2,"[2, 17]"
17,"[2, 3, 17]"
2,"[2, 4]"
4,"[3, 4]"
17,"[3, 4, 17]"
3,"[3, 4]"
2,"[2, 4, 17]"
17,"[3, 17]"
4,"[2, 3, 4, 17]"
17,"[3, 17]"
3,"[3, 17]"
17,"[3, 17]"
2,"[2, 4, 17]"
2,"[2, 17]"
2,"[2, 4, 17]"
3,"[3, 17]"
0,"[0, 15, 17]"
17,"[5, 17]"
0,"[0, 14, 15, 17]"
5,"[5, 15, 17]"
15,"[0, 15, 17]"
0,"[0, 17]"
17,"[0, 17]"
17,"[14, 15, 17]"
0,"[0, 17]"
17,"[14, 15, 17]"
0,"[0, 15, 17]"
17,"[14, 17]"
17,"[0, 15, 17]"
17,"[9, 17]"
17,"[0, 14, 15, 17]"
0,"[0, 14, 17]"
14,"[0, 14, 17]"
17,"[15, 17]"
15,"[14, 15]"
14,"[14, 17]"
5,"[5, 15]"
15,"[6, 14, 15]"
0,"[0, 17]"
17,"[15, 17]"
0,"[0, 14, 15, 17]"
17,"[0, 17]"
17,"[14, 17]"
17,"[15, 17]"
17,"[15, 17]"
17,"[14, 17]"
15,"[15, 17]"
17,"[14, 15, 17]"
5,"[5, 14, 17]"
17,"[15, 17]"
15,"[14, 15, 17]"
0,"[0, 15, 17]"
17,"[5, 15, 17]"
17,"[14, 17]"
17,"[14, 17]"
5,"[5, 15, 17]"
17,"[0, 9, 17]"
17,"[14, 15, 17]"
0,"[0, 17]"
17,"[9, 17]"
0,"[0, 5, 17]"
15,"[0, 6, 14, 15, 17]"
14,"[14, 15, 17]"
17,"[9, 15, 17]"
0,"[0, 17]"
0,"[0, 17]"
17,"[14, 15, 17]"
14,"[14, 15, 17]"
0,"[0, 17]"
17,"[14, 17]"
17,"[0, 17]"
0,"[0, 17]"
0,"[0, 17]"
17,"[14, 17]"
17,"[0, 17]"
5,"[5, 15]"
17,"[15, 17]"
15,"[0, 15, 17]"
17,"[0, 17]"
0,"[0, 17]"
15,"[0, 15, 17]"
17,"[14, 15]"
15,"[0, 15, 17]"
15,"[0, 15, 17]"
17,"[15, 17]"
0,"[0, 14, 17]"
0,"[0, 17]"
14,"[0, 14, 17]"
17,"[14, 15, 17]"
2,"[2, 4, 10]"
2,"[2, 17]"
2,"[2, 4, 5, 10]"
2,"[2, 4, 5, 6, 10]"
2,"[2, 4, 10, 17]"
2,"[2, 10, 17]"
2,"[2, 10, 17]"
17,"[4, 17]"
2,"[2, 17]"
2,"[2, 17]"
2,"[2, 4, 17]"
2,"[2, 4, 17]"
0,[17]
2,"[2, 4]"
4,[4]
2,"[2, 4, 10, 17]"
2,"[2, 4, 10, 17]"
2,"[2, 17]"
2,"[2, 4, 17]"
2,"[2, 17]"
2,"[2, 17]"
17,[17]
2,"[2, 4, 17]"
4,"[2, 4, 17]"
2,"[2, 17]"
2,"[2, 17]"
2,"[2, 4, 17]"
2,"[2, 4, 17]"
4,"[2, 4, 17]"
2,"[2, 4, 17]"
2,"[2, 4, 17]"
2,"[2, 4]"
2,"[2, 17]"
4,"[2, 4, 5, 10, 17]"
2,"[2, 4, 10]"
2,"[2, 4, 10]"
17,"[4, 17]"
0,"[0, 4, 17]"
2,"[2, 4, 17]"
4,[4]
2,"[2, 4, 17]"
2,"[2, 4, 17]"
2,"[2, 4]"
2,"[2, 4, 17]"
2,"[2, 17]"
17,[17]
2,[2]
2,"[2, 4, 17]"
2,"[2, 17]"
2,"[2, 17]"
2,[2]
2,"[2, 4, 17]"
2,"[2, 4]"
2,"[2, 4]"
2,"[2, 4]"
2,[2]
2,[2]
2,"[2, 17]"
2,"[2, 17]"
0,"[0, 2, 17]"
2,"[0, 2, 17]"
2,"[2, 4, 17]"
2,"[2, 17]"
2,"[2, 17]"
2,"[2, 4]"
17,[17]
2,"[2, 4, 17]"
0,"[0, 17]"
0,"[0, 17]"
2,"[2, 4, 17]"
2,"[2, 17]"
8,"[6, 8, 17]"
6,"[6, 8, 17]"
8,"[6, 8, 17]"
6,"[6, 8]"
8,"[6, 8, 17]"
4,"[4, 6, 17]"
8,"[6, 8]"
6,"[6, 8, 17]"
4,[4]
8,"[6, 8, 17]"
8,"[6, 8]"
8,"[6, 8, 17]"
4,"[4, 6]"
8,"[6, 8]"
6,"[6, 8]"
8,"[6, 8, 17]"
6,"[6, 8]"
8,"[6, 8, 17]"
4,"[4, 8, 17]"
2,"[2, 4]"
17,"[4, 17]"
10,"[2, 10]"
4,"[3, 4]"
17,"[10, 17]"
2,"[2, 4, 17]"
4,"[4, 17]"
3,"[3, 4, 17]"
4,[4]
2,"[2, 4, 17]"
4,[4]
17,"[10, 17]"
2,"[2, 10, 17]"
4,[3]
2,"[2, 10, 17]"
2,"[2, 10, 17]"
3,[3]
17,"[10, 17]"
17,"[10, 17]"
17,"[10, 17]"
17,"[10, 17]"
17,"[10, 17]"
3,"[3, 4]"
2,"[2, 17]"
3,"[3, 4]"
4,"[3, 4]"
17,"[10, 17]"
17,"[10, 17]"
17,"[10, 17]"
2,"[2, 10, 17]"
17,"[2, 17]"
7,"[7, 10, 17]"
2,"[2, 17]"
2,"[2, 17]"
3,"[3, 4, 17]"
17,[17]
2,"[2, 17]"
2,"[2, 17]"
4,"[4, 17]"
3,"[3, 4, 17]"
4,"[3, 4]"
3,"[3, 4, 17]"
2,"[2, 4, 17]"
3,"[3, 17]"
10,"[2, 10]"
17,"[10, 17]"
4,"[3, 4, 17]"
17,"[10, 17]"
17,"[4, 17]"
2,"[2, 4, 17]"
17,"[4, 17]"
17,[17]
7,"[7, 17]"
17,"[4, 17]"
7,"[7, 10, 17]"
2,"[2, 4, 17]"
7,"[7, 17]"
7,"[7, 17]"
10,"[10, 17]"
10,"[2, 10]"
17,"[10, 17]"
7,"[7, 17]"
2,"[2, 4]"
17,[17]
2,"[2, 4]"
17,[17]
2,[2]
4,"[3, 4]"
10,[10]
4,"[3, 4]"
3,"[3, 4]"
4,"[3, 4]"
7,"[7, 10, 17]"
2,"[2, 10, 17]"
2,"[2, 10, 17]"
3,"[3, 4]"
4,"[3, 4]"
17,"[10, 17]"
7,"[7, 10, 17]"
2,"[2, 17]"
7,"[7, 10, 17]"
2,"[2, 10, 17]"
2,"[2, 10]"
2,"[2, 10, 17]"
17,"[10, 17]"
17,"[10, 17]"
17,"[1, 17]"
17,"[1, 17]"
1,"[1, 17]"
1,"[1, 17]"
17,"[1, 17]"
1,"[1, 17]"
17,"[1, 17]"
17,"[1, 17]"
1,"[1, 17]"
1,"[1, 17]"
2,"[2, 4, 6]"
2,"[2, 4, 6, 17]"
2,"[2, 4, 17]"
17,"[5, 9, 17]"
0,"[0, 8, 17]"
5,"[5, 17]"
5,"[4, 5, 17]"
0,"[0, 17]"
0,"[0, 5, 17]"
0,"[0, 5, 6, 17]"
15,"[6, 9, 15]"
4,"[2, 4, 17]"
0,"[0, 5, 17]"
17,"[0, 17]"
0,"[0, 8, 17]"
17,"[5, 17]"
15,[15]
8,[17]
5,"[5, 6]"
17,"[0, 17]"
0,"[0, 5, 17]"
11,"[6, 11, 17]"
17,"[0, 17]"
0,"[0, 17]"
2,"[2, 4, 5, 17]"
0,"[0, 5, 17]"
5,"[5, 6, 17]"
0,"[0, 5, 17]"
5,"[5, 17]"
0,"[0, 5, 15, 17]"
0,"[0, 5, 17]"
4,"[4, 17]"
17,"[9, 17]"
5,"[5, 17]"
2,"[2, 17]"
0,"[0, 5, 17]"
15,"[9, 15, 17]"
8,"[8, 17]"
4,"[2, 4, 17]"
17,"[5, 17]"
11,"[4, 11]"
0,"[0, 8, 9, 17]"
5,"[2, 4, 5, 9]"
2,"[2, 4]"
4,"[2, 4, 17]"
2,"[2, 4, 11, 17]"
17,"[5, 17]"
17,[17]
11,"[2, 4, 11]"
2,"[2, 4, 17]"
2,"[2, 4]"
2,"[2, 11, 17]"
17,[17]
17,[5]
17,"[9, 17]"
0,"[0, 5, 17]"
17,"[9, 17]"
5,"[4, 5, 17]"
0,"[0, 5, 9, 17]"
2,"[2, 4, 5, 17]"
11,"[5, 11]"
0,"[0, 5, 17]"
0,"[0, 6, 17]"
11,"[6, 10, 11]"
17,"[5, 17]"
17,"[9, 17]"
0,"[0, 5, 6, 17]"
0,"[0, 17]"
2,"[2, 4]"
0,"[0, 6, 9, 17]"
2,"[2, 5, 17]"
5,"[2, 5, 17]"
2,"[2, 4, 17]"
0,"[0, 15, 17]"
2,"[2, 17]"
17,[17]
0,"[0, 5, 17]"
15,"[9, 15, 17]"
0,"[9, 17]"
17,[17]
17,"[0, 17]"
4,"[2, 4, 17]"
17,"[0, 17]"
11,"[5, 11]"
0,"[0, 17]"
2,"[2, 4, 17]"
8,"[8, 17]"
0,"[0, 5, 9, 17]"
17,"[15, 17]"
17,"[2, 11, 17]"
17,"[0, 17]"
17,"[9, 15, 17]"
11,"[4, 11]"
0,"[0, 17]"
0,"[0, 17]"
2,"[2, 4]"
17,[17]
2,"[2, 5, 17]"
2,"[2, 4, 17]"
0,"[0, 8, 17]"
11,"[4, 11, 17]"
8,"[0, 8, 17]"
2,"[2, 4, 17]"
17,"[5, 17]"
5,"[2, 5]"
0,"[0, 15, 17]"
0,"[0, 17]"
15,"[0, 15, 17]"
11,"[4, 11, 17]"
0,"[0, 17]"
0,"[0, 8, 17]"
11,"[4, 11, 17]"
17,"[6, 17]"
10,"[10, 17]"
17,[17]
2,"[2, 17]"
1,"[1, 17]"
0,"[0, 1, 10, 17]"
17,[17]
17,"[5, 17]"
17,"[2, 10, 17]"
17,[17]
17,[17]
17,"[6, 17]"
2,"[1, 2, 10]"
17,[17]
1,"[1, 10, 17]"
17,[17]
17,"[1, 10, 17]"
17,[17]
17,"[10, 17]"
17,[17]
10,"[1, 2, 10, 17]"
17,[17]
0,"[0, 1, 17]"
17,"[6, 17]"
17,[17]
17,"[1, 17]"
10,"[1, 10, 17]"
17,"[6, 17]"
1,"[1, 17]"
17,"[6, 17]"
1,"[1, 10, 17]"
2,"[2, 4, 17]"
17,"[1, 17]"
1,"[1, 4, 17]"
17,"[1, 10, 17]"
17,"[5, 17]"
17,"[1, 17]"
17,[17]
17,"[10, 17]"
17,"[4, 17]"
2,"[1, 2, 10]"
17,"[1, 6, 17]"
17,[17]
1,"[1, 10, 17]"
17,"[1, 17]"
17,"[1, 4, 17]"
0,"[1, 4]"
2,"[1, 2, 10, 17]"
17,[17]
10,"[1, 10, 17]"
2,"[1, 2, 10, 17]"
2,"[1, 2]"
17,"[1, 10, 17]"
17,[17]
17,"[1, 10, 17]"
1,"[1, 10, 17]"
17,"[1, 17]"
17,"[6, 17]"
17,"[6, 17]"
2,"[1, 2, 17]"
17,"[1, 10, 17]"
2,"[1, 2]"
17,"[6, 17]"
17,[17]
2,"[1, 2]"
17,[17]
17,[17]
17,[17]
17,"[6, 17]"
17,[17]
17,[17]
17,"[1, 17]"
8,"[8, 17]"
8,"[8, 17]"
1,"[1, 17]"
17,"[1, 17]"
17,"[1, 17]"
1,"[1, 17]"
17,"[1, 3, 17]"
3,"[1, 3]"
7,"[1, 3, 7, 17]"
7,"[1, 7, 17]"
8,"[1, 8, 17]"
8,"[1, 8]"
7,"[3, 7, 17]"
17,"[3, 17]"
8,"[1, 8, 17]"
8,"[1, 8, 17]"
3,"[1, 3, 7, 17]"
1,"[1, 17]"
8,"[1, 8, 17]"
8,[8]
8,"[1, 8]"
7,"[3, 17]"
7,"[1, 17]"
17,"[1, 17]"
17,"[1, 17]"
8,"[1, 8, 17]"
1,"[1, 17]"
8,"[1, 8]"
8,"[1, 8]"
17,"[3, 17]"
3,"[1, 3, 17]"
17,"[1, 3, 17]"
3,"[3, 17]"
17,[17]
8,"[0, 8, 17]"
3,[17]
2,"[2, 4, 17]"
4,[4]
4,"[2, 10, 17]"
17,"[8, 17]"
0,"[0, 5, 17]"
2,"[2, 4, 10]"
2,"[2, 17]"
2,"[2, 4, 17]"
2,"[2, 4, 17]"
2,"[2, 4, 17]"
17,"[0, 17]"
5,"[5, 17]"
17,"[0, 17]"
2,"[2, 17]"
0,"[0, 17]"
17,[17]
2,"[2, 4]"
2,"[2, 4]"
2,"[2, 17]"
2,"[2, 4, 17]"
2,"[2, 17]"
17,[17]
5,"[5, 17]"
0,"[0, 2, 17]"
17,[17]
2,"[2, 10]"
17,"[0, 17]"
0,"[0, 17]"
17,"[5, 17]"
2,"[2, 4, 17]"
2,"[2, 4, 17]"
2,[2]
17,[17]
2,[2]
17,"[2, 17]"
17,[17]
2,"[2, 17]"
2,"[2, 17]"
17,[17]
2,"[2, 4, 17]"
2,"[2, 17]"
17,[17]
0,"[0, 2, 17]"
17,"[2, 10, 17]"
2,"[0, 2, 10, 17]"
17,"[0, 17]"
17,"[0, 17]"
2,"[2, 4]"
0,"[0, 5, 17]"
2,[2]
0,"[0, 17]"
2,"[0, 2, 10, 17]"
17,"[2, 17]"
2,[2]
17,[17]
17,[17]
17,"[0, 17]"
17,[17]
0,"[0, 17]"
17,[17]
2,"[2, 17]"
2,"[2, 4, 17]"
17,[17]
0,"[0, 2, 17]"
2,"[2, 17]"
17,[17]
4,"[2, 4, 17]"
0,"[0, 17]"
0,"[0, 17]"
0,"[0, 17]"
2,"[2, 4, 17]"
5,"[5, 17]"
2,"[0, 2, 17]"
17,[17]
2,"[2, 17]"
2,"[2, 17]"
0,"[0, 17]"
2,"[2, 17]"
17,[17]
2,"[0, 2, 17]"
17,[17]
5,"[5, 17]"
2,"[2, 17]"
2,"[2, 17]"
2,"[2, 4, 17]"
4,[4]
17,[17]
2,"[2, 17]"
0,"[0, 17]"
4,[4]
2,"[2, 10]"
2,"[2, 10, 17]"
2,"[2, 10]"
2,"[2, 17]"
17,"[0, 5, 17]"
2,[2]
0,"[0, 17]"
5,"[5, 17]"
2,"[2, 10, 17]"
2,"[2, 17]"
2,"[2, 3, 4, 6, 17]"
4,"[4, 6, 17]"
8,"[5, 8, 17]"
17,"[6, 17]"
4,"[2, 6, 17]"
2,"[2, 3, 17]"
4,"[2, 6, 17]"
4,"[2, 3, 4, 17]"
4,"[2, 4, 17]"
4,"[4, 6]"
17,[17]
17,[17]
17,[17]
17,"[6, 17]"
2,"[2, 3, 17]"
17,[17]
4,"[4, 17]"
17,"[3, 17]"
2,"[2, 3, 4]"
2,"[2, 3, 8, 17]"
2,"[2, 3, 10, 17]"
2,"[2, 3, 10, 17]"
2,"[2, 3, 10]"
2,"[2, 3, 10, 17]"
4,"[2, 3, 4]"
4,"[2, 4, 8, 17]"
4,"[2, 4, 17]"
4,"[2, 4]"
17,"[6, 17]"
17,"[6, 17]"
8,"[2, 3, 8, 17]"
2,"[2, 3, 4, 6, 17]"
2,"[2, 3]"
8,"[8, 17]"
4,"[2, 3, 4]"
2,"[2, 3]"
4,"[2, 3, 4]"
2,"[2, 3, 4]"
2,"[2, 3]"
2,"[2, 3, 4, 6]"
2,"[2, 3, 4]"
2,"[2, 3, 4, 17]"
4,"[2, 3, 4]"
17,"[2, 17]"
2,"[2, 3]"
8,"[2, 3, 8, 17]"
17,"[6, 17]"
4,"[2, 4, 17]"
2,"[2, 3]"
17,"[2, 3, 4, 17]"
17,"[2, 3, 4, 17]"
8,"[2, 4, 8, 17]"
17,"[4, 17]"
17,"[4, 17]"
2,"[2, 4]"
17,"[2, 4, 17]"
2,"[2, 4]"
2,"[2, 4]"
2,"[2, 4, 17]"
17,"[4, 17]"
17,"[2, 17]"
4,"[2, 4]"
17,"[2, 17]"
17,[17]
4,"[4, 17]"
2,"[2, 4, 17]"
4,"[2, 4, 17]"
17,"[4, 17]"
17,"[2, 5, 17]"
4,"[4, 10, 17]"
2,"[2, 10, 17]"
4,"[4, 5, 10, 17]"
2,"[2, 10, 17]"
17,"[4, 17]"
4,[4]
4,[4]
17,"[4, 17]"
2,"[2, 4, 17]"
4,[4]
4,[4]
2,"[2, 4]"
2,"[2, 4, 17]"
17,"[4, 17]"
17,"[4, 17]"
17,[17]
17,[17]
17,"[4, 17]"
17,[17]
17,[17]
17,[17]
17,"[3, 17]"
17,"[3, 17]"
17,"[4, 17]"
17,[17]
17,[17]
17,[17]
17,[17]
17,[17]
17,"[4, 17]"
17,[17]
17,"[4, 17]"
17,[17]
17,[17]
17,[17]
17,[17]
17,[17]
17,[17]
17,[17]
17,[17]
17,[17]
17,[17]
17,[17]
17,[17]
17,"[4, 17]"
17,[17]
17,[17]
17,[17]
17,[17]
17,[17]
17,"[10, 17]"
17,"[5, 17]"
2,"[2, 17]"
17,"[5, 17]"
17,"[5, 17]"
17,"[5, 17]"
17,"[10, 17]"
17,"[10, 17]"
17,"[10, 17]"
17,"[5, 10, 17]"
17,[17]
17,[17]
17,"[8, 10, 17]"
17,[17]
2,"[2, 10, 17]"
4,"[4, 17]"
17,"[5, 17]"
17,"[4, 17]"
4,"[4, 17]"
17,"[10, 17]"
2,"[2, 17]"
2,"[2, 5, 17]"
2,"[2, 17]"
4,"[5, 10, 17]"
17,"[4, 17]"
4,"[4, 17]"
17,[17]
17,[17]
17,"[4, 17]"
17,"[2, 17]"
17,[17]
17,[17]
17,"[2, 17]"
17,"[2, 6, 17]"
2,"[2, 10, 17]"
17,"[2, 10, 17]"
17,"[2, 10, 17]"
10,"[0, 2, 10, 17]"
17,"[10, 17]"
17,"[2, 17]"
17,"[10, 17]"
17,[17]
17,"[5, 17]"
17,[17]
2,"[2, 3, 17]"
2,"[2, 3, 17]"
2,"[2, 4, 17]"
17,"[2, 17]"
17,"[4, 11]"
17,"[2, 10, 17]"
17,"[6, 17]"
2,"[2, 17]"
17,"[2, 17]"
2,"[2, 3, 17]"
10,"[10, 17]"
17,"[2, 17]"
3,"[2, 3, 6]"
3,"[2, 3, 17]"
10,"[10, 17]"
2,"[2, 17]"
17,"[2, 17]"
3,"[2, 3, 6]"
17,"[2, 3, 17]"
2,"[0, 2, 5, 17]"
17,"[2, 17]"
10,"[10, 17]"
2,"[2, 3, 17]"
10,"[2, 10, 17]"
17,"[2, 10, 17]"
17,"[10, 17]"
10,"[2, 10, 17]"
17,"[2, 17]"
0,"[0, 10, 17]"
17,"[10, 17]"
17,[17]
2,"[2, 10]"
0,"[0, 10, 17]"
17,"[0, 6, 17]"
17,"[2, 4, 17]"
17,"[2, 4, 17]"
10,"[2, 10, 17]"
17,"[2, 17]"
0,"[0, 10, 17]"
2,"[2, 17]"
0,"[0, 17]"
17,"[10, 17]"
17,[17]
3,"[2, 3, 6]"
2,"[2, 17]"
0,"[0, 17]"
3,"[2, 3, 6, 17]"
2,"[2, 3, 17]"
10,"[10, 17]"
17,"[10, 17]"
2,"[2, 10]"
17,"[6, 17]"
10,"[2, 10]"
17,"[10, 17]"
17,"[2, 10, 17]"
17,"[10, 17]"
17,"[10, 17]"
17,"[10, 17]"
17,"[3, 6, 17]"
10,"[10, 17]"
2,"[2, 17]"
5,[5]
8,"[8, 17]"
0,"[0, 5, 17]"
14,"[14, 15]"
0,"[0, 5, 15, 17]"
17,"[14, 15, 17]"
17,"[0, 17]"
14,"[14, 15, 17]"
17,"[14, 17]"
8,"[8, 15, 17]"
0,"[0, 17]"
5,"[5, 15]"
8,"[8, 14]"
14,"[14, 17]"
17,"[0, 17]"
14,[14]
8,"[8, 17]"
14,"[14, 17]"
8,"[8, 14, 17]"
0,"[0, 15, 17]"
17,"[0, 17]"
17,[17]
17,[17]
17,"[0, 17]"
17,"[0, 17]"
17,"[14, 17]"
8,"[8, 17]"
17,"[14, 17]"
5,[5]
0,"[0, 15, 17]"
17,[17]
17,"[14, 17]"
8,"[8, 17]"
17,"[14, 17]"
17,"[14, 17]"
0,"[0, 14, 17]"
5,"[5, 15]"
17,"[0, 17]"
8,"[8, 15]"
0,"[0, 14, 17]"
17,"[0, 14, 17]"
8,"[8, 15, 17]"
8,"[8, 17]"
17,[17]
0,"[0, 17]"
17,[17]
17,"[1, 17]"
2,"[2, 17]"
5,"[1, 2, 5, 17]"
17,[17]
10,"[10, 17]"
5,"[5, 17]"
2,"[2, 10, 17]"
10,"[6, 10, 17]"
10,"[1, 6, 10, 17]"
17,"[5, 17]"
17,[17]
5,"[5, 17]"
17,"[0, 2, 17]"
1,"[1, 2, 17]"
17,"[2, 17]"
1,"[1, 2]"
17,"[1, 17]"
17,"[1, 17]"
2,"[1, 2]"
17,"[6, 10, 17]"
2,"[1, 2, 17]"
17,"[6, 17]"
2,"[1, 2, 17]"
0,"[0, 17]"
1,"[1, 17]"
17,"[2, 10, 17]"
10,"[1, 6, 10, 17]"
17,"[1, 17]"
0,"[0, 5, 17]"
17,"[1, 17]"
10,"[1, 6, 10]"
17,"[1, 17]"
2,"[1, 2, 17]"
10,"[10, 17]"
17,[17]
10,"[1, 8, 10, 17]"
1,"[1, 10, 17]"
17,"[1, 2, 8, 10, 17]"
0,"[0, 5, 17]"
17,"[1, 17]"
0,"[0, 5, 17]"
1,"[1, 17]"
17,[17]
17,[17]
17,"[1, 17]"
2,"[1, 2, 17]"
17,"[1, 17]"
17,"[2, 17]"
17,"[1, 4, 17]"
1,[1]
17,"[1, 17]"
17,"[1, 17]"
5,"[0, 5, 17]"
1,"[1, 2, 4, 17]"
2,"[2, 17]"
0,"[0, 17]"
17,[17]
17,"[1, 17]"
2,"[2, 17]"
17,"[0, 17]"
17,[17]
17,"[0, 2, 17]"
17,[17]
17,[17]
17,[17]
17,"[1, 17]"
0,"[1, 17]"
1,"[1, 2, 17]"
0,"[5, 17]"
5,"[5, 17]"
17,[17]
17,[17]
17,"[1, 4, 17]"
17,"[1, 17]"
17,"[2, 10, 17]"
17,"[1, 17]"
17,"[1, 10, 17]"
17,"[5, 17]"
17,[17]
17,"[1, 17]"
17,[17]
17,"[1, 17]"
17,"[1, 17]"
17,"[1, 17]"
17,"[1, 17]"
0,"[0, 1, 5, 17]"
17,"[1, 6, 10, 17]"
10,"[1, 4, 10, 17]"
17,"[1, 17]"
1,"[1, 6, 10, 17]"
17,"[6, 10, 17]"
0,"[0, 1, 17]"
17,"[0, 2, 17]"
17,"[1, 10, 17]"
17,"[0, 1, 17]"
17,"[6, 17]"
0,"[0, 1, 17]"
17,[17]
17,"[0, 17]"
17,"[1, 17]"
2,"[2, 17]"
1,"[1, 10]"
3,"[3, 17]"
3,[3]
4,"[3, 4, 17]"
3,"[3, 17]"
17,[17]
4,"[4, 17]"
4,"[4, 17]"
17,"[4, 17]"
17,"[3, 4, 17]"
17,"[3, 17]"
17,"[3, 17]"
17,"[3, 17]"
4,"[3, 4, 17]"
4,[4]
3,"[3, 4, 17]"
3,"[3, 4, 17]"
4,"[3, 4, 17]"
3,"[3, 4, 17]"
4,"[3, 4, 17]"
4,"[4, 17]"
17,"[3, 4, 17]"
17,"[3, 17]"
4,"[4, 17]"
3,"[3, 17]"
3,"[3, 17]"
3,"[3, 4, 17]"
4,"[4, 17]"
17,"[4, 17]"
17,"[4, 17]"
4,"[3, 4, 17]"
17,"[3, 17]"
17,[17]
4,[4]
4,"[3, 4, 17]"
4,"[4, 17]"
17,[17]
17,"[1, 17]"
17,"[1, 17]"
17,"[10, 17]"
17,[17]
17,"[1, 17]"
17,"[4, 17]"
8,"[1, 8, 17]"
17,"[5, 17]"
17,"[1, 17]"
17,"[0, 1, 17]"
17,"[1, 2, 17]"
17,"[2, 17]"
0,"[0, 1, 17]"
2,"[1, 2, 3, 17]"
1,"[1, 17]"
11,"[11, 17]"
17,"[1, 17]"
17,"[0, 10, 17]"
2,"[2, 10]"
0,"[0, 1, 17]"
17,"[10, 17]"
8,"[1, 8, 17]"
1,"[1, 17]"
17,"[1, 2, 17]"
17,"[1, 17]"
17,"[1, 17]"
2,"[1, 2, 10]"
11,"[4, 11, 17]"
4,"[2, 4, 17]"
17,"[2, 4, 17]"
17,"[11, 17]"
17,"[4, 17]"
17,"[1, 17]"
17,"[1, 4, 17]"
8,"[8, 17]"
4,"[4, 6, 11]"
17,"[1, 17]"
17,"[2, 17]"
17,"[1, 17]"
1,"[1, 17]"
0,"[0, 1, 17]"
17,"[0, 17]"
17,"[1, 17]"
17,"[1, 17]"
17,"[1, 2, 17]"
17,"[2, 17]"
17,"[1, 2, 17]"
17,"[1, 17]"
17,"[1, 17]"
17,"[1, 17]"
17,"[1, 17]"
11,"[4, 11]"
8,"[1, 8, 17]"
17,"[1, 8, 17]"
17,"[1, 17]"
17,"[0, 17]"
17,"[1, 2, 3, 17]"
2,"[2, 10, 17]"
17,[17]
17,"[1, 17]"
17,"[1, 4, 17]"
17,"[1, 17]"
17,"[1, 2, 17]"
4,"[1, 10]"
2,"[2, 10, 11]"
17,"[1, 17]"
17,"[2, 17]"
11,"[6, 11, 17]"
17,"[2, 4, 17]"
17,"[1, 2, 3, 17]"
17,"[10, 11, 17]"
17,"[1, 17]"
4,"[4, 11, 17]"
17,"[2, 17]"
2,"[1, 2, 3, 17]"
17,"[1, 17]"
17,"[4, 17]"
2,"[2, 4, 17]"
8,"[1, 8, 17]"
17,"[1, 4, 17]"
17,"[10, 17]"
17,[17]
17,"[2, 17]"
17,"[1, 17]"
17,"[10, 17]"
17,"[10, 17]"
17,"[3, 17]"
2,"[2, 17]"
17,"[2, 4, 17]"
17,"[1, 17]"
17,"[1, 17]"
4,"[4, 11]"
17,"[2, 17]"
1,"[1, 17]"
17,"[4, 17]"
17,"[4, 17]"
17,"[4, 17]"
17,"[1, 8, 17]"
17,"[1, 2, 3, 17]"
1,"[1, 17]"
17,"[1, 2, 17]"
17,"[1, 2, 17]"
17,"[1, 17]"
11,"[11, 17]"
17,"[1, 17]"
7,[17]
7,"[8, 17]"
17,"[1, 17]"
8,"[1, 8, 17]"
7,"[5, 7, 8, 17]"
17,"[1, 17]"
1,"[1, 17]"
17,[17]
17,"[1, 17]"
5,"[5, 17]"
1,"[1, 6, 17]"
17,"[1, 17]"
17,[17]
17,"[5, 17]"
17,"[1, 17]"
1,[1]
7,"[0, 7, 17]"
7,"[7, 8, 17]"
17,"[1, 17]"
17,"[1, 17]"
17,[17]
17,[17]
8,"[8, 17]"
17,"[5, 17]"
17,[17]
17,"[1, 17]"
17,"[1, 17]"
8,"[8, 17]"
17,[17]
17,"[1, 17]"
1,[1]
17,"[1, 17]"
5,"[5, 6, 17]"
5,"[1, 5, 17]"
1,[1]
8,"[0, 8, 17]"
17,"[1, 17]"
17,"[1, 17]"
17,[17]
17,[17]
17,"[1, 17]"
5,"[1, 5, 17]"
16,[16]
5,[5]
14,[]
5,"[5, 14]"
16,"[14, 16]"
14,"[14, 16]"
16,"[14, 16]"
16,"[16, 17]"
5,[5]
5,"[5, 17]"
16,"[14, 16]"
14,"[14, 15, 16]"
14,"[14, 15, 16]"
17,"[10, 17]"
2,"[2, 5, 17]"
17,"[10, 17]"
17,"[5, 17]"
17,"[10, 17]"
0,"[0, 17]"
17,"[10, 17]"
10,[10]
10,"[10, 17]"
17,"[10, 17]"
17,"[10, 17]"
17,[17]
2,[2]
17,"[10, 17]"
2,"[2, 17]"
17,"[10, 17]"
17,"[10, 17]"
17,"[10, 17]"
0,"[0, 10, 17]"
2,"[2, 10, 17]"
17,"[10, 17]"
2,"[2, 5, 17]"
10,"[10, 17]"
2,"[2, 10, 17]"
17,"[4, 17]"
17,"[10, 17]"
10,"[2, 10]"
10,"[2, 10]"
17,[17]
2,"[2, 17]"
0,"[0, 17]"
0,"[0, 4, 17]"
17,"[4, 17]"
0,"[0, 4, 17]"
0,"[0, 4, 17]"
17,"[4, 17]"
2,"[2, 17]"
0,"[0, 17]"
2,"[2, 5]"
10,"[10, 17]"
2,"[2, 10, 17]"
17,"[5, 17]"
10,"[2, 10]"
17,[17]
10,"[10, 17]"
0,"[0, 4, 17]"
17,"[4, 17]"
17,[17]
17,"[6, 17]"
10,"[10, 17]"
17,[17]
2,"[2, 4]"
17,[17]
2,"[2, 4, 17]"
0,"[0, 17]"
0,"[0, 10, 17]"
17,[17]
10,[10]
17,"[6, 17]"
10,"[10, 17]"
2,"[2, 17]"
17,"[5, 17]"
17,"[4, 17]"
17,[17]
2,"[2, 4, 17]"
17,"[4, 17]"
17,"[4, 17]"
17,"[4, 10, 17]"
17,"[2, 10, 17]"
17,"[10, 17]"
17,[17]
10,"[2, 10, 17]"
0,"[0, 4, 17]"
17,"[4, 17]"
17,"[5, 17]"
17,"[4, 17]"
17,[17]
10,[10]
0,"[0, 2, 4, 17]"
0,"[0, 4, 6, 17]"
0,"[0, 17]"
17,"[4, 17]"
17,"[5, 17]"
4,"[3, 4]"
3,"[3, 17]"
4,"[3, 4, 17]"
4,"[3, 4, 17]"
17,"[3, 17]"
3,"[3, 17]"
3,"[3, 17]"
17,[17]
8,"[3, 8]"
17,"[3, 4, 17]"
3,"[3, 17]"
4,"[3, 4, 17]"
3,"[3, 4, 17]"
3,"[3, 17]"
17,[17]
4,"[4, 17]"
3,"[3, 4]"
4,"[3, 4, 17]"
3,"[3, 4, 17]"
3,[3]
8,[8]
8,"[2, 8]"
4,"[3, 4, 17]"
3,"[3, 4, 17]"
17,"[4, 17]"
4,"[4, 17]"
3,"[3, 4]"
4,"[4, 17]"
8,[8]
17,[17]
17,"[4, 17]"
8,"[8, 17]"
4,"[3, 4, 17]"
3,"[3, 4, 17]"
17,"[4, 17]"
8,"[8, 17]"
17,"[3, 17]"
4,"[4, 8, 17]"
17,[17]
3,"[3, 4, 17]"
8,"[8, 17]"
17,"[3, 17]"
17,"[3, 4, 17]"
4,"[4, 17]"
3,"[3, 8, 17]"
17,"[3, 17]"
3,"[3, 4, 17]"
17,"[4, 17]"
4,"[4, 17]"
3,"[3, 8, 17]"
17,[17]
3,"[3, 8, 17]"
8,"[8, 17]"
17,"[3, 4, 17]"
4,"[3, 4, 6, 10]"
3,"[3, 4, 17]"
17,"[3, 4, 17]"
8,"[4, 6, 8, 17]"
0,"[0, 17]"
17,"[0, 17]"
17,[17]
17,"[0, 10, 17]"
17,"[0, 17]"
17,"[9, 17]"
17,[17]
17,"[5, 17]"
0,"[0, 17]"
17,"[0, 17]"
17,[17]
17,"[0, 17]"
17,[17]
17,[17]
17,[17]
5,"[5, 17]"
17,[17]
17,"[9, 17]"
17,"[5, 17]"
17,"[0, 17]"
0,"[0, 17]"
17,[17]
17,[17]
17,"[5, 17]"
17,"[0, 17]"
5,"[5, 15, 17]"
17,[17]
5,"[5, 17]"
17,"[0, 17]"
17,"[0, 17]"
17,"[0, 9, 17]"
0,"[0, 17]"
5,"[5, 17]"
17,"[0, 5, 17]"
17,"[8, 17]"
17,[17]
17,"[5, 9, 17]"
17,[17]
17,[17]
17,"[0, 17]"
17,[17]
17,[17]
0,"[0, 17]"
0,"[0, 17]"
17,"[9, 17]"
17,[17]
17,[17]
17,"[9, 17]"
17,[17]
17,"[5, 17]"
17,[17]
17,[17]
0,"[0, 17]"
0,"[0, 17]"
0,"[0, 17]"
17,[17]
17,[17]
17,"[5, 17]"
17,"[9, 17]"
17,"[0, 17]"
17,"[2, 4, 17]"
10,"[2, 10, 17]"
17,"[5, 17]"
6,"[4, 6, 17]"
17,"[7, 17]"
0,"[0, 5, 6, 17]"
10,"[6, 10, 17]"
6,"[6, 10, 17]"
6,"[6, 17]"
17,[17]
17,"[0, 6, 17]"
17,"[5, 17]"
17,"[6, 17]"
5,"[5, 7, 17]"
17,"[7, 17]"
10,"[6, 10]"
2,"[2, 10]"
0,"[0, 17]"
10,"[6, 10, 17]"
17,"[2, 4]"
2,"[2, 10, 17]"
17,"[7, 17]"
7,"[5, 17]"
7,"[5, 17]"
0,"[0, 17]"
5,"[5, 17]"
5,[5]
17,"[2, 17]"
2,"[2, 4, 17]"
17,"[5, 17]"
17,"[5, 17]"
17,"[6, 17]"
0,"[0, 17]"
17,[17]
17,"[5, 17]"
5,"[5, 7, 17]"
7,"[5, 7, 17]"
7,"[7, 17]"
17,"[6, 7, 17]"
10,"[6, 10]"
5,[5]
5,"[5, 7, 17]"
5,"[5, 17]"
2,"[2, 6, 10, 17]"
5,"[5, 17]"
6,"[5, 6, 10, 17]"
0,"[0, 4, 17]"
6,"[6, 10, 17]"
17,[17]
7,"[5, 7, 17]"
17,"[6, 17]"
2,"[2, 5, 17]"
5,"[5, 17]"
2,"[2, 17]"
2,[2]
5,"[5, 17]"
2,"[2, 17]"
5,"[5, 17]"
5,"[5, 17]"
5,"[5, 17]"
5,"[5, 17]"
2,"[2, 17]"
5,"[5, 17]"
5,"[5, 17]"
5,"[0, 5, 17]"
2,"[2, 17]"
2,[2]
2,[2]
2,[2]
2,"[2, 17]"
5,"[0, 5, 17]"
5,"[0, 2, 5, 17]"
2,"[2, 17]"
5,"[2, 5, 17]"
5,"[5, 6, 17]"
5,"[5, 17]"
2,"[2, 17]"
5,"[2, 5]"
2,[2]
2,"[2, 5]"
2,"[2, 17]"
17,"[1, 17]"
17,"[1, 17]"
17,"[1, 17]"
17,"[1, 17]"
17,"[1, 17]"
2,"[2, 17]"
2,"[2, 17]"
17,"[10, 17]"
10,"[10, 17]"
17,"[10, 17]"
2,"[0, 2, 17]"
17,[17]
1,[1]
17,[17]
17,[17]
17,[17]
17,"[1, 17]"
17,"[1, 17]"
17,[17]
17,"[1, 17]"
10,"[10, 17]"
17,[17]
17,[17]
17,[17]
10,"[10, 17]"
17,"[0, 17]"
10,"[10, 17]"
2,"[2, 17]"
17,[17]
17,[17]
17,[17]
17,[17]
17,"[1, 6, 17]"
17,[17]
1,"[1, 6, 17]"
10,"[2, 6, 10]"
1,"[1, 17]"
17,[17]
17,[17]
17,"[5, 17]"
17,[17]
17,"[5, 10, 17]"
2,"[0, 2, 17]"
17,"[0, 2, 17]"
2,"[2, 4]"
2,"[2, 8]"
2,"[2, 17]"
8,"[3, 8, 17]"
4,"[3, 4]"
4,"[4, 17]"
2,"[2, 4]"
2,"[2, 5, 17]"
4,"[4, 17]"
2,"[2, 8]"
5,"[5, 6, 10]"
4,[4]
5,"[5, 6, 10]"
2,"[2, 4, 10]"
2,"[2, 4, 10]"
3,"[3, 4]"
4,"[2, 4]"
8,"[3, 8, 17]"
3,"[3, 4]"
8,"[2, 8, 17]"
8,[8]
4,"[4, 17]"
2,[2]
8,"[4, 8]"
8,"[2, 8]"
5,"[3, 5]"
4,"[4, 17]"
2,"[2, 17]"
2,"[2, 8, 17]"
4,"[4, 17]"
3,"[3, 4]"
2,"[2, 4, 17]"
8,"[2, 4, 8]"
3,[17]
5,"[3, 4, 5]"
4,"[2, 4]"
5,"[3, 4, 5]"
2,"[2, 4, 8, 17]"
4,"[3, 4, 5]"
2,"[2, 4, 17]"
2,"[2, 4]"
4,"[2, 4]"
2,"[2, 5]"
2,"[2, 17]"
2,"[2, 4]"
8,"[2, 8, 17]"
3,"[3, 4]"
4,[]
2,[17]
2,[]
2,[2]
2,[]
2,[2]
2,[2]
2,[2]
4,"[4, 9]"
2,[2]
4,"[2, 4]"
2,[2]
2,[2]
2,"[2, 4]"
2,[2]
17,[17]
4,"[2, 4]"
2,[2]
2,"[2, 4, 17]"
2,"[2, 4]"
17,[17]
4,"[4, 17]"
2,[2]
2,[2]
2,[2]
2,[2]
2,"[2, 10, 17]"
2,"[2, 10, 17]"
2,"[2, 4]"
4,"[4, 17]"
2,"[2, 4]"
2,"[2, 4]"
2,[2]
4,"[2, 4]"
2,"[2, 17]"
17,"[0, 9, 17]"
2,[2]
2,"[4, 17]"
4,"[15, 17]"
2,"[2, 17]"
2,[17]
2,[2]
2,"[2, 4, 17]"
2,"[2, 17]"
2,[2]
2,[2]
2,"[2, 4]"
2,[2]
2,[2]
2,[2]
2,[2]
2,[2]
2,[2]
4,"[2, 4]"
2,"[2, 15]"
2,"[2, 10]"
2,[2]
2,"[2, 17]"
0,"[0, 6, 15, 17]"
2,"[2, 3, 6]"
3,"[3, 6]"
4,"[2, 4, 5]"
4,"[2, 4]"
17,"[5, 17]"
4,"[3, 4, 17]"
0,"[0, 4, 17]"
2,"[2, 17]"
0,"[0, 9, 17]"
3,[3]
2,"[2, 4, 17]"
4,"[2, 4, 6]"
2,"[2, 4, 17]"
2,"[2, 4, 17]"
3,"[3, 4]"
4,"[3, 4, 17]"
2,"[2, 4, 17]"
2,"[2, 4, 17]"
0,"[0, 17]"
3,"[3, 4, 17]"
5,"[5, 17]"
0,"[0, 17]"
4,"[2, 4, 6]"
3,"[3, 17]"
4,"[2, 4, 5]"
2,"[2, 4, 17]"
4,"[3, 4]"
4,"[2, 4]"
4,"[2, 4, 17]"
17,"[0, 15, 17]"
17,"[5, 6, 17]"
2,"[2, 4, 17]"
17,"[15, 17]"
17,"[5, 17]"
2,"[2, 4, 17]"
5,"[5, 17]"
2,"[2, 4, 17]"
0,"[0, 15, 17]"
0,"[0, 6, 17]"
3,"[2, 3, 4, 17]"
3,"[3, 4]"
4,"[2, 4]"
5,"[5, 17]"
0,"[0, 17]"
3,"[3, 4]"
5,"[0, 5, 17]"
2,"[2, 4]"
4,"[2, 4]"
2,"[2, 4, 17]"
2,"[2, 4, 17]"
2,"[2, 4, 17]"
2,"[2, 4]"
17,"[15, 17]"
4,"[4, 6]"
2,"[2, 17]"
17,[17]
4,"[4, 6]"
4,[4]
17,"[5, 17]"
4,"[2, 4, 17]"
17,"[5, 17]"
0,"[0, 17]"
2,"[2, 4]"
2,[3]
5,[5]
17,"[0, 15, 17]"
2,"[2, 4, 6, 17]"
2,"[2, 4, 6, 17]"
0,"[0, 15, 17]"
2,"[2, 4, 6]"
4,[4]
2,"[2, 4, 17]"
2,"[2, 4, 17]"
0,"[0, 5, 17]"
4,"[3, 4]"
17,"[0, 17]"
0,"[0, 9, 17]"
5,"[5, 17]"
17,[17]
4,"[2, 4]"
2,"[2, 4]"
17,"[5, 17]"
0,"[0, 17]"
4,"[4, 5]"
3,"[3, 17]"
2,"[2, 17]"
2,"[2, 17]"
0,"[0, 17]"
4,[4]
2,"[2, 4]"
0,"[0, 5, 17]"
17,"[15, 17]"
17,[17]
17,"[15, 17]"
2,"[2, 4]"
4,"[2, 4]"
0,"[0, 9, 15, 17]"
0,"[0, 6, 17]"
17,"[0, 5, 17]"
17,"[0, 6, 17]"
4,"[3, 4]"
0,"[0, 15, 17]"
17,"[2, 17]"
3,"[3, 6, 17]"
5,"[5, 17]"
2,"[2, 4, 17]"
17,"[0, 5, 6, 15, 17]"
5,"[5, 6, 17]"
2,"[2, 4, 17]"
17,"[5, 6, 17]"
2,"[2, 5]"
4,"[3, 4, 6]"
17,"[15, 17]"
5,"[5, 6, 17]"
2,"[2, 4]"
0,"[0, 15, 17]"
2,"[2, 5, 17]"
2,"[2, 4, 17]"
2,"[2, 4]"
5,"[5, 15, 17]"
2,"[2, 3, 4]"
4,"[2, 4]"
4,"[3, 4]"
0,"[0, 5, 9, 17]"
2,"[2, 4, 17]"
4,"[2, 4]"
2,"[2, 4, 17]"
2,"[0, 2, 4, 17]"
2,"[2, 4, 17]"
4,"[2, 4]"
4,"[2, 4]"
2,"[2, 4]"
2,[2]
2,"[2, 4, 17]"
4,"[2, 4, 17]"
2,"[2, 4, 17]"
2,"[2, 4]"
2,"[2, 4, 17]"
2,"[2, 4, 17]"
2,"[2, 4, 17]"
2,"[2, 4, 17]"
2,"[2, 4, 17]"
2,"[2, 4, 17]"
4,[4]
2,"[2, 4, 17]"
2,"[2, 4, 17]"
2,"[2, 17]"
2,"[2, 4]"
4,"[4, 17]"
2,"[2, 17]"
4,"[2, 4, 17]"
2,"[2, 4, 17]"
2,"[2, 4, 17]"
2,"[2, 4]"
2,"[2, 4, 17]"
4,"[2, 4]"
2,"[2, 4]"
2,"[2, 4, 17]"
2,"[2, 4, 17]"
2,"[2, 4]"
4,"[2, 4]"
2,"[2, 4]"
2,[2]
2,"[2, 4]"
2,"[2, 4, 17]"
2,"[2, 4]"
17,"[14, 17]"
17,[17]
5,[5]
0,"[0, 17]"
0,"[0, 17]"
17,"[0, 17]"
14,"[14, 17]"
17,"[16, 17]"
17,"[14, 17]"
17,"[14, 17]"
17,"[0, 5, 17]"
17,"[0, 17]"
8,"[0, 8, 17]"
17,[17]
17,"[14, 17]"
17,"[5, 17]"
17,[17]
17,"[0, 5, 17]"
17,"[14, 17]"
0,"[0, 14, 17]"
17,[17]
17,"[14, 17]"
5,"[5, 17]"
0,"[0, 5, 6, 14, 17]"
17,[17]
0,[17]
0,"[0, 5, 6, 14, 17]"
17,"[14, 17]"
17,"[14, 17]"
16,[17]
16,"[16, 17]"
17,[17]
17,"[5, 17]"
0,"[0, 14, 17]"
17,"[16, 17]"
8,"[0, 8, 17]"
17,"[16, 17]"
17,"[5, 17]"
17,"[0, 17]"
14,"[0, 14, 17]"
16,[16]
16,[16]
8,"[8, 17]"
0,"[0, 15, 17]"
5,[5]
17,"[14, 17]"
17,"[15, 17]"
17,"[15, 17]"
14,"[14, 16, 17]"
8,"[0, 8, 14, 17]"
17,"[14, 17]"
17,[17]
17,"[0, 17]"
14,"[14, 17]"
2,"[2, 17]"
4,"[2, 4, 17]"
2,"[2, 4, 17]"
2,"[2, 17]"
17,[17]
17,[17]
2,"[4, 17]"
2,"[4, 17]"
6,[17]
4,[17]
2,"[2, 4, 17]"
2,"[2, 4, 17]"
17,"[2, 4, 17]"
6,"[2, 5, 6]"
17,"[4, 17]"
2,"[2, 4, 17]"
2,"[2, 4, 17]"
8,"[2, 8, 17]"
17,"[2, 4, 8, 17]"
2,"[2, 4, 17]"
17,[17]
2,"[2, 4, 17]"
2,"[2, 4, 17]"
17,[17]
8,[8]
17,[17]
2,"[2, 4]"
8,"[8, 17]"
6,"[5, 6]"
2,"[2, 4]"
17,"[4, 17]"
4,"[2, 4]"
17,"[8, 17]"
6,"[5, 6, 17]"
6,"[4, 5, 6]"
17,"[0, 17]"
17,"[6, 10, 11, 17]"
2,"[2, 10, 17]"
17,"[1, 6, 17]"
6,"[1, 6, 17]"
17,"[1, 6, 17]"
2,"[2, 17]"
17,"[0, 17]"
2,"[2, 17]"
10,"[2, 10]"
17,"[1, 17]"
2,"[1, 2, 3]"
17,"[1, 17]"
10,"[0, 1, 2, 10, 17]"
1,"[1, 2, 3, 17]"
2,"[2, 10, 17]"
11,"[0, 1, 11, 17]"
17,"[1, 17]"
2,"[2, 10]"
17,"[1, 17]"
1,"[1, 17]"
17,"[1, 17]"
2,"[1, 2, 17]"
17,"[1, 10, 17]"
17,"[0, 10, 17]"
17,"[1, 2, 17]"
6,"[1, 6, 11, 17]"
3,"[2, 3, 17]"
2,"[2, 10]"
17,[17]
2,"[2, 4]"
17,"[0, 1, 17]"
1,"[1, 17]"
2,"[2, 4]"
6,"[1, 2, 6]"
17,"[6, 17]"
10,"[2, 10]"
17,"[15, 17]"
11,"[1, 11]"
11,"[1, 11, 17]"
3,"[1, 2, 3, 17]"
17,"[0, 1, 17]"
17,"[1, 17]"
11,"[1, 2, 11, 17]"
17,"[1, 17]"
10,"[2, 10]"
10,"[2, 10, 17]"
17,"[1, 17]"
17,"[1, 17]"
17,[17]
3,"[2, 3]"
17,"[1, 17]"
17,"[1, 17]"
17,[17]
1,"[1, 17]"
2,"[2, 4, 17]"
17,"[0, 17]"
17,"[1, 17]"
17,[17]
17,"[6, 17]"
2,"[2, 17]"
17,"[4, 17]"
11,"[1, 2, 11]"
2,"[2, 10]"
17,"[6, 17]"
2,"[1, 2]"
6,"[1, 2, 6]"
17,"[1, 17]"
10,"[2, 4, 10, 17]"
10,"[2, 10, 17]"
1,"[1, 2, 17]"
17,"[11, 14, 17]"
15,"[15, 17]"
5,"[5, 17]"
5,"[5, 17]"
5,"[5, 14, 17]"
14,"[14, 17]"
17,"[15, 17]"
17,"[15, 17]"
5,[5]
15,"[9, 15, 17]"
14,"[5, 14]"
17,"[5, 15, 17]"
14,"[14, 17]"
14,"[14, 17]"
15,[15]
17,[17]
17,"[14, 17]"
14,[14]
9,[9]
15,[15]
15,[15]
17,[17]
15,[15]
5,"[5, 17]"
9,"[9, 17]"
17,"[9, 17]"
17,"[15, 17]"
17,"[14, 15, 17]"
17,"[14, 15, 17]"
15,"[5, 15]"
17,"[15, 17]"
5,[17]
15,"[9, 17]"
5,[17]
15,[15]
17,[17]
14,[14]
17,[17]
5,"[5, 17]"
17,"[15, 17]"
17,"[9, 15, 17]"
15,"[15, 17]"
5,"[5, 17]"
14,[14]
17,"[0, 17]"
17,[17]
15,"[15, 17]"
5,"[5, 17]"
15,[15]
5,"[5, 17]"
17,"[15, 17]"
14,"[14, 17]"
14,"[5, 14]"
5,"[5, 14, 17]"
15,"[15, 17]"
15,"[15, 17]"
5,"[5, 14, 17]"
17,"[14, 15, 17]"
14,"[5, 14, 17]"
17,"[15, 17]"
5,"[5, 17]"
17,"[15, 17]"
17,[17]
17,"[15, 17]"
5,"[5, 17]"
17,"[14, 17]"
15,"[15, 17]"
17,"[5, 9, 17]"
5,"[5, 17]"
17,"[9, 17]"
17,"[9, 17]"
0,"[0, 5, 9, 17]"
0,"[0, 15, 17]"
17,[17]
17,[17]
17,"[9, 17]"
17,[17]
0,"[0, 9, 17]"
17,[17]
0,"[0, 17]"
17,"[9, 17]"
0,"[0, 9, 17]"
0,"[0, 9, 17]"
17,"[9, 17]"
17,"[9, 17]"
0,"[0, 4, 17]"
17,"[0, 4, 17]"
17,"[5, 17]"
0,"[0, 4, 17]"
0,"[0, 17]"
0,"[0, 17]"
17,"[9, 17]"
0,"[0, 17]"
0,"[0, 5, 9, 17]"
17,[17]
17,[17]
0,"[0, 9, 17]"
17,"[9, 17]"
5,"[5, 17]"
0,"[0, 5, 9, 17]"
17,"[5, 17]"
0,"[0, 17]"
17,"[9, 17]"
0,"[0, 17]"
17,"[0, 17]"
5,"[5, 17]"
17,"[9, 17]"
17,"[4, 17]"
0,"[0, 5, 9, 17]"
0,"[0, 17]"
0,"[9, 17]"
17,"[5, 17]"
0,"[0, 17]"
17,"[9, 17]"
0,"[0, 17]"
17,"[9, 17]"
5,[17]
17,[17]
17,"[9, 17]"
17,[17]
17,[17]
0,"[0, 17]"
0,"[0, 17]"
17,[17]
17,[17]
17,[17]
0,"[0, 5, 17]"
17,"[4, 17]"
17,"[9, 17]"
17,[17]
5,"[5, 17]"
0,"[0, 9, 17]"
0,"[0, 9, 17]"
2,"[2, 10, 17]"
17,"[10, 17]"
2,"[2, 10, 17]"
2,"[2, 10, 17]"
17,"[2, 10, 17]"
10,[17]
2,[17]
2,"[2, 10, 17]"
2,"[2, 10, 17]"
2,"[10, 17]"
2,"[2, 17]"
2,"[2, 17]"
17,[17]
2,"[2, 17]"
17,"[4, 17]"
2,"[2, 17]"
17,"[4, 17]"
2,"[2, 17]"
2,[2]
2,"[2, 17]"
10,"[10, 17]"
17,"[10, 17]"
2,"[2, 17]"
2,"[2, 17]"
17,"[4, 17]"
2,[2]
2,"[2, 4, 17]"
2,"[2, 4, 17]"
17,"[4, 17]"
10,"[2, 10, 17]"
17,"[10, 17]"
2,"[2, 17]"
2,[2]
17,"[10, 17]"
10,"[10, 17]"
2,"[2, 10, 17]"
10,"[10, 17]"
17,"[10, 17]"
6,"[6, 17]"
6,"[1, 6, 17]"
5,"[5, 7, 17]"
10,"[2, 10, 17]"
17,"[6, 17]"
17,"[2, 10, 17]"
1,"[1, 6, 17]"
17,"[0, 10, 17]"
17,"[10, 17]"
2,"[2, 10]"
5,[5]
5,"[5, 7, 17]"
6,"[1, 6, 17]"
1,"[1, 6, 17]"
17,"[6, 10, 17]"
5,[5]
2,"[2, 10, 17]"
1,"[6, 17]"
6,"[6, 17]"
1,"[1, 6, 10, 17]"
17,"[6, 10, 17]"
17,"[0, 6, 17]"
17,"[4, 17]"
2,"[2, 4, 17]"
6,"[0, 6, 17]"
17,[17]
6,[6]
10,"[4, 10]"
5,[5]
17,"[6, 17]"
5,[5]
17,[17]
1,"[1, 6]"
5,[5]
2,"[2, 10]"
6,"[6, 17]"
2,"[2, 10, 17]"
10,"[2, 10, 17]"
17,"[1, 4, 17]"
6,"[6, 17]"
10,"[2, 4, 10, 17]"
5,"[1, 5, 17]"
5,"[5, 17]"
17,"[0, 17]"
17,"[6, 17]"
10,"[0, 10, 17]"
17,"[2, 10, 17]"
17,"[0, 10, 17]"
17,"[2, 10, 17]"
6,"[1, 6]"
16,"[14, 16, 17]"
13,"[11, 13, 16, 17]"
17,"[16, 17]"
17,"[14, 17]"
17,"[14, 17]"
5,"[5, 9, 17]"
16,"[11, 16, 17]"
17,"[9, 15, 17]"
0,"[15, 17]"
17,"[14, 17]"
17,"[8, 15, 17]"
13,"[11, 13, 16, 17]"
13,"[11, 13, 16, 17]"
14,"[14, 16]"
17,"[14, 17]"
17,"[0, 17]"
0,"[0, 17]"
8,"[8, 14]"
15,"[0, 15]"
15,"[14, 15, 17]"
17,"[14, 17]"
8,"[8, 14, 17]"
17,"[14, 15, 17]"
15,"[0, 15, 17]"
0,"[0, 17]"
17,"[8, 17]"
17,"[14, 17]"
15,"[15, 17]"
5,"[5, 14, 15]"
17,"[14, 17]"
17,"[15, 17]"
15,"[9, 15, 17]"
14,"[14, 17]"
5,"[5, 15]"
17,"[15, 17]"
16,"[14, 16]"
17,"[14, 16, 17]"
5,"[5, 15]"
5,"[5, 9, 15]"
17,"[15, 17]"
17,"[11, 16, 17]"
8,"[8, 14, 17]"
8,"[8, 14, 16, 17]"
17,"[15, 17]"
17,"[15, 17]"
17,"[0, 14, 17]"
17,"[16, 17]"
0,"[0, 14]"
13,"[11, 13, 16, 17]"
14,"[14, 16, 17]"
16,[17]
17,"[16, 17]"
13,"[11, 13, 16, 17]"
16,[17]
8,"[8, 14, 17]"
17,[17]
14,[]
6,"[6, 15]"
6,[6]
15,"[5, 15]"
14,"[5, 14]"
0,"[0, 14]"
0,"[0, 17]"
0,"[0, 15, 17]"
14,"[14, 15, 17]"
17,"[0, 17]"
17,"[0, 15, 17]"
0,"[0, 17]"
17,[17]
15,"[0, 6, 15, 17]"
14,"[14, 17]"
6,"[6, 17]"
17,[17]
5,"[5, 17]"
5,"[5, 15, 17]"
0,"[0, 17]"
17,"[0, 5, 6, 17]"
17,[17]
5,"[0, 5, 17]"
17,[17]
0,"[0, 17]"
5,"[5, 17]"
5,"[5, 17]"
5,"[0, 5, 17]"
17,[17]
14,"[0, 14, 17]"
17,[]
0,"[0, 17]"
15,"[6, 15, 17]"
0,"[0, 9, 15, 17]"
0,"[0, 15, 17]"
17,[17]
5,[17]
17,"[15, 17]"
0,"[0, 15, 17]"
17,"[5, 17]"
17,"[0, 15, 17]"
17,"[0, 17]"
5,"[5, 15, 17]"
17,[17]
0,[17]
17,"[0, 17]"
0,"[0, 15, 17]"
5,"[2, 5]"
15,"[15, 17]"
5,"[5, 17]"
17,"[0, 5, 17]"
17,[17]
6,"[0, 6, 17]"
5,"[5, 17]"
17,"[5, 17]"
15,"[5, 14, 15]"
15,"[9, 15]"
5,[5]
0,"[0, 15, 17]"
0,"[0, 17]"
17,"[15, 17]"
5,"[5, 17]"
17,[17]
17,[17]
5,"[5, 17]"
17,"[5, 17]"
0,"[0, 5, 17]"
15,"[9, 15, 17]"
5,"[5, 17]"
0,"[0, 15, 17]"
17,"[15, 17]"
0,"[0, 17]"
17,[17]
17,[17]
15,"[9, 15, 17]"
0,"[0, 5, 15, 17]"
0,"[0, 5, 17]"
5,"[5, 17]"
5,"[5, 17]"
6,"[0, 6, 15, 17]"
0,"[0, 5, 17]"
17,"[5, 17]"
10,"[10, 17]"
7,[17]
3,"[3, 17]"
7,"[7, 17]"
17,[17]
3,"[3, 17]"
10,"[10, 17]"
2,"[2, 10]"
17,"[7, 17]"
17,"[2, 17]"
17,[17]
17,"[3, 17]"
10,"[10, 17]"
7,"[2, 7, 17]"
17,"[3, 17]"
17,"[3, 17]"
17,"[3, 17]"
2,"[2, 17]"
3,"[3, 5, 17]"
17,[17]
5,"[5, 17]"
10,"[2, 6, 10, 17]"
2,"[2, 6, 10, 17]"
17,"[2, 17]"
17,"[2, 17]"
2,"[2, 4, 17]"
2,"[2, 4]"
5,"[5, 17]"
2,"[2, 4]"
7,"[2, 7, 17]"
17,"[3, 17]"
2,"[2, 6, 17]"
3,"[3, 5]"
5,"[5, 7, 17]"
3,"[3, 17]"
5,"[5, 17]"
2,"[2, 4, 17]"
5,"[5, 17]"
17,"[3, 17]"
7,"[2, 7, 17]"
2,"[2, 4, 17]"
17,[17]
17,"[2, 17]"
10,"[2, 6, 10]"
2,"[2, 4, 6, 17]"
2,"[2, 6]"
2,"[2, 4, 17]"
17,"[3, 17]"
2,"[2, 4, 17]"
2,"[2, 4, 6, 17]"
2,"[2, 4, 17]"
17,"[5, 6, 17]"
2,"[2, 10, 17]"
2,"[2, 17]"
0,"[0, 2, 17]"
0,"[0, 4, 17]"
2,"[2, 17]"
2,"[2, 17]"
17,"[4, 17]"
17,"[4, 17]"
2,"[2, 17]"
0,"[0, 17]"
2,"[2, 17]"
17,[17]
17,"[4, 17]"
17,"[4, 17]"
17,"[10, 17]"
0,"[4, 17]"
17,"[4, 17]"
2,"[2, 17]"
17,"[10, 17]"
17,"[6, 10, 17]"
2,"[2, 6]"
17,"[4, 17]"
17,"[6, 17]"
2,"[2, 6, 10, 17]"
4,"[4, 6, 10, 17]"
10,"[6, 10, 17]"
17,"[6, 10, 17]"
17,"[4, 17]"
0,"[0, 17]"
2,"[2, 17]"
4,[4]
0,"[0, 17]"
2,"[2, 17]"
10,"[4, 6, 10, 17]"
17,"[0, 17]"
17,"[10, 17]"
17,[17]
0,"[2, 11, 17]"
2,"[2, 17]"
0,"[0, 17]"
17,"[2, 6, 17]"
17,"[6, 17]"
2,"[2, 17]"
17,"[2, 4, 6, 17]"
10,"[6, 10, 17]"
17,"[6, 10, 17]"
2,"[2, 17]"
10,[10]
2,"[2, 4, 17]"
0,"[0, 17]"
2,"[2, 17]"
2,"[2, 6, 10]"
17,"[6, 10, 17]"
17,"[2, 10, 17]"
17,"[10, 17]"
10,"[10, 17]"
2,"[2, 10, 17]"
17,"[10, 17]"
2,"[2, 10]"
4,"[10, 17]"
17,"[10, 17]"
2,"[2, 10, 17]"
17,"[2, 17]"
17,"[10, 17]"
17,"[2, 17]"
2,"[2, 10]"
17,"[4, 5, 17]"
17,"[10, 17]"
2,"[2, 10, 17]"
2,"[2, 10]"
2,"[2, 10]"
17,[17]
2,"[2, 10]"
2,"[2, 10, 17]"
17,[17]
2,"[2, 10, 17]"
17,"[10, 17]"
17,"[10, 17]"
17,"[10, 17]"
17,"[10, 17]"
2,"[2, 10, 17]"
17,[17]
5,"[5, 17]"
17,"[10, 17]"
10,"[2, 10, 17]"
17,"[10, 17]"
2,"[2, 10]"
10,"[2, 10, 17]"
10,"[2, 10, 17]"
2,"[2, 4, 5, 17]"
2,"[2, 4, 17]"
17,"[10, 17]"
17,"[10, 17]"
17,"[10, 17]"
17,"[10, 17]"
2,"[2, 10, 17]"
17,"[10, 17]"
2,"[2, 17]"
17,"[5, 10, 17]"
17,[17]
17,"[4, 17]"
17,"[5, 17]"
2,"[2, 17]"
5,"[5, 17]"
17,"[5, 10, 17]"
17,"[10, 17]"
17,[17]
5,[5]
17,"[10, 17]"
17,"[5, 10, 17]"
17,[17]
5,"[5, 17]"
17,"[10, 17]"
17,[17]
17,"[10, 17]"
17,"[10, 17]"
17,"[2, 10, 17]"
17,"[10, 17]"
2,"[2, 17]"
10,"[10, 17]"
17,"[4, 17]"
17,"[2, 17]"
2,"[2, 10, 17]"
2,"[2, 10]"
17,"[10, 17]"
17,[17]
17,[17]
17,"[4, 17]"
17,"[2, 17]"
10,"[10, 17]"
17,[17]
17,"[10, 17]"
2,"[2, 10]"
17,"[10, 17]"
17,"[14, 17]"
0,"[0, 15]"
14,[14]
13,"[11, 13, 17]"
8,"[8, 14]"
13,"[11, 13, 16, 17]"
17,"[14, 17]"
17,"[9, 14, 15, 17]"
17,"[14, 17]"
17,"[11, 13, 16, 17]"
17,"[8, 17]"
16,"[14, 16, 17]"
17,"[9, 15, 17]"
8,"[14, 15, 17]"
17,"[14, 15, 17]"
8,"[14, 16, 17]"
17,"[14, 16, 17]"
17,"[14, 15, 17]"
17,"[14, 17]"
16,"[14, 16, 17]"
17,[17]
13,"[11, 13, 17]"
5,"[5, 15]"
14,"[14, 16]"
0,"[0, 5]"
5,"[5, 14]"
17,"[14, 16, 17]"
17,"[14, 17]"
14,"[14, 16, 17]"
17,"[14, 17]"
17,"[16, 17]"
17,"[16, 17]"
17,"[14, 16, 17]"
17,"[5, 17]"
8,"[8, 14, 17]"
17,"[14, 17]"
15,[15]
17,"[14, 17]"
15,"[0, 15, 17]"
17,[17]
17,"[14, 17]"
0,"[0, 14]"
15,"[15, 17]"
17,"[9, 14, 15, 17]"
17,"[9, 14, 17]"
17,"[8, 15, 17]"
17,"[8, 15, 17]"
17,"[14, 15]"
16,[17]
0,"[0, 15]"
17,"[9, 14, 17]"
0,"[15, 17]"
15,"[9, 15]"
17,"[16, 17]"
16,"[11, 16, 17]"
16,"[14, 16]"
17,"[16, 17]"
15,"[15, 17]"
14,"[14, 17]"
14,"[14, 17]"
13,"[5, 11, 13, 16, 17]"
5,"[5, 11, 13, 15, 17]"
5,"[5, 11, 13, 15, 17]"
8,"[5, 8, 14, 17]"
13,"[5, 11, 13, 16, 17]"
4,[4]
2,"[2, 10]"
2,[2]
2,"[2, 4]"
10,"[10, 17]"
10,"[4, 10]"
4,"[2, 4, 17]"
17,"[2, 17]"
2,"[2, 4, 17]"
2,"[2, 10, 17]"
2,"[2, 4, 17]"
2,"[2, 4, 17]"
10,"[2, 10, 17]"
17,"[4, 5, 17]"
2,"[2, 4, 17]"
2,"[2, 4, 17]"
2,"[2, 4, 17]"
17,"[4, 17]"
2,"[2, 10, 17]"
17,"[4, 17]"
2,"[2, 17]"
17,[17]
4,"[4, 17]"
2,"[2, 4, 17]"
2,"[2, 4, 17]"
17,"[4, 17]"
2,"[2, 4, 17]"
10,"[10, 17]"
2,"[2, 4, 17]"
17,"[4, 17]"
17,"[4, 17]"
2,"[2, 4, 17]"
2,"[2, 4, 17]"
4,"[4, 17]"
2,"[2, 17]"
4,"[2, 4, 17]"
2,"[2, 4, 17]"
17,[17]
2,"[2, 4, 17]"
2,"[2, 4, 17]"
2,"[2, 4, 17]"
17,"[4, 17]"
10,"[2, 10, 17]"
4,"[4, 17]"
10,[17]
4,"[4, 17]"
2,"[2, 10, 17]"
2,"[2, 17]"
2,"[2, 4, 17]"
4,"[2, 4]"
17,"[2, 4, 17]"
2,"[2, 4, 17]"
2,"[2, 4, 17]"
2,"[2, 4, 17]"
2,"[2, 4, 17]"
10,"[10, 17]"
2,"[2, 10, 17]"
2,"[2, 10]"
2,"[2, 4, 17]"
2,"[2, 17]"
2,"[2, 17]"
4,"[4, 8, 17]"
10,"[10, 17]"
10,"[2, 4, 10]"
2,"[2, 10, 17]"
17,"[4, 17]"
17,"[4, 17]"
2,"[2, 10, 17]"
4,"[2, 4, 17]"
4,"[2, 4, 17]"
2,"[2, 4, 10, 17]"
10,[10]
10,[10]
4,"[2, 4, 10]"
17,"[10, 17]"
10,"[4, 10]"
2,"[2, 10]"
2,"[2, 4, 17]"
2,"[2, 4, 17]"
2,"[2, 10, 17]"
17,"[4, 17]"
2,"[2, 17]"
10,"[10, 17]"
4,"[4, 17]"
2,"[2, 17]"
2,"[2, 4, 17]"
4,[4]
17,"[4, 17]"
5,"[1, 2, 5, 17]"
8,"[4, 8, 17]"
8,"[8, 17]"
17,[17]
8,"[8, 17]"
17,[17]
5,"[5, 6, 17]"
17,[17]
17,[17]
17,[17]
5,"[5, 17]"
5,"[5, 17]"
8,"[8, 17]"
17,[17]
8,"[8, 10]"
5,"[5, 17]"
17,[17]
17,[17]
5,[5]
8,[8]
5,"[2, 5, 17]"
17,[17]
4,"[4, 17]"
8,"[8, 17]"
4,"[4, 17]"
5,"[2, 5]"
8,"[8, 17]"
17,[17]
17,"[5, 17]"
5,"[2, 5, 17]"
17,"[4, 17]"
17,[17]
4,"[4, 17]"
4,"[4, 17]"
17,"[4, 17]"
17,"[14, 17]"
17,"[14, 17]"
17,"[14, 17]"
17,[17]
13,"[9, 11, 13, 15, 17]"
17,"[14, 17]"
17,[17]
17,"[14, 17]"
5,"[5, 17]"
17,[17]
17,[17]
14,"[14, 15, 17]"
17,"[14, 17]"
17,"[14, 15, 17]"
17,"[14, 17]"
17,"[14, 17]"
13,"[11, 13, 15, 17]"
9,"[9, 15, 17]"
14,"[14, 15, 17]"
13,"[11, 13, 15, 17]"
17,[17]
17,[17]
14,"[14, 17]"
17,"[14, 17]"
9,"[9, 14, 17]"
17,"[14, 17]"
17,"[14, 17]"
5,"[5, 16]"
16,"[15, 16]"
16,"[15, 16]"
15,"[15, 16, 17]"
5,"[5, 17]"
9,"[9, 15, 17]"
17,[17]
17,"[14, 17]"
9,"[9, 14, 15, 17]"
17,"[14, 17]"
17,[17]
5,"[5, 17]"
15,[15]
17,[17]
17,"[14, 17]"
16,"[15, 16]"
17,"[14, 17]"
17,"[14, 17]"
5,"[5, 16]"
17,"[14, 17]"
17,[17]
17,[17]
15,"[14, 17]"
13,"[11, 13, 16, 17]"
17,"[14, 17]"
17,"[14, 17]"
4,"[3, 4]"
3,"[3, 4, 17]"
3,"[3, 4, 17]"
3,"[3, 4]"
3,"[3, 4]"
4,"[3, 4]"
4,"[3, 4]"
3,"[3, 4]"
3,"[3, 4, 17]"
3,"[3, 4]"
3,"[3, 4]"
3,[3]
3,"[3, 4]"
4,"[3, 4]"
4,[4]
11,"[5, 6, 11, 17]"
17,"[1, 17]"
17,"[9, 17]"
17,"[1, 4, 17]"
4,"[1, 2, 4, 17]"
5,"[5, 17]"
8,"[1, 8, 17]"
0,"[5, 17]"
15,"[0, 15, 17]"
17,"[1, 17]"
17,[17]
17,[17]
17,"[1, 17]"
17,"[1, 17]"
1,"[1, 17]"
5,"[0, 5, 17]"
17,"[1, 2, 17]"
17,"[1, 2, 10, 17]"
1,"[1, 4, 17]"
1,"[1, 17]"
10,"[2, 10, 17]"
0,"[0, 1, 2, 4, 17]"
17,"[1, 17]"
1,[1]
5,"[5, 11]"
2,"[1, 2, 17]"
15,"[15, 17]"
0,"[0, 5, 15, 17]"
17,"[1, 17]"
0,"[0, 17]"
17,"[1, 17]"
17,"[1, 17]"
0,"[0, 4, 17]"
17,"[1, 17]"
17,"[1, 17]"
0,"[0, 5, 17]"
17,"[1, 17]"
2,"[2, 10]"
5,"[0, 5, 17]"
17,"[1, 17]"
2,"[2, 10]"
2,"[2, 10, 17]"
15,[15]
17,[17]
1,"[1, 17]"
17,"[1, 17]"
2,"[2, 4]"
4,"[2, 4]"
17,"[1, 2, 4, 17]"
17,"[1, 17]"
17,"[1, 17]"
2,"[2, 4, 17]"
2,"[1, 2, 17]"
2,"[2, 4, 17]"
2,"[2, 17]"
4,"[2, 4, 17]"
5,[5]
17,"[1, 17]"
17,[17]
2,"[2, 4]"
15,"[1, 15, 17]"
2,"[1, 2, 5]"
0,"[0, 5, 15, 17]"
2,"[1, 2, 5]"
17,"[1, 17]"
4,"[1, 4, 11]"
17,"[1, 17]"
0,"[0, 15, 17]"
2,"[2, 4, 17]"
5,"[5, 17]"
10,"[2, 10]"
0,"[0, 15]"
1,[1]
15,"[9, 15]"
0,"[0, 5, 17]"
1,"[1, 17]"
17,"[1, 17]"
1,"[1, 17]"
17,"[5, 17]"
2,"[2, 4, 17]"
8,"[1, 8, 17]"
0,"[0, 1, 17]"
0,"[0, 5, 17]"
5,"[0, 5, 17]"
17,"[1, 4, 17]"
11,"[1, 4, 8, 11]"
8,"[1, 8, 17]"
11,"[1, 4, 11, 17]"
5,"[5, 17]"
17,"[1, 17]"
17,"[1, 17]"
0,"[0, 17]"
5,[5]
4,"[2, 4]"
17,[17]
10,"[10, 17]"
1,"[1, 17]"
17,[17]
11,"[4, 11, 17]"
17,"[1, 17]"
1,"[1, 17]"
8,"[1, 8]"
0,"[0, 17]"
5,"[4, 5, 11]"
11,"[2, 4, 11]"
17,"[9, 17]"
10,"[5, 10, 17]"
8,"[1, 8, 17]"
2,"[2, 5]"
17,"[1, 17]"
0,"[0, 17]"
17,[17]
17,"[1, 17]"
11,"[1, 11]"
17,[17]
17,[17]
17,"[6, 17]"
17,"[6, 17]"
17,[17]
17,"[11, 17]"
17,[17]
1,"[1, 2, 10]"
17,"[2, 5, 17]"
1,"[1, 8, 17]"
17,"[1, 17]"
8,"[8, 17]"
2,"[1, 2]"
17,[17]
17,"[1, 17]"
17,"[2, 17]"
17,"[2, 17]"
0,"[0, 5, 17]"
17,[17]
17,"[2, 17]"
17,"[2, 17]"
8,"[8, 17]"
0,"[0, 1, 17]"
17,"[1, 17]"
17,"[5, 17]"
17,[17]
17,"[2, 17]"
8,"[0, 8, 17]"
17,"[0, 17]"
1,[1]
17,"[1, 17]"
17,[17]
0,[17]
11,"[6, 11, 17]"
17,[17]
17,[17]
17,[17]
17,[17]
17,"[1, 17]"
17,[17]
17,[17]
2,"[2, 10]"
2,"[1, 2, 10, 17]"
17,[17]
0,"[0, 1, 17]"
17,"[1, 17]"
11,"[1, 11]"
17,[17]
8,"[0, 8, 17]"
2,"[1, 2, 17]"
11,"[1, 11]"
17,[17]
17,"[0, 17]"
0,"[0, 1, 17]"
11,"[1, 6, 11]"
0,"[0, 5, 17]"
17,"[1, 11, 17]"
2,"[0, 2, 4, 17]"
17,"[1, 17]"
10,[10]
2,"[2, 10, 17]"
7,"[4, 7, 17]"
7,"[2, 4, 7, 17]"
2,"[2, 11]"
17,[17]
0,"[0, 2, 8, 17]"
0,"[0, 8, 11, 17]"
2,"[2, 11, 17]"
2,"[2, 4, 17]"
0,"[0, 4, 17]"
17,"[4, 17]"
2,"[2, 10, 17]"
10,"[10, 17]"
7,"[10, 17]"
2,"[2, 17]"
2,"[2, 17]"
2,"[2, 7, 10, 17]"
7,"[2, 7, 17]"
2,"[2, 7, 17]"
17,"[5, 17]"
10,"[10, 17]"
17,[17]
10,[17]
2,"[6, 17]"
2,"[6, 17]"
0,"[2, 6, 17]"
2,"[2, 17]"
2,"[2, 10, 17]"
2,"[2, 17]"
17,"[0, 5, 17]"
0,[17]
8,"[3, 8, 17]"
3,"[3, 17]"
2,"[2, 17]"
2,"[2, 3, 4]"
2,"[2, 3, 17]"
4,"[3, 4, 17]"
3,"[3, 4]"
3,"[3, 4, 17]"
2,"[2, 17]"
4,"[4, 17]"
3,"[3, 4, 17]"
3,"[3, 4]"
4,"[3, 4, 17]"
3,"[3, 17]"
4,"[3, 17]"
3,[3]
3,"[3, 4, 17]"
2,"[2, 3, 17]"
4,[4]
4,[4]
2,"[2, 4, 17]"
4,"[3, 4]"
2,[2]
4,"[2, 3, 4]"
4,[4]
2,[2]
3,"[3, 4]"
4,"[3, 4]"
2,"[2, 4]"
4,"[3, 4]"
3,"[3, 4]"
3,"[3, 4, 17]"
4,"[3, 4]"
3,"[3, 4, 17]"
4,"[2, 3, 4, 17]"
3,"[3, 4, 8, 17]"
8,"[3, 8, 17]"
8,"[3, 4, 8, 17]"
3,"[3, 4]"
4,"[3, 4]"
4,"[2, 3, 4, 17]"
4,"[2, 3, 4]"
2,[2]
3,[3]
3,"[3, 17]"
4,"[3, 4]"
4,"[2, 3, 4]"
4,"[3, 4, 17]"
4,"[4, 17]"
2,"[2, 4]"
5,"[5, 17]"
2,[2]
4,"[4, 5, 17]"
4,"[4, 17]"
2,"[2, 4, 17]"
4,"[2, 4, 6]"
2,"[2, 4]"
17,"[4, 10, 17]"
2,"[2, 4, 10]"
2,"[2, 4, 6]"
4,"[2, 4]"
4,"[2, 4, 17]"
2,"[2, 4]"
17,"[4, 5, 17]"
2,"[2, 4]"
5,"[5, 17]"
5,"[5, 17]"
2,"[2, 4, 17]"
2,"[2, 4, 17]"
17,"[4, 17]"
2,"[2, 10]"
17,"[5, 17]"
5,"[4, 5]"
5,"[4, 5, 17]"
17,"[5, 10, 17]"
17,"[4, 17]"
2,"[2, 4, 6, 17]"
2,"[2, 17]"
2,"[2, 4]"
2,[2]
4,"[4, 5]"
17,"[4, 17]"
4,"[4, 17]"
2,"[2, 4]"
4,"[4, 17]"
2,"[2, 4, 17]"
2,"[2, 17]"
17,"[4, 5, 17]"
2,"[2, 4, 17]"
2,"[2, 17]"
17,"[2, 4, 17]"
4,[4]
2,"[2, 4, 10]"
2,"[2, 4]"
2,"[2, 4, 10]"
6,"[6, 17]"
4,"[4, 17]"
2,[2]
17,"[6, 17]"
4,"[2, 4]"
2,"[2, 4, 10]"
2,"[2, 4]"
6,"[2, 6, 10]"
6,"[6, 17]"
4,"[4, 17]"
2,"[2, 6]"
4,[17]
2,"[2, 4, 17]"
2,"[2, 4]"
4,[4]
2,"[2, 4, 17]"
4,"[2, 4, 17]"
2,"[2, 4, 17]"
6,[6]
4,"[2, 4, 17]"
6,[6]
4,"[2, 4]"
2,[2]
6,"[6, 17]"
4,"[2, 4]"
6,"[5, 6]"
2,"[2, 10]"
2,[2]
4,[4]
4,[4]
2,[2]
2,"[2, 17]"
2,"[2, 4, 17]"
4,"[2, 4]"
4,"[2, 4]"
2,"[2, 4, 17]"
2,"[2, 4, 17]"
17,"[6, 17]"
6,"[6, 17]"
2,"[2, 4, 17]"
2,"[2, 4, 17]"
2,"[2, 17]"
2,"[2, 4]"
4,[4]
17,[17]
2,"[2, 4]"
4,"[2, 4]"
2,"[2, 4]"
4,"[2, 4]"
4,"[4, 17]"
2,"[2, 4]"
17,"[4, 17]"
2,"[2, 4]"
2,"[2, 4]"
2,"[2, 17]"
2,"[2, 4]"
2,"[2, 4, 17]"
2,"[2, 4]"
4,"[2, 4, 17]"
2,"[2, 17]"
4,"[2, 4, 17]"
2,"[2, 4, 17]"
2,"[2, 4]"
2,"[2, 4, 6]"
2,"[2, 4, 10, 17]"
2,[2]
16,"[16, 17]"
1,"[0, 1, 17]"
5,"[5, 14, 15]"
17,[17]
17,"[0, 1, 17]"
13,"[11, 13, 17]"
17,"[15, 17]"
1,"[1, 17]"
17,"[1, 17]"
17,"[15, 17]"
2,"[1, 2, 4, 17]"
0,"[0, 15, 17]"
17,"[1, 17]"
5,"[5, 17]"
1,"[1, 3, 17]"
3,"[1, 3, 17]"
17,"[1, 17]"
15,"[14, 15]"
0,"[0, 17]"
17,"[0, 15, 17]"
17,"[1, 17]"
3,"[3, 4, 17]"
17,[17]
13,"[11, 13, 16, 17]"
2,"[2, 4, 17]"
0,"[0, 9, 15, 17]"
0,"[0, 5, 17]"
5,"[0, 5, 17]"
17,"[4, 15, 17]"
14,"[0, 14, 15, 16, 17]"
9,"[9, 17]"
2,"[1, 2]"
0,"[0, 14, 15, 17]"
9,"[0, 9, 15, 17]"
14,"[0, 14, 15, 16, 17]"
17,"[0, 17]"
0,"[0, 17]"
14,"[14, 16]"
9,"[9, 17]"
16,"[14, 16]"
14,[17]
17,"[6, 17]"
14,"[0, 14, 16, 17]"
4,"[2, 4, 17]"
16,"[14, 16]"
17,"[1, 17]"
13,"[11, 13, 17]"
17,"[14, 17]"
4,"[2, 4, 17]"
1,"[1, 4, 17]"
13,"[11, 13, 17]"
5,"[2, 5]"
9,"[0, 9, 17]"
0,"[0, 9, 17]"
17,"[6, 17]"
15,"[15, 17]"
3,"[3, 10, 17]"
9,"[9, 17]"
17,"[0, 14, 17]"
3,"[3, 10, 17]"
17,"[6, 17]"
4,"[3, 4]"
2,"[2, 4, 17]"
2,"[2, 17]"
0,"[0, 4, 17]"
16,"[16, 17]"
4,"[2, 4, 17]"
1,"[1, 2, 4, 17]"
15,"[15, 17]"
15,"[9, 15, 17]"
4,"[2, 4]"
0,"[0, 14, 17]"
15,"[14, 15]"
17,"[3, 17]"
2,"[1, 2, 17]"
13,"[11, 13, 16, 17]"
4,"[3, 4, 17]"
2,"[1, 2, 4]"
17,"[14, 17]"
2,"[2, 17]"
2,"[2, 17]"
17,"[14, 17]"
4,"[4, 17]"
17,"[4, 15, 17]"
4,"[2, 4, 17]"
0,"[0, 14, 17]"
0,"[0, 14, 17]"
5,"[5, 17]"
17,"[5, 17]"
17,[17]
5,"[0, 5, 17]"
17,"[15, 17]"
4,"[3, 4, 17]"
0,"[0, 14, 17]"
15,"[15, 17]"
17,"[16, 17]"
3,"[3, 6, 17]"
0,"[0, 17]"
17,[17]
17,[17]
17,"[6, 17]"
2,"[1, 2, 4, 17]"
15,"[15, 17]"
4,"[2, 4, 17]"
5,"[5, 15]"
0,"[0, 15, 17]"
0,"[0, 5, 17]"
16,"[5, 11, 16, 17]"
17,"[1, 17]"
17,"[5, 9, 17]"
17,"[14, 15, 17]"
5,"[5, 17]"
5,[5]
0,"[0, 4, 17]"
0,"[0, 3, 5, 17]"
15,"[15, 17]"
15,"[15, 17]"
8,"[10, 17]"
0,"[0, 17]"
17,"[0, 17]"
17,"[1, 17]"
2,"[2, 10, 17]"
17,"[1, 17]"
17,"[3, 17]"
3,"[3, 4, 17]"
5,"[5, 15, 17]"
17,"[1, 17]"
17,"[1, 5, 17]"
17,"[1, 17]"
17,"[3, 17]"
17,"[1, 17]"
10,"[2, 10, 17]"
2,"[1, 2, 10]"
17,"[1, 17]"
17,[17]
15,"[15, 17]"
4,"[3, 4, 11]"
17,"[8, 17]"
8,"[8, 17]"
5,"[5, 17]"
10,"[2, 10, 17]"
15,"[5, 15]"
5,"[5, 15, 17]"
17,"[1, 17]"
17,"[3, 8, 17]"
17,"[1, 17]"
1,"[1, 17]"
17,"[0, 1, 17]"
0,"[0, 1, 17]"
3,"[3, 6, 11, 17]"
0,"[5, 15]"
17,"[1, 17]"
17,"[1, 17]"
1,"[1, 17]"
17,"[0, 1, 8, 17]"
17,"[3, 17]"
0,"[0, 5]"
3,"[3, 17]"
17,"[1, 17]"
5,"[0, 5, 17]"
4,"[3, 4]"
17,"[3, 17]"
17,"[1, 17]"
17,"[3, 17]"
17,"[10, 11]"
17,"[1, 4, 17]"
2,"[2, 6, 10]"
17,"[1, 17]"
17,"[1, 2, 17]"
17,"[0, 17]"
17,"[10, 17]"
10,"[10, 17]"
17,"[3, 17]"
0,"[0, 17]"
5,"[5, 15]"
17,"[3, 17]"
0,"[0, 10, 17]"
17,"[1, 17]"
0,"[0, 1, 17]"
11,"[3, 11]"
17,"[1, 17]"
17,"[0, 17]"
8,"[2, 8, 10]"
10,"[2, 10, 17]"
17,"[10, 17]"
5,"[5, 17]"
17,"[10, 17]"
11,"[6, 11, 17]"
17,"[1, 17]"
8,"[8, 10, 17]"
11,"[10, 11]"
8,"[8, 10]"
17,[17]
17,"[3, 17]"
17,[17]
17,"[8, 11, 17]"
11,"[3, 11]"
17,"[1, 17]"
17,"[3, 11, 17]"
1,"[1, 17]"
17,"[1, 17]"
17,"[1, 17]"
17,"[3, 6, 17]"
3,"[3, 6]"
17,[17]
17,"[6, 17]"
17,[17]
17,"[1, 17]"
17,"[1, 17]"
11,"[1, 6, 11, 17]"
17,"[1, 17]"
0,"[0, 5]"
5,"[0, 5]"
4,"[4, 11]"
1,"[1, 17]"
17,"[1, 17]"
17,"[3, 17]"
2,"[2, 17]"
17,"[1, 17]"
17,"[1, 17]"
17,"[5, 17]"
5,"[5, 17]"
17,"[1, 17]"
3,"[3, 17]"
10,"[10, 17]"
17,"[3, 17]"
0,"[0, 5]"
17,[17]
17,[17]
17,[17]
17,[17]
17,[17]
17,[17]
17,"[1, 17]"
17,"[1, 17]"
17,"[1, 17]"
17,[17]
1,"[1, 17]"
1,"[1, 17]"
1,"[1, 17]"
17,"[1, 17]"
17,"[8, 17]"
17,[17]
17,"[1, 6, 17]"
17,"[5, 17]"
17,"[1, 17]"
1,"[1, 6, 17]"
17,"[1, 17]"
17,"[1, 17]"
17,"[1, 17]"
17,[17]
1,"[1, 17]"
17,"[1, 17]"
17,"[1, 17]"
17,"[1, 17]"
17,"[1, 17]"
17,"[0, 17]"
17,"[1, 17]"
17,"[0, 17]"
1,[1]
17,"[1, 17]"
17,"[1, 17]"
1,"[0, 1, 17]"
17,"[1, 17]"
17,[17]
1,"[1, 6]"
17,[17]
17,[17]
17,"[1, 17]"
1,"[1, 17]"
17,"[1, 17]"
1,"[1, 17]"
17,"[1, 5, 17]"
17,"[1, 5, 17]"
4,"[4, 17]"
2,"[2, 3, 4, 6, 17]"
4,"[2, 4, 17]"
2,"[2, 3, 4, 17]"
3,"[3, 4, 6]"
17,"[2, 4, 17]"
2,"[2, 4, 17]"
2,"[2, 4, 17]"
17,[17]
17,[17]
17,"[2, 6, 17]"
17,[17]
4,"[2, 4]"
3,"[2, 3, 4, 17]"
4,[4]
2,"[2, 3, 17]"
3,"[3, 4, 17]"
4,"[4, 17]"
3,"[3, 4]"
3,"[3, 6, 17]"
2,"[2, 3, 17]"
4,"[2, 4, 17]"
4,"[2, 3, 4]"
4,[4]
2,"[2, 3]"
2,"[2, 4]"
4,"[2, 4]"
3,"[3, 4]"
2,"[2, 17]"
2,"[2, 4, 17]"
17,"[3, 17]"
4,[4]
17,"[4, 17]"
3,"[2, 3, 4, 17]"
4,[4]
3,"[3, 4, 6]"
4,"[2, 4]"
3,"[3, 4, 17]"
4,[4]
2,"[2, 3, 6]"
4,"[2, 3, 4]"
2,"[2, 4, 17]"
2,"[2, 3, 4]"
17,"[6, 17]"
4,"[2, 3, 4, 17]"
3,"[3, 4]"
17,[17]
4,[17]
17,[17]
3,"[2, 17]"
2,"[3, 17]"
3,"[3, 4]"
4,"[2, 4]"
2,"[2, 4]"
3,"[3, 4]"
17,"[3, 17]"
2,"[2, 3, 6]"
2,"[2, 4, 17]"
4,"[3, 4, 17]"
4,"[4, 8]"
17,"[2, 6, 17]"
4,[4]
17,"[4, 6, 17]"
4,"[3, 4, 17]"
17,"[1, 17]"
6,"[6, 11, 17]"
1,"[1, 17]"
17,"[1, 6, 17]"
17,"[4, 17]"
17,"[1, 17]"
2,"[2, 4]"
17,"[4, 17]"
1,"[1, 17]"
6,"[6, 17]"
17,"[11, 17]"
4,"[2, 4, 11, 17]"
2,"[2, 4, 17]"
11,"[4, 11]"
17,"[5, 17]"
1,"[1, 17]"
11,"[11, 17]"
6,"[6, 11, 17]"
17,"[6, 17]"
17,"[1, 17]"
11,"[0, 11, 17]"
17,"[11, 17]"
17,[17]
4,"[2, 17]"
2,[]
17,[17]
17,[]
4,"[0, 2, 4, 17]"
17,"[5, 17]"
2,"[2, 4, 17]"
17,"[1, 17]"
1,"[1, 17]"
17,"[11, 17]"
17,[17]
11,"[6, 11, 17]"
17,[17]
17,[17]
11,"[6, 11, 17]"
17,[17]
17,[17]
17,"[5, 17]"
17,[17]
17,[17]
17,[17]
17,[17]
11,"[11, 17]"
6,"[6, 11, 17]"
4,"[0, 2, 4, 17]"
17,[17]
4,"[0, 2, 4, 17]"
1,"[1, 17]"
11,"[6, 11]"
2,"[2, 4, 17]"
2,"[2, 8]"
4,[4]
2,"[2, 17]"
2,"[2, 4, 17]"
2,"[2, 4]"
2,"[2, 4, 10]"
17,[17]
2,"[2, 4, 10]"
4,[4]
2,"[2, 4]"
2,"[2, 4, 17]"
2,"[2, 4]"
2,"[2, 4, 17]"
4,"[2, 4, 17]"
2,"[2, 4, 17]"
2,"[2, 4]"
17,"[4, 17]"
2,"[2, 4]"
4,"[2, 4, 17]"
2,"[2, 4]"
2,[2]
2,"[2, 4]"
2,[2]
17,[17]
17,[17]
2,"[2, 4, 17]"
4,[4]
2,"[2, 4]"
2,"[2, 4]"
2,"[2, 4]"
2,"[2, 4]"
17,[17]
2,"[2, 4, 17]"
2,"[4, 17]"
2,[]
4,[17]
17,"[6, 17]"
2,"[2, 4, 6]"
8,"[5, 8, 17]"
2,"[2, 4, 6, 17]"
2,"[2, 4, 17]"
2,"[2, 4, 17]"
2,"[2, 17]"
4,"[2, 4]"
17,"[6, 17]"
2,"[2, 4, 17]"
4,"[4, 17]"
2,"[2, 4, 17]"
17,[17]
2,"[2, 17]"
17,"[6, 17]"
8,"[6, 8]"
2,"[2, 4, 17]"
8,"[6, 8]"
2,"[2, 4]"
8,"[8, 17]"
17,[17]
4,"[2, 4, 17]"
2,"[2, 6]"
4,"[2, 4, 17]"
2,"[2, 4, 17]"
2,"[2, 17]"
2,"[2, 4, 17]"
8,"[2, 8, 17]"
2,"[2, 4, 17]"
2,"[2, 4, 17]"
2,"[2, 4]"
2,"[2, 4, 17]"
2,"[2, 5]"
2,"[2, 5]"
2,"[2, 5]"
2,"[2, 4]"
2,"[2, 4, 17]"
17,[17]
2,"[2, 4, 5]"
17,[17]
17,"[4, 5, 17]"
17,"[4, 17]"
2,"[2, 4, 5]"
2,"[2, 4, 5, 17]"
2,"[2, 4, 5]"
4,"[2, 4]"
2,"[2, 4]"
17,[17]
2,"[2, 4, 6]"
2,"[2, 10, 17]"
17,"[4, 17]"
2,"[2, 4]"
2,"[2, 4, 17]"
2,"[2, 4]"
2,"[2, 4]"
2,"[2, 4, 17]"
2,"[2, 17]"
2,"[2, 4]"
2,"[2, 4, 17]"
4,[4]
17,[17]
4,[4]
2,"[2, 4]"
2,"[2, 4, 17]"
2,"[2, 4]"
2,"[2, 4]"
2,"[2, 4]"
17,[17]
2,"[2, 4, 17]"
17,[17]
2,"[2, 4]"
17,"[4, 17]"
2,"[2, 4]"
2,"[2, 4]"
2,"[2, 4]"
17,"[2, 4, 17]"
2,"[2, 4, 5]"
17,"[5, 17]"
2,"[2, 4]"
2,"[2, 4, 5, 17]"
2,"[2, 4, 5]"
17,[17]
17,[17]
17,[17]
2,"[2, 4, 17]"
2,"[2, 4, 17]"
2,"[2, 4]"
4,[4]
17,"[1, 17]"
17,"[2, 5, 17]"
17,"[1, 17]"
17,[17]
5,[5]
17,[17]
17,"[5, 17]"
17,"[1, 17]"
17,"[2, 6, 17]"
17,"[2, 6, 17]"
5,"[5, 17]"
2,"[2, 17]"
17,[17]
5,"[5, 17]"
2,"[2, 17]"
6,[6]
1,"[1, 17]"
5,[5]
6,"[6, 17]"
17,"[6, 17]"
17,"[2, 17]"
17,"[6, 17]"
2,"[2, 17]"
5,"[5, 17]"
17,"[1, 17]"
17,"[5, 17]"
17,[17]
2,"[2, 17]"
6,[6]
17,"[1, 17]"
17,[17]
17,[17]
6,[6]
6,[6]
17,"[2, 17]"
17,[17]
1,[1]
17,"[1, 17]"
17,"[1, 4, 17]"
17,"[5, 17]"
17,"[1, 17]"
6,[6]
17,"[0, 17]"
17,[17]
17,[17]
5,"[5, 17]"
17,[17]
5,"[5, 17]"
17,"[2, 17]"
1,"[1, 6, 17]"
17,"[1, 17]"
6,"[6, 17]"
17,"[1, 17]"
6,"[2, 6, 17]"
17,"[2, 17]"
17,"[1, 17]"
17,[17]
17,"[2, 17]"
17,[17]
17,"[2, 17]"
17,"[1, 17]"
17,"[2, 17]"
17,"[2, 17]"
17,[17]
17,"[6, 17]"
6,[6]
5,[5]
17,"[1, 17]"
2,"[2, 17]"
5,"[5, 17]"
5,[5]
17,"[2, 6, 17]"
17,"[1, 17]"
17,"[6, 17]"
17,"[1, 17]"
6,[6]
6,[6]
17,"[2, 17]"
6,[6]
17,"[2, 17]"
17,"[2, 17]"
5,"[5, 17]"
1,"[1, 17]"
1,"[1, 17]"
6,[6]
17,[17]
5,[5]
5,[5]
6,"[6, 17]"
1,"[1, 5, 17]"
10,"[1, 10, 17]"
2,"[2, 6, 10]"
1,[1]
6,"[1, 6]"
1,"[1, 17]"
17,"[1, 17]"
17,"[6, 17]"
6,"[2, 6, 10, 17]"
10,"[1, 6, 10]"
17,"[1, 17]"
1,[1]
2,"[1, 2, 6, 17]"
10,"[1, 10, 17]"
17,"[6, 17]"
6,"[1, 6]"
2,[2]
17,"[6, 10, 17]"
17,"[2, 17]"
17,"[1, 5, 17]"
2,"[1, 2, 6]"
17,"[5, 6, 17]"
10,"[1, 10]"
2,"[1, 2, 10]"
6,"[6, 10]"
17,"[1, 5, 17]"
6,"[2, 6, 10, 17]"
9,"[0, 9, 17]"
0,[17]
2,"[2, 4, 17]"
9,"[0, 9, 15, 17]"
4,"[2, 4, 17]"
0,"[0, 15, 17]"
9,"[9, 15, 17]"
5,"[5, 17]"
0,"[0, 17]"
15,"[9, 15]"
17,"[4, 17]"
0,"[0, 15, 17]"
0,"[0, 17]"
0,"[0, 17]"
0,"[0, 17]"
17,"[9, 17]"
0,"[0, 17]"
0,"[0, 17]"
17,"[5, 17]"
17,[17]
5,"[3, 5, 17]"
17,"[0, 9, 17]"
17,"[0, 3, 17]"
4,"[4, 17]"
15,"[15, 17]"
17,[17]
0,"[0, 17]"
3,"[3, 17]"
17,"[4, 17]"
17,"[4, 17]"
17,"[5, 17]"
0,"[0, 15, 17]"
5,[5]
4,"[4, 17]"
2,"[2, 4, 17]"
17,[17]
17,"[2, 3, 5, 17]"
3,"[3, 17]"
5,"[3, 5, 17]"
17,"[3, 17]"
15,"[15, 17]"
17,"[3, 15, 17]"
17,"[3, 4, 5, 17]"
17,"[15, 17]"
0,"[0, 17]"
0,"[0, 17]"
5,"[0, 5, 17]"
2,"[2, 4, 17]"
4,"[2, 4, 17]"
17,"[3, 17]"
0,"[0, 17]"
5,[5]
0,"[0, 17]"
17,[17]
17,[17]
3,"[3, 17]"
0,"[0, 15, 17]"
17,[17]
17,"[4, 17]"
17,[17]
5,"[3, 5]"
9,"[9, 17]"
0,"[0, 17]"
0,"[0, 5, 15, 17]"
17,[17]
17,[17]
4,"[4, 17]"
17,"[4, 17]"
5,"[5, 17]"
17,"[0, 17]"
17,"[3, 15, 17]"
17,"[2, 4, 17]"
3,"[3, 17]"
0,"[0, 17]"
2,"[2, 4, 17]"
17,"[4, 6, 17]"
2,"[2, 4, 6, 17]"
2,"[2, 4, 17]"
5,"[5, 6, 17]"
2,"[2, 4, 5, 17]"
5,"[2, 5, 6, 17]"
4,"[2, 4]"
2,"[2, 4, 5]"
2,"[2, 4]"
17,"[2, 4, 6, 17]"
2,"[2, 4]"
2,"[2, 6]"
17,[17]
2,"[2, 4, 17]"
2,"[2, 6]"
2,"[2, 4]"
2,"[2, 4]"
2,"[2, 6]"
2,"[2, 4]"
17,"[2, 17]"
2,"[2, 10, 17]"
4,"[2, 4, 6, 17]"
2,"[2, 10, 17]"
2,"[2, 4, 5, 17]"
2,"[2, 17]"
17,"[2, 17]"
17,[17]
2,"[2, 5]"
17,"[6, 17]"
17,[17]
17,"[6, 17]"
2,"[2, 4]"
2,"[2, 4, 6, 17]"
2,"[2, 4, 17]"
2,"[2, 4, 6, 17]"
4,"[4, 17]"
17,[2]
17,"[6, 17]"
2,"[2, 4]"
2,"[4, 6, 17]"
2,"[2, 17]"
2,[2]
2,[2]
17,[17]
17,[17]
4,[4]
17,"[2, 4, 17]"
2,"[2, 4, 17]"
2,"[2, 4, 17]"
2,"[2, 4, 17]"
5,[5]
17,[17]
2,"[2, 4]"
2,"[2, 4]"
2,[2]
4,[4]
2,"[2, 6, 17]"
5,"[2, 5, 6, 17]"
2,"[2, 17]"
17,"[2, 17]"
2,"[2, 5]"
2,"[2, 4]"
2,"[2, 4, 17]"
2,"[2, 4]"
2,"[2, 4, 6, 17]"
2,"[2, 4, 17]"
2,"[2, 17]"
2,"[2, 5]"
2,"[2, 17]"
2,"[2, 4]"
2,"[2, 5]"
2,"[2, 4]"
2,"[2, 6]"
2,"[2, 4]"
2,"[2, 17]"
17,"[2, 17]"
17,"[2, 17]"
17,"[2, 5, 17]"
2,"[2, 17]"
2,"[2, 5]"
2,"[2, 5]"
2,"[2, 4, 5]"
2,"[2, 6, 17]"
5,"[5, 17]"
5,[5]
5,"[5, 17]"
5,"[5, 17]"
5,[5]
5,[5]
5,"[5, 17]"
5,"[5, 17]"
5,"[5, 6, 17]"
5,"[5, 6, 17]"
5,"[5, 6, 17]"
5,"[5, 6]"
5,[17]
5,"[5, 17]"
5,[5]
5,[5]
5,"[5, 17]"
5,[5]
5,"[5, 17]"
5,[5]
5,"[5, 17]"
5,"[5, 17]"
5,"[5, 17]"
5,[5]
5,"[5, 17]"
5,"[5, 8]"
5,"[5, 17]"
5,[]
5,"[5, 8, 17]"
5,[5]
5,"[5, 17]"
5,"[5, 17]"
5,"[5, 6, 17]"
5,[5]
5,[5]
5,[5]
5,"[5, 17]"
5,[5]
5,"[5, 17]"
2,"[2, 4, 17]"
2,"[2, 6]"
2,"[2, 4, 6]"
2,"[2, 4, 17]"
2,"[2, 4]"
4,"[2, 4]"
2,"[2, 10, 17]"
2,"[2, 4, 6, 17]"
2,"[2, 4, 17]"
2,"[2, 6, 17]"
2,"[2, 4, 6, 17]"
2,"[2, 4, 17]"
2,"[2, 4]"
4,[4]
2,"[2, 4]"
2,[2]
2,[2]
2,"[2, 17]"
2,"[2, 17]"
2,[2]
2,"[2, 4, 17]"
2,"[2, 4, 17]"
2,"[2, 4, 17]"
2,"[2, 4, 17]"
2,"[2, 4, 17]"
2,"[2, 6, 17]"
2,"[2, 4, 17]"
2,"[2, 4, 17]"
2,"[2, 6, 17]"
2,"[2, 4, 17]"
2,"[2, 6, 17]"
2,"[2, 4]"
2,"[2, 4, 17]"
2,"[2, 17]"
2,"[2, 6, 17]"
2,"[2, 4, 17]"
2,"[2, 4]"
2,"[2, 4, 17]"
2,"[2, 4]"
2,"[2, 4, 17]"
2,"[2, 17]"
2,[2]
2,"[2, 4]"
2,[2]
4,[4]
2,"[2, 4, 17]"
2,"[2, 10]"
2,"[2, 17]"
2,"[2, 4, 17]"
2,"[2, 4]"
2,"[2, 4]"
2,"[2, 4]"
2,"[2, 6, 17]"
2,"[2, 4]"
2,"[2, 4]"
2,"[2, 4]"
2,"[2, 4]"
2,"[2, 4]"
2,"[2, 17]"
2,"[2, 4, 17]"
2,"[2, 4]"
2,"[2, 17]"
2,"[2, 17]"
2,"[2, 17]"
2,[17]
2,"[6, 17]"
2,"[2, 4, 17]"
4,"[2, 4, 17]"
2,"[1, 2, 6, 17]"
2,"[2, 4, 17]"
2,"[2, 4]"
2,"[2, 4]"
2,[2]
2,"[2, 4]"
2,"[2, 17]"
2,"[2, 17]"
2,"[2, 17]"
2,[2]
2,"[2, 4, 17]"
2,"[2, 17]"
2,"[2, 17]"
4,"[2, 4, 10]"
2,"[2, 4]"
2,"[2, 17]"
2,"[2, 4, 17]"
2,"[2, 4]"
4,"[2, 4, 10]"
2,[2]
2,"[2, 4]"
2,[2]
2,"[2, 4, 17]"
4,"[2, 4]"
2,"[2, 17]"
2,"[2, 17]"
2,"[2, 4]"
4,[4]
2,"[2, 4, 17]"
2,"[2, 4, 17]"
2,"[2, 4]"
2,"[2, 4, 17]"
2,[2]
2,"[2, 4, 17]"
4,"[2, 4]"
2,"[2, 4]"
2,"[2, 4, 17]"
2,"[2, 17]"
2,[2]
2,"[2, 4, 17]"
0,"[0, 4, 17]"
4,"[4, 17]"
17,"[4, 17]"
10,"[10, 17]"
10,"[10, 17]"
17,"[9, 17]"
0,"[0, 9, 17]"
17,"[0, 17]"
10,"[0, 10, 17]"
4,"[4, 17]"
7,"[0, 17]"
17,"[4, 17]"
0,"[0, 4, 17]"
7,"[0, 7, 17]"
7,"[0, 7, 17]"
10,"[10, 17]"
4,"[4, 17]"
17,"[4, 17]"
0,"[0, 4, 17]"
17,"[0, 17]"
17,"[10, 17]"
17,"[10, 17]"
7,"[0, 7, 17]"
7,"[0, 17]"
17,[17]
17,"[10, 17]"
17,"[10, 17]"
17,"[10, 17]"
17,"[4, 17]"
4,"[4, 17]"
17,"[4, 17]"
17,"[0, 4, 17]"
0,"[0, 4, 17]"
2,"[2, 3, 4, 17]"
2,"[2, 4, 17]"
4,"[3, 17]"
4,"[3, 4, 17]"
2,"[2, 4, 17]"
3,"[3, 17]"
2,"[2, 4, 17]"
3,"[3, 6, 17]"
3,"[3, 6, 8, 17]"
17,"[4, 6, 17]"
4,"[3, 4, 17]"
2,"[2, 4]"
8,"[6, 8, 17]"
2,"[2, 4]"
2,"[2, 4, 17]"
0,"[0, 3, 5, 17]"
8,"[6, 8, 17]"
2,"[2, 4, 17]"
3,"[3, 4, 6, 17]"
2,"[2, 4, 17]"
17,"[5, 17]"
2,"[2, 4, 17]"
3,"[3, 17]"
2,"[2, 4, 17]"
2,"[2, 3, 17]"
17,[17]
17,"[0, 17]"
8,"[3, 6, 8, 17]"
4,"[3, 4]"
17,"[4, 17]"
4,"[4, 17]"
2,[2]
2,[2]
2,[2]
0,"[0, 5, 17]"
2,"[2, 4, 17]"
2,"[2, 17]"
2,"[2, 4]"
3,[3]
17,[17]
2,"[2, 4, 17]"
4,"[3, 4]"
8,"[3, 8]"
2,"[2, 3, 17]"
0,"[0, 3, 17]"
4,"[2, 4, 17]"
4,"[3, 4, 17]"
4,"[2, 4, 17]"
8,"[6, 8, 17]"
4,"[3, 10]"
0,"[0, 3, 17]"
3,"[3, 4, 17]"
3,"[3, 6, 8, 17]"
2,"[2, 4, 17]"
4,"[3, 4]"
2,"[2, 4, 10]"
3,"[3, 17]"
2,"[2, 4, 10]"
17,"[3, 17]"
8,"[3, 8]"
17,"[5, 17]"
4,"[4, 17]"
17,"[2, 3, 4, 17]"
8,"[8, 11, 17]"
17,"[4, 17]"
4,"[3, 4]"
4,"[2, 4]"
0,"[0, 2, 4, 17]"
4,"[1, 3, 17]"
3,"[1, 3, 4, 17]"
8,"[6, 8]"
17,"[0, 17]"
17,[17]
2,[2]
17,[17]
17,"[0, 17]"
2,"[2, 5, 17]"
2,"[2, 3]"
8,"[3, 8]"
2,"[2, 5, 17]"
2,"[1, 2, 10, 17]"
2,[2]
10,"[10, 17]"
5,"[1, 5, 17]"
17,"[1, 2, 10, 17]"
17,"[6, 17]"
10,"[2, 10, 17]"
5,"[5, 17]"
1,"[1, 17]"
17,"[1, 17]"
17,"[1, 6, 17]"
17,"[1, 17]"
5,"[5, 17]"
1,"[1, 4, 6, 17]"
5,"[5, 10]"
7,"[7, 17]"
17,"[1, 17]"
17,"[1, 5, 17]"
5,"[5, 17]"
5,"[0, 5, 17]"
10,"[10, 17]"
17,"[1, 17]"
7,"[1, 7, 17]"
1,"[1, 6, 17]"
7,"[5, 17]"
17,"[1, 17]"
5,"[5, 17]"
17,"[1, 17]"
17,"[1, 17]"
7,"[1, 7, 17]"
17,[17]
2,"[2, 10, 17]"
5,"[5, 10, 17]"
17,"[2, 6, 10, 17]"
2,"[2, 10, 17]"
17,"[4, 6, 17]"
1,"[1, 4, 17]"
5,"[5, 17]"
10,"[10, 17]"
1,"[1, 17]"
17,"[1, 17]"
11,"[1, 6, 11, 17]"
17,"[1, 17]"
2,"[2, 3, 10, 17]"
11,"[1, 6, 11]"
17,"[3, 17]"
17,"[1, 6, 17]"
17,"[1, 17]"
17,"[3, 17]"
0,"[0, 1, 17]"
17,"[2, 17]"
17,"[1, 17]"
4,"[4, 17]"
17,"[1, 17]"
11,"[6, 11, 17]"
17,"[1, 17]"
17,"[1, 6, 17]"
17,"[1, 6, 17]"
17,"[5, 17]"
2,"[2, 17]"
3,"[3, 4, 17]"
4,"[4, 17]"
17,"[1, 17]"
17,[17]
4,"[4, 17]"
17,"[1, 17]"
1,"[1, 6, 17]"
8,"[1, 17]"
17,"[2, 17]"
5,"[0, 1, 5, 17]"
17,"[0, 1, 17]"
17,[1]
17,[17]
2,[]
1,[]
5,[17]
17,[]
17,[1]
2,"[2, 3]"
17,"[0, 1, 17]"
0,"[0, 1, 2, 17]"
1,[1]
4,"[4, 17]"
4,"[2, 4, 17]"
0,"[0, 1, 17]"
2,"[2, 17]"
4,"[3, 4, 17]"
2,"[2, 17]"
3,"[3, 4]"
17,"[1, 17]"
5,"[5, 17]"
4,"[2, 4, 17]"
4,"[2, 4, 6, 17]"
17,"[1, 6, 17]"
17,"[3, 4, 17]"
5,"[5, 17]"
1,"[1, 17]"
8,"[1, 8, 17]"
0,"[0, 1, 17]"
17,"[0, 5, 17]"
17,"[1, 17]"
17,"[4, 17]"
17,"[1, 17]"
1,"[1, 17]"
17,"[4, 17]"
17,"[3, 17]"
8,"[1, 6, 8]"
17,"[1, 17]"
1,"[1, 17]"
1,"[1, 5]"
1,"[1, 6]"
2,"[2, 4, 17]"
8,"[1, 8]"
2,"[2, 4, 17]"
8,"[1, 8]"
17,"[0, 17]"
1,"[1, 5]"
1,"[1, 6]"
8,"[6, 8]"
8,"[5, 8]"
17,"[1, 17]"
17,"[1, 17]"
8,"[1, 8, 17]"
8,"[1, 8, 17]"
17,"[3, 4, 17]"
17,"[1, 17]"
17,[17]
3,"[3, 4, 17]"
17,"[1, 17]"
5,"[1, 5]"
4,[4]
3,"[3, 17]"
17,"[1, 17]"
11,"[1, 11, 17]"
2,[2]
4,"[4, 17]"
8,"[5, 8]"
17,"[3, 17]"
0,"[0, 17]"
2,"[2, 17]"
17,"[1, 17]"
17,"[1, 17]"
17,"[2, 17]"
2,"[2, 17]"
2,"[2, 17]"
2,"[1, 2]"
11,"[1, 2, 11]"
3,"[3, 17]"
4,"[0, 4, 17]"
2,"[0, 2, 17]"
2,"[2, 17]"
0,"[0, 17]"
2,"[2, 4]"
2,"[0, 2, 17]"
2,"[2, 17]"
2,"[2, 17]"
17,"[3, 6, 17]"
3,[3]
3,[3]
17,[17]
3,[3]
3,[3]
3,"[3, 8, 17]"
4,"[2, 4, 17]"
4,"[2, 4, 17]"
4,"[3, 4]"
17,"[3, 17]"
2,"[2, 4]"
17,"[6, 17]"
3,[3]
3,"[3, 6]"
2,[2]
0,"[0, 5, 17]"
2,"[2, 17]"
3,[3]
2,[2]
4,[4]
4,"[2, 4]"
4,"[4, 6]"
4,"[3, 4]"
4,"[2, 4]"
4,[4]
2,"[0, 2, 4, 17]"
4,[4]
2,"[2, 4, 17]"
0,"[0, 17]"
17,"[0, 17]"
4,"[2, 4, 17]"
0,"[0, 4, 17]"
3,"[3, 4, 6, 17]"
2,"[2, 17]"
0,"[0, 2, 17]"
4,"[0, 4, 6, 17]"
4,[17]
4,"[3, 4, 17]"
17,"[3, 6, 17]"
4,[4]
2,[2]
2,"[0, 2, 17]"
2,"[2, 10, 17]"
17,"[6, 17]"
2,"[2, 3, 4, 17]"
4,"[2, 3, 4]"
4,"[2, 4, 17]"
4,"[4, 6, 17]"
17,"[2, 17]"
2,"[1, 2, 6, 10, 17]"
5,"[1, 5, 10, 17]"
17,"[6, 10, 17]"
10,"[1, 6, 10, 17]"
5,"[5, 17]"
17,[17]
2,"[2, 10, 17]"
10,"[1, 10, 17]"
5,"[5, 17]"
2,"[1, 2, 10]"
17,"[0, 4, 17]"
17,"[0, 4, 17]"
10,"[0, 2, 4, 6, 10, 17]"
5,"[5, 17]"
1,"[1, 6, 17]"
2,"[2, 10]"
17,"[10, 17]"
1,"[1, 17]"
1,"[1, 17]"
17,"[10, 17]"
1,"[1, 10, 17]"
10,"[1, 10]"
17,"[10, 17]"
17,"[10, 17]"
5,"[5, 17]"
1,"[1, 6, 17]"
17,"[6, 17]"
10,"[1, 6, 10]"
2,"[2, 6]"
17,[17]
3,"[3, 4, 17]"
4,"[3, 4, 17]"
2,"[2, 3, 4, 17]"
4,"[3, 4]"
17,[17]
4,"[3, 4]"
4,"[2, 4, 10]"
17,"[3, 17]"
2,"[2, 10]"
17,[17]
17,"[3, 17]"
2,"[2, 4]"
2,"[2, 4]"
17,[17]
3,"[3, 17]"
17,"[4, 17]"
4,"[3, 4, 17]"
17,"[3, 17]"
17,"[3, 17]"
17,"[4, 17]"
17,[17]
17,"[3, 17]"
4,"[4, 17]"
17,"[4, 17]"
3,"[3, 4]"
17,"[3, 17]"
4,"[2, 4]"
17,"[3, 17]"
2,"[2, 17]"
17,"[3, 17]"
17,"[3, 4, 17]"
3,"[3, 17]"
4,"[2, 3, 4]"
17,"[3, 17]"
17,"[2, 4, 17]"
2,"[2, 3, 4]"
4,"[2, 4, 17]"
17,"[3, 17]"
17,[17]
3,"[3, 17]"
17,[17]
17,"[3, 17]"
2,"[2, 17]"
17,"[4, 17]"
17,[17]
17,"[3, 17]"
17,[17]
2,"[2, 4, 17]"
17,"[2, 4, 17]"
2,"[2, 17]"
2,"[2, 3, 4]"
17,"[4, 17]"
17,"[3, 17]"
17,"[3, 17]"
3,[3]
17,[17]
11,[11]
11,"[11, 17]"
4,"[3, 4]"
17,"[3, 4, 17]"
17,[17]
4,[17]
17,[17]
17,[17]
17,"[3, 17]"
17,"[11, 17]"
17,"[3, 17]"
17,"[4, 17]"
11,"[3, 11]"
17,"[3, 17]"
17,[17]
4,"[3, 4]"
11,[11]
17,"[4, 17]"
17,"[4, 17]"
4,"[3, 4]"
11,"[11, 17]"
17,"[3, 17]"
17,"[3, 4, 17]"
4,"[3, 4]"
11,"[3, 11]"
17,"[3, 17]"
11,"[6, 11, 17]"
4,"[3, 4]"
17,"[3, 17]"
4,"[3, 4]"
4,"[4, 17]"
17,"[3, 17]"
17,[17]
17,"[3, 17]"
3,[3]
11,"[11, 17]"
11,"[9, 11]"
17,"[3, 17]"
17,"[3, 17]"
17,"[3, 4, 17]"
17,"[3, 17]"
4,"[3, 4]"
17,[17]
17,[17]
17,"[3, 17]"
17,"[3, 17]"
17,"[3, 4, 17]"
11,"[3, 11]"
11,"[3, 4, 11, 17]"
17,[17]
17,"[0, 17]"
2,"[2, 17]"
2,"[2, 17]"
2,"[2, 4, 17]"
2,[2]
2,"[2, 4]"
2,"[2, 17]"
17,"[4, 17]"
5,"[4, 17]"
4,"[4, 17]"
5,"[5, 17]"
2,"[2, 4]"
2,"[2, 4]"
2,"[2, 4]"
2,"[2, 4, 17]"
2,"[2, 4]"
2,"[2, 4, 17]"
2,"[2, 4]"
4,[4]
2,"[2, 17]"
2,"[2, 4]"
2,"[2, 4, 17]"
2,"[2, 4]"
2,"[2, 4]"
2,"[2, 4, 17]"
2,"[2, 4]"
5,"[5, 6]"
2,"[2, 4, 17]"
2,"[2, 4, 6]"
2,"[2, 4, 5]"
2,"[2, 4]"
2,"[2, 4]"
2,"[2, 4]"
4,[4]
2,"[2, 4]"
2,"[2, 4]"
5,"[5, 6, 17]"
2,"[2, 4]"
2,"[2, 4]"
2,"[2, 4]"
2,"[2, 4, 17]"
2,"[2, 4, 6]"
2,"[2, 4, 6]"
2,"[2, 4]"
2,"[2, 4, 5]"
4,[4]
2,[2]
2,"[2, 4]"
2,"[2, 4, 17]"
2,"[2, 4]"
2,"[2, 5, 17]"
2,"[2, 4]"
2,"[2, 4, 5]"
2,"[2, 4]"
2,"[2, 4]"
4,[4]
2,"[2, 4, 17]"
17,"[5, 17]"
0,"[0, 5, 9, 17]"
17,"[9, 17]"
5,"[5, 15, 17]"
9,"[9, 17]"
17,[17]
0,"[0, 17]"
17,[17]
9,[9]
17,"[5, 17]"
5,"[5, 17]"
17,"[9, 17]"
0,"[0, 17]"
17,"[9, 17]"
17,"[5, 17]"
17,[17]
17,"[9, 17]"
5,"[5, 17]"
17,"[9, 17]"
9,"[0, 9, 17]"
17,"[0, 9, 17]"
0,"[0, 9, 17]"
17,"[5, 17]"
9,"[0, 9, 17]"
17,"[9, 17]"
17,[17]
0,"[0, 9, 17]"
9,"[9, 17]"
17,[17]
5,"[5, 17]"
5,"[5, 17]"
17,[17]
17,"[5, 17]"
17,"[0, 17]"
17,"[9, 17]"
17,[17]
17,"[5, 17]"
0,"[0, 17]"
17,"[2, 4, 17]"
0,"[0, 1, 17]"
17,"[4, 17]"
5,"[5, 17]"
17,[17]
0,"[0, 5, 17]"
2,"[2, 17]"
17,"[10, 17]"
7,"[2, 5, 7, 10, 17]"
17,"[10, 17]"
17,"[5, 17]"
17,"[4, 17]"
17,"[4, 17]"
5,"[5, 17]"
0,"[0, 5, 17]"
5,[5]
2,"[2, 17]"
17,"[0, 2, 17]"
2,[2]
17,"[4, 17]"
17,"[4, 17]"
5,"[5, 17]"
17,"[4, 17]"
2,[2]
10,"[10, 17]"
5,"[5, 17]"
17,"[10, 17]"
2,"[2, 6]"
17,"[6, 17]"
0,"[0, 5, 17]"
0,"[0, 2, 6, 17]"
17,"[0, 6, 17]"
0,"[0, 2, 17]"
17,"[10, 17]"
0,"[0, 2, 17]"
17,[17]
17,[17]
2,"[0, 2, 17]"
0,"[0, 4, 17]"
17,"[0, 17]"
17,"[2, 10, 17]"
17,"[2, 4, 17]"
0,"[0, 2, 17]"
17,"[4, 6, 17]"
7,"[5, 7, 17]"
10,"[2, 6, 10, 17]"
0,"[0, 2, 17]"
2,"[2, 4, 17]"
2,"[0, 2, 17]"
2,"[2, 17]"
17,[17]
0,"[0, 10, 17]"
17,[17]
0,"[0, 17]"
17,[17]
17,[17]
0,"[0, 17]"
0,"[0, 2, 17]"
17,"[4, 17]"
7,[17]
2,"[2, 17]"
17,[17]
17,"[8, 17]"
17,[17]
0,"[0, 17]"
0,"[0, 17]"
2,"[2, 17]"
0,"[0, 17]"
17,"[4, 17]"
17,[17]
17,"[10, 17]"
17,"[10, 17]"
17,"[10, 17]"
17,"[2, 10, 17]"
17,"[10, 17]"
17,"[5, 17]"
17,[17]
17,"[2, 10, 17]"
17,[17]
10,"[1, 2, 10, 17]"
17,"[5, 17]"
17,"[2, 10, 17]"
2,"[2, 4, 17]"
11,"[4, 5, 6, 11, 17]"
17,"[4, 17]"
7,"[4, 7, 17]"
2,"[2, 4, 17]"
1,"[1, 10, 17]"
2,"[2, 10, 17]"
11,"[2, 10, 11, 17]"
10,"[2, 10]"
17,"[10, 17]"
17,"[4, 17]"
1,"[1, 4, 17]"
17,"[5, 10, 17]"
17,"[10, 17]"
17,"[10, 17]"
1,"[1, 17]"
5,"[5, 17]"
17,"[1, 4, 17]"
17,[17]
17,[17]
17,[17]
2,"[2, 10, 17]"
1,"[1, 17]"
17,"[10, 17]"
11,"[1, 4, 11]"
5,"[5, 17]"
17,[17]
17,[17]
17,[17]
17,[17]
5,"[5, 17]"
10,"[1, 10, 17]"
17,"[1, 4, 17]"
17,"[2, 4, 17]"
5,"[5, 17]"
2,"[2, 4, 17]"
7,"[1, 7, 17]"
7,"[1, 17]"
5,"[5, 17]"
17,"[10, 17]"
17,"[5, 17]"
17,[17]
17,"[5, 17]"
10,"[4, 17]"
17,"[1, 17]"
17,"[4, 17]"
17,"[10, 17]"
0,"[0, 17]"
17,"[1, 17]"
17,[17]
17,"[1, 17]"
2,"[2, 10, 17]"
2,"[2, 10]"
17,"[0, 10, 17]"
17,"[1, 17]"
0,[17]
17,"[1, 17]"
10,"[2, 10, 17]"
2,"[2, 10, 17]"
1,"[1, 17]"
17,"[10, 17]"
0,"[0, 1, 17]"
10,"[10, 17]"
17,"[10, 17]"
0,"[0, 5, 17]"
2,"[2, 10, 17]"
17,"[0, 5, 17]"
0,"[0, 5, 17]"
17,"[0, 17]"
17,"[0, 5, 17]"
6,"[1, 6, 17]"
17,"[2, 4, 17]"
17,"[5, 17]"
2,"[2, 5, 17]"
11,"[6, 11, 17]"
17,"[1, 17]"
0,"[0, 10, 17]"
17,[17]
17,[17]
11,"[11, 17]"
1,"[1, 17]"
11,"[11, 17]"
1,"[1, 17]"
10,"[2, 10, 17]"
1,[1]
11,[11]
17,[17]
17,"[1, 17]"
0,"[0, 1, 2, 17]"
17,[17]
0,"[0, 17]"
17,"[0, 9, 17]"
6,"[5, 6, 17]"
6,"[1, 6, 17]"
17,"[2, 4, 10, 17]"
6,"[1, 6, 17]"
17,"[4, 10, 17]"
11,"[1, 6, 11, 17]"
1,"[1, 17]"
10,"[2, 10, 17]"
6,"[1, 6]"
0,"[0, 1, 17]"
17,"[1, 17]"
0,"[0, 17]"
2,"[2, 4]"
0,"[0, 17]"
4,"[4, 17]"
0,"[0, 17]"
0,"[0, 17]"
17,"[4, 17]"
2,"[3, 5, 17]"
17,[17]
0,"[0, 2, 10, 17]"
4,"[4, 9, 17]"
2,"[2, 5]"
4,"[2, 4, 17]"
10,"[10, 17]"
0,"[0, 9, 17]"
2,"[2, 10, 17]"
17,"[10, 17]"
2,"[2, 10, 17]"
10,[10]
2,[2]
10,"[2, 10, 17]"
2,"[2, 10, 17]"
2,"[2, 10, 17]"
0,"[0, 17]"
10,[4]
2,"[2, 10, 17]"
17,"[10, 17]"
2,"[2, 10]"
0,"[0, 6, 17]"
0,"[0, 17]"
0,"[0, 10, 17]"
4,"[2, 4]"
0,"[4, 10, 17]"
17,[17]
0,"[0, 2, 10, 17]"
17,[17]
2,"[2, 10, 17]"
0,"[0, 17]"
17,"[0, 17]"
17,"[4, 17]"
2,"[2, 10]"
2,"[0, 2, 17]"
0,"[0, 17]"
4,"[4, 17]"
2,"[2, 10]"
2,"[2, 10]"
4,"[2, 4, 5, 6, 17]"
0,"[0, 4, 9, 17]"
17,"[5, 17]"
10,"[2, 10, 17]"
17,[17]
2,"[2, 4, 5, 6, 17]"
17,[17]
0,"[0, 17]"
0,"[0, 17]"
9,"[0, 9, 17]"
17,[17]
2,"[2, 10, 17]"
4,"[2, 4, 5]"
4,"[0, 4, 10, 17]"
2,"[2, 4, 5]"
0,"[0, 17]"
0,"[0, 4, 17]"
9,"[0, 9, 17]"
17,"[10, 17]"
17,"[10, 17]"
4,"[2, 4, 5]"
17,[17]
17,[17]
0,"[0, 17]"
0,"[0, 9, 17]"
9,"[0, 9, 17]"
2,"[2, 10, 17]"
2,"[2, 5, 17]"
2,"[2, 17]"
17,[17]
17,[17]
17,"[4, 17]"
9,"[9, 17]"
17,"[10, 17]"
2,"[2, 5, 10, 17]"
2,[2]
0,"[0, 17]"
5,"[5, 17]"
0,"[5, 17]"
17,"[15, 17]"
17,[17]
0,"[0, 17]"
17,[17]
17,[17]
0,"[5, 9, 17]"
9,"[9, 15, 17]"
0,"[0, 9, 15, 17]"
17,"[0, 17]"
0,"[0, 5, 17]"
17,"[0, 17]"
0,"[0, 5, 17]"
9,"[0, 9, 17]"
9,"[9, 15]"
17,"[9, 17]"
9,"[9, 15, 17]"
17,"[9, 17]"
17,"[0, 15, 17]"
17,[17]
17,[17]
17,[17]
15,"[9, 15, 17]"
17,"[15, 17]"
17,"[5, 17]"
0,"[0, 15, 17]"
17,[17]
0,"[5, 17]"
17,[17]
17,"[0, 9, 17]"
17,"[0, 5, 17]"
5,"[5, 8, 17]"
17,"[5, 9, 17]"
17,"[0, 9, 17]"
0,"[0, 15, 17]"
17,"[9, 17]"
0,"[0, 5, 17]"
17,"[9, 17]"
17,"[9, 17]"
17,"[5, 17]"
15,"[15, 17]"
17,[17]
0,"[0, 17]"
17,"[9, 17]"
0,"[0, 17]"
17,[17]
0,"[0, 17]"
17,"[0, 15, 17]"
17,[17]
17,[17]
17,"[9, 17]"
17,"[5, 9, 17]"
9,"[9, 17]"
17,[17]
5,"[5, 17]"
17,"[5, 9, 17]"
0,"[0, 9, 17]"
17,"[9, 17]"
0,"[0, 17]"
17,"[9, 17]"
0,"[0, 17]"
0,"[0, 5, 17]"
17,"[15, 17]"
17,"[5, 17]"
17,"[15, 17]"
0,"[0, 5, 17]"
0,"[0, 9, 17]"
15,"[15, 17]"
5,"[5, 17]"
15,"[0, 15, 17]"
17,"[4, 17]"
17,"[4, 17]"
0,"[0, 5, 17]"
9,"[5, 9, 17]"
17,"[4, 17]"
17,"[4, 17]"
17,"[0, 17]"
0,"[0, 5, 17]"
17,"[0, 17]"
17,[17]
4,"[4, 17]"
4,"[4, 17]"
0,"[0, 9, 17]"
4,"[4, 17]"
17,"[4, 17]"
6,"[4, 6, 17]"
17,"[9, 17]"
17,"[4, 17]"
17,"[10, 17]"
6,"[6, 10]"
17,"[9, 17]"
4,"[4, 17]"
17,"[4, 17]"
9,"[0, 9, 17]"
4,"[4, 17]"
6,"[4, 6, 17]"
4,"[4, 17]"
9,"[9, 17]"
17,"[4, 17]"
17,"[4, 17]"
0,"[0, 17]"
17,"[4, 17]"
17,[17]
17,"[9, 17]"
17,"[4, 17]"
17,"[4, 17]"
6,"[4, 6]"
6,"[4, 6]"
17,"[4, 17]"
17,"[4, 17]"
0,"[0, 17]"
17,"[4, 17]"
17,[17]
4,"[4, 17]"
17,"[4, 17]"
4,"[4, 17]"
17,"[4, 17]"
17,"[4, 17]"
17,[17]
3,"[3, 4, 17]"
3,"[3, 4, 17]"
3,"[3, 4, 17]"
17,"[3, 17]"
3,"[3, 4, 17]"
3,"[3, 4, 17]"
17,[17]
3,"[2, 4]"
3,"[2, 17]"
3,[2]
4,"[2, 4, 17]"
17,"[4, 17]"
17,[17]
4,"[2, 3, 4, 17]"
4,"[4, 17]"
17,"[3, 17]"
4,"[4, 17]"
17,"[3, 17]"
4,"[4, 17]"
4,"[3, 4, 17]"
17,"[4, 17]"
4,"[3, 4, 17]"
4,"[2, 3, 4]"
3,"[3, 4, 17]"
3,"[2, 3, 4]"
3,"[3, 4, 17]"
4,"[3, 4]"
3,"[2, 3, 4, 17]"
4,"[3, 4, 17]"
17,[17]
4,"[3, 4]"
2,"[2, 3, 4, 17]"
3,"[3, 4, 17]"
2,"[2, 3, 4, 17]"
4,"[3, 4, 17]"
17,"[4, 17]"
3,"[3, 4]"
17,"[4, 17]"
4,"[3, 4, 17]"
3,"[3, 4, 17]"
4,"[3, 4]"
4,"[3, 4, 17]"
3,"[3, 4]"
17,"[4, 17]"
4,"[3, 4, 17]"
4,[4]
4,"[4, 17]"
3,"[3, 17]"
3,"[3, 4, 17]"
4,"[3, 4, 17]"
4,"[3, 4, 17]"
17,"[4, 17]"
3,"[3, 4]"
3,"[3, 4, 17]"
3,"[3, 4]"
3,"[3, 4]"
4,"[3, 4, 17]"
3,"[3, 4, 17]"
3,"[3, 4]"
2,"[2, 4]"
3,[17]
2,[17]
2,[17]
3,[17]
11,"[3, 11]"
3,[3]
17,"[3, 17]"
17,"[3, 17]"
17,"[3, 17]"
0,"[0, 4, 17]"
2,"[0, 2, 17]"
2,"[2, 17]"
4,"[3, 4, 17]"
2,"[2, 4]"
17,"[3, 17]"
17,"[3, 17]"
4,[4]
17,"[3, 17]"
17,[17]
17,"[4, 17]"
2,"[2, 4]"
17,"[4, 17]"
2,"[2, 3, 17]"
11,[11]
2,[2]
17,[17]
11,"[4, 6, 11, 17]"
2,"[2, 4]"
0,"[0, 4, 6, 17]"
2,"[0, 2, 17]"
2,"[2, 9, 17]"
11,"[11, 17]"
2,"[2, 4, 17]"
0,"[0, 3, 17]"
2,"[2, 4, 17]"
2,"[2, 4, 9, 17]"
17,"[3, 17]"
17,"[3, 17]"
17,"[3, 17]"
2,"[2, 9, 17]"
2,"[2, 4, 17]"
2,"[2, 4, 17]"
4,"[3, 4]"
0,"[0, 4, 17]"
2,"[2, 11]"
2,[2]
17,[17]
4,"[2, 4]"
17,"[3, 17]"
2,"[2, 11]"
0,"[0, 9, 17]"
2,"[2, 9]"
2,"[2, 4, 17]"
0,"[0, 3, 17]"
11,[11]
11,[11]
2,"[2, 17]"
4,[4]
0,"[0, 17]"
2,"[2, 4, 17]"
2,"[2, 4, 17]"
17,"[3, 17]"
4,"[4, 17]"
3,[3]
17,"[3, 17]"
17,"[4, 17]"
17,"[3, 17]"
4,"[2, 4]"
17,[17]
17,"[4, 17]"
11,"[2, 11]"
2,"[2, 9]"
2,"[2, 4, 17]"
2,"[2, 9]"
2,"[2, 17]"
2,"[2, 4]"
17,"[4, 17]"
4,"[4, 11]"
17,"[3, 17]"
11,[11]
2,"[2, 4, 17]"
2,"[2, 4]"
0,"[0, 5, 6, 17]"
17,[17]
17,"[4, 17]"
17,"[3, 17]"
17,"[4, 17]"
0,"[0, 4, 17]"
2,"[0, 2, 17]"
17,"[3, 4, 17]"
2,"[2, 4]"
17,"[4, 17]"
2,"[2, 9]"
2,"[2, 9]"
2,"[2, 9]"
17,[17]
0,"[0, 2, 5, 17]"
17,"[3, 17]"
17,"[3, 17]"
17,"[3, 17]"
17,"[3, 17]"
2,"[0, 2, 17]"
11,"[2, 4, 11]"
2,"[0, 2, 9, 17]"
0,"[0, 11, 17]"
2,"[0, 2, 9, 17]"
2,"[2, 4]"
2,"[2, 4, 17]"
3,"[3, 4]"
17,"[3, 17]"
0,"[0, 3, 17]"
3,[3]
17,"[2, 17]"
2,"[2, 17]"
3,[3]
17,"[3, 5, 17]"
17,"[3, 5, 17]"
17,"[0, 5, 17]"
3,"[2, 3, 4, 17]"
4,"[3, 4]"
17,[17]
17,[17]
4,[4]
17,[17]
4,"[2, 4]"
17,"[3, 17]"
3,"[3, 4]"
2,"[2, 4]"
0,"[0, 3, 17]"
17,[17]
17,"[3, 17]"
4,"[4, 8, 17]"
4,[4]
0,"[0, 2, 4, 17]"
2,"[2, 4]"
2,"[2, 4]"
2,"[2, 10, 17]"
17,"[4, 17]"
17,[17]
0,"[0, 17]"
2,[2]
17,"[4, 17]"
3,[3]
2,"[2, 10, 17]"
17,[17]
3,"[2, 3, 11]"
4,"[2, 4]"
0,"[0, 2, 17]"
4,"[2, 4]"
4,"[2, 4]"
2,"[0, 2, 4, 17]"
3,"[2, 3, 11]"
17,[17]
17,[17]
2,"[2, 4, 17]"
17,"[4, 17]"
3,"[2, 3, 4, 17]"
4,"[4, 17]"
0,"[0, 3, 17]"
17,"[3, 4, 17]"
4,[4]
17,"[4, 17]"
4,"[3, 4]"
2,"[2, 4]"
0,"[0, 17]"
0,"[0, 3, 17]"
4,"[0, 2, 4, 17]"
17,"[4, 17]"
17,[17]
2,"[2, 17]"
17,[17]
2,"[2, 17]"
2,"[2, 17]"
2,"[2, 4, 17]"
0,"[0, 17]"
2,"[2, 4]"
2,"[0, 2, 4, 17]"
17,"[3, 17]"
2,"[2, 4]"
2,"[2, 10, 17]"
4,"[2, 4, 17]"
4,"[4, 10, 17]"
17,"[4, 10, 17]"
17,"[2, 10, 17]"
17,"[3, 17]"
2,"[2, 4]"
2,"[2, 4, 17]"
4,"[2, 4, 17]"
2,"[2, 4]"
2,"[2, 4, 17]"
17,"[2, 4, 17]"
2,"[2, 4]"
4,"[2, 4]"
2,"[2, 4]"
2,"[2, 4, 17]"
17,"[2, 4, 17]"
4,"[2, 4]"
3,"[3, 17]"
4,"[2, 3, 4]"
17,"[3, 17]"
2,"[2, 3, 4]"
4,[4]
4,"[3, 4]"
17,"[3, 17]"
17,"[3, 17]"
4,"[3, 4, 17]"
4,[4]
2,"[2, 3]"
17,"[3, 17]"
17,"[3, 17]"
17,"[3, 17]"
3,[3]
17,"[3, 17]"
2,[3]
2,"[3, 17]"
4,"[3, 4, 17]"
4,"[3, 4, 17]"
2,"[2, 3]"
17,"[3, 17]"
4,"[2, 3, 4]"
2,"[2, 3]"
4,[4]
17,"[3, 17]"
4,"[3, 4, 17]"
4,"[3, 4]"
3,"[3, 17]"
2,"[2, 3]"
4,[4]
2,"[2, 3]"
17,"[3, 17]"
3,[3]
2,"[2, 3]"
2,"[2, 3, 17]"
17,"[3, 17]"
4,"[3, 4, 17]"
4,"[3, 4]"
2,"[2, 3]"
2,"[2, 3]"
4,[4]
4,[4]
17,"[3, 17]"
17,"[3, 17]"
4,[4]
4,[4]
17,"[2, 10, 17]"
2,"[2, 10, 17]"
17,"[2, 10, 17]"
17,"[2, 10, 17]"
7,"[7, 17]"
7,"[7, 17]"
17,"[2, 10, 17]"
10,"[2, 10, 17]"
4,"[2, 4, 10]"
7,"[2, 7, 10, 17]"
17,"[2, 4, 17]"
17,"[2, 4, 17]"
2,"[2, 4]"
2,"[2, 4, 17]"
7,[17]
2,"[2, 4, 17]"
17,"[2, 4, 17]"
2,"[2, 10, 17]"
17,"[0, 17]"
17,"[2, 10]"
17,"[2, 10, 17]"
2,"[2, 17]"
7,"[4, 7, 17]"
7,"[7, 17]"
17,"[4, 17]"
17,"[10, 17]"
17,[17]
7,"[0, 17]"
7,"[0, 17]"
2,"[2, 10]"
17,"[7, 17]"
17,"[2, 17]"
2,"[2, 10, 17]"
2,"[2, 10, 17]"
2,"[2, 6, 9, 10, 17]"
10,"[2, 9, 10, 17]"
7,"[7, 17]"
2,"[2, 10]"
2,"[2, 10, 17]"
2,"[2, 7, 10, 17]"
17,"[4, 17]"
7,"[7, 10, 17]"
7,"[7, 17]"
7,"[7, 17]"
7,"[7, 17]"
7,"[7, 17]"
17,"[10, 17]"
2,"[2, 10, 17]"
17,"[2, 10, 17]"
17,"[7, 17]"
7,"[7, 10, 17]"
17,"[2, 10, 17]"
2,"[2, 17]"
17,"[6, 10, 17]"
17,"[2, 10, 17]"
17,"[10, 17]"
7,"[2, 17]"
2,"[2, 17]"
7,"[7, 17]"
7,"[7, 17]"
7,"[7, 17]"
10,[10]
2,"[2, 17]"
2,"[2, 7, 17]"
7,"[7, 17]"
2,"[2, 17]"
2,"[2, 10, 17]"
2,"[2, 17]"
17,"[2, 17]"
17,"[4, 17]"
7,"[4, 7, 17]"
17,"[4, 6, 17]"
7,"[7, 17]"
2,"[2, 4, 6, 17]"
7,"[7, 10, 17]"
17,"[10, 17]"
7,"[7, 10, 17]"
2,"[2, 10, 17]"
17,"[2, 17]"
17,"[2, 10, 17]"
2,"[2, 10, 17]"
7,"[7, 17]"
2,"[2, 17]"
17,"[10, 17]"
17,"[10, 17]"
17,"[10, 17]"
17,"[2, 10, 17]"
17,"[2, 10, 17]"
1,[17]
1,"[1, 6]"
17,"[1, 2, 10, 17]"
10,"[2, 10, 17]"
10,"[10, 17]"
17,"[10, 17]"
17,"[2, 10, 17]"
17,"[10, 17]"
6,"[1, 6]"
6,"[1, 6, 17]"
17,"[1, 17]"
2,"[1, 2, 10, 17]"
5,"[1, 5, 7, 17]"
17,"[1, 10, 17]"
17,"[1, 17]"
1,"[1, 17]"
17,"[0, 17]"
10,"[10, 17]"
5,[5]
17,[17]
17,[17]
2,"[2, 10, 17]"
17,"[10, 17]"
10,"[2, 10, 17]"
17,"[2, 10, 17]"
1,"[1, 17]"
17,"[1, 17]"
17,"[4, 17]"
5,"[5, 17]"
2,"[2, 4, 17]"
6,"[1, 6]"
6,"[1, 6]"
17,"[4, 17]"
5,"[5, 17]"
17,[17]
10,"[10, 17]"
17,[17]
1,"[1, 17]"
2,"[2, 4, 17]"
17,"[1, 17]"
2,"[2, 10]"
17,"[10, 17]"
6,"[6, 17]"
17,"[10, 17]"
5,"[5, 17]"
2,"[2, 17]"
4,"[4, 17]"
2,"[2, 17]"
4,"[2, 4, 17]"
2,"[0, 2, 4, 17]"
2,"[2, 17]"
2,"[2, 17]"
0,"[0, 9, 17]"
2,"[2, 4, 9, 17]"
2,"[2, 4, 17]"
2,"[2, 4, 17]"
2,"[2, 4, 17]"
2,"[2, 4, 17]"
2,"[2, 4, 17]"
0,"[0, 2, 4, 17]"
2,"[2, 4, 9]"
2,"[2, 4]"
2,"[2, 4, 17]"
2,"[2, 4, 17]"
2,"[2, 4]"
2,"[2, 4, 17]"
4,"[2, 4, 17]"
2,"[2, 17]"
2,"[2, 4, 17]"
0,"[0, 17]"
0,"[0, 2, 4, 9, 17]"
2,"[2, 4, 17]"
4,"[4, 17]"
17,"[9, 17]"
0,"[0, 5, 9, 17]"
17,[17]
17,[17]
5,"[5, 17]"
17,[17]
17,[17]
0,"[0, 15, 17]"
15,"[15, 17]"
17,[17]
17,[17]
17,[17]
0,"[0, 17]"
17,[17]
17,[9]
17,"[0, 9, 17]"
0,"[0, 9, 17]"
17,"[0, 17]"
5,"[5, 17]"
17,"[9, 17]"
17,[17]
17,"[9, 17]"
17,"[9, 17]"
17,"[9, 17]"
0,"[0, 17]"
15,"[15, 17]"
17,[17]
17,[17]
17,"[9, 17]"
0,"[0, 15, 17]"
5,"[5, 17]"
17,"[9, 17]"
17,"[9, 17]"
0,"[0, 15, 17]"
0,"[0, 9, 17]"
17,[17]
17,[17]
0,"[9, 17]"
0,"[6, 9, 17]"
17,"[9, 17]"
17,[17]
0,"[6, 9, 17]"
17,"[9, 17]"
0,"[0, 17]"
0,"[0, 17]"
17,"[0, 17]"
15,"[6, 15]"
17,"[9, 15, 17]"
17,"[9, 15, 17]"
17,[17]
17,"[9, 15, 17]"
17,"[9, 17]"
17,"[9, 17]"
0,"[0, 17]"
15,"[9, 15, 17]"
17,[17]
17,"[9, 17]"
17,"[9, 17]"
17,[17]
17,"[5, 9, 17]"
5,"[5, 17]"
0,"[0, 9, 17]"
17,"[9, 15, 17]"
0,"[0, 9, 17]"
17,"[4, 17]"
4,"[4, 5, 17]"
4,"[4, 17]"
17,"[2, 4]"
4,"[4, 17]"
17,"[2, 4, 17]"
17,"[4, 17]"
4,"[4, 17]"
8,"[8, 17]"
17,"[2, 17]"
4,"[4, 17]"
17,"[4, 17]"
4,"[4, 17]"
8,"[4, 8, 17]"
17,"[4, 17]"
17,"[4, 17]"
17,"[4, 17]"
17,"[4, 17]"
4,"[4, 17]"
17,"[4, 17]"
4,"[4, 17]"
17,"[4, 17]"
8,"[4, 8, 17]"
8,"[4, 8, 17]"
4,"[4, 17]"
17,"[4, 17]"
8,"[6, 8, 17]"
17,"[4, 5, 17]"
17,"[4, 17]"
4,"[2, 4]"
17,"[4, 17]"
17,"[4, 17]"
17,"[4, 17]"
8,"[4, 5, 6, 8, 17]"
17,"[4, 5, 6, 17]"
17,"[4, 5, 6, 17]"
8,"[4, 5, 6, 8, 17]"
17,"[4, 17]"
17,"[4, 17]"
4,"[4, 17]"
17,"[4, 17]"
8,"[8, 17]"
4,"[4, 17]"
4,"[2, 4, 17]"
17,[17]
17,"[10, 17]"
0,"[0, 10, 17]"
17,"[4, 17]"
17,"[4, 17]"
17,"[10, 17]"
17,"[2, 10, 17]"
2,"[2, 10, 17]"
4,"[0, 2, 4, 17]"
4,"[2, 4, 17]"
17,"[5, 17]"
17,"[4, 17]"
17,"[4, 17]"
2,"[2, 4, 17]"
0,"[0, 4, 17]"
2,"[2, 4]"
17,"[10, 17]"
17,"[4, 17]"
2,"[0, 2, 4, 17]"
0,"[0, 10, 17]"
17,[17]
6,"[5, 6, 17]"
17,"[3, 17]"
2,"[2, 17]"
17,"[0, 10, 17]"
2,"[2, 17]"
17,"[10, 17]"
17,"[5, 6, 17]"
4,"[0, 4, 6, 17]"
17,[17]
17,[17]
0,"[0, 4, 17]"
2,"[2, 4, 17]"
6,"[6, 17]"
17,"[2, 4, 17]"
0,"[10, 17]"
0,"[0, 4, 17]"
17,"[10, 17]"
4,"[4, 17]"
17,"[10, 17]"
17,"[10, 17]"
2,"[2, 4, 17]"
17,"[2, 17]"
17,"[2, 17]"
6,"[5, 6, 17]"
17,"[4, 17]"
2,"[2, 10, 17]"
17,[17]
2,"[2, 4, 17]"
2,"[2, 4, 17]"
0,"[0, 4, 17]"
2,"[2, 4, 17]"
6,"[6, 17]"
17,[17]
0,"[0, 2, 17]"
17,"[4, 17]"
0,"[0, 4, 17]"
6,"[5, 6, 17]"
2,"[2, 4]"
17,[17]
2,"[0, 2, 4, 17]"
17,[17]
4,"[4, 17]"
2,"[2, 17]"
2,"[2, 17]"
3,"[3, 17]"
2,"[2, 17]"
2,"[2, 17]"
17,"[3, 4, 17]"
17,"[3, 17]"
17,"[3, 17]"
17,[17]
17,"[3, 17]"
17,"[3, 17]"
17,"[2, 17]"
17,"[2, 17]"
17,"[3, 17]"
17,[17]
2,"[2, 4, 17]"
17,"[2, 17]"
17,"[3, 17]"
17,[17]
17,"[3, 17]"
17,"[3, 17]"
17,"[3, 17]"
17,"[3, 17]"
3,[3]
17,"[3, 17]"
17,"[3, 17]"
17,"[3, 17]"
17,"[3, 17]"
2,[2]
17,"[3, 17]"
2,[2]
3,"[3, 17]"
3,"[3, 17]"
17,[17]
17,"[4, 17]"
5,"[3, 5]"
3,[3]
17,[17]
15,"[15, 17]"
0,"[0, 17]"
17,"[4, 17]"
17,"[3, 9, 17]"
4,"[4, 17]"
0,"[0, 17]"
0,"[0, 17]"
17,[17]
0,"[0, 17]"
17,"[4, 17]"
4,"[4, 17]"
17,[17]
17,"[9, 15, 17]"
9,"[9, 15, 17]"
17,"[4, 17]"
0,"[0, 17]"
0,"[0, 17]"
0,"[0, 9, 17]"
0,"[0, 5, 17]"
0,"[0, 17]"
17,"[9, 15, 17]"
17,"[4, 17]"
17,[17]
0,"[0, 9, 17]"
17,"[4, 17]"
17,[17]
0,"[0, 17]"
4,"[4, 17]"
17,"[3, 15, 17]"
0,"[0, 5, 9, 17]"
17,"[5, 17]"
9,"[0, 9, 15, 17]"
17,"[4, 17]"
17,[4]
0,"[0, 17]"
17,"[4, 17]"
17,[17]
0,"[0, 15, 17]"
15,"[0, 15, 17]"
17,"[4, 17]"
5,"[3, 5, 17]"
0,"[0, 15, 17]"
0,"[0, 5, 17]"
17,"[4, 17]"
0,"[0, 5, 17]"
17,"[4, 17]"
0,"[0, 17]"
17,[17]
3,"[3, 5, 17]"
15,"[0, 15, 17]"
17,"[9, 15, 17]"
17,"[3, 17]"
0,"[0, 17]"
15,"[15, 17]"
0,"[0, 17]"
17,"[4, 17]"
17,"[4, 17]"
17,"[4, 17]"
5,"[3, 5, 17]"
0,"[0, 17]"
4,"[4, 17]"
17,"[4, 17]"
0,"[0, 17]"
3,"[3, 17]"
17,"[4, 17]"
5,"[3, 5, 17]"
0,"[0, 17]"
17,"[5, 15, 17]"
0,"[0, 17]"
17,"[4, 17]"
4,"[3, 4, 17]"
17,"[3, 17]"
17,"[3, 17]"
17,"[3, 17]"
4,[4]
17,[17]
3,"[3, 4, 17]"
17,"[3, 4, 10, 17]"
4,"[3, 4, 17]"
4,"[3, 4, 17]"
3,"[3, 17]"
2,"[2, 17]"
4,"[3, 4, 17]"
17,"[3, 17]"
3,"[3, 4]"
4,"[3, 4, 17]"
3,"[3, 4]"
17,"[4, 17]"
2,"[2, 4, 17]"
4,"[4, 17]"
2,"[2, 4, 17]"
17,"[3, 17]"
4,[4]
3,[3]
4,"[3, 4, 17]"
17,"[3, 17]"
4,"[3, 4, 17]"
2,"[2, 17]"
17,"[3, 17]"
4,"[3, 4, 17]"
4,"[4, 17]"
17,"[3, 17]"
17,"[3, 17]"
4,"[2, 4, 17]"
3,"[3, 4, 17]"
4,"[2, 4, 17]"
17,"[3, 17]"
3,"[3, 17]"
4,"[1, 4]"
4,[4]
17,"[4, 17]"
17,"[3, 17]"
4,"[2, 3, 4]"
17,"[1, 17]"
2,"[2, 17]"
3,"[3, 4]"
17,"[1, 17]"
4,"[1, 4]"
17,"[3, 17]"
17,"[3, 17]"
2,"[2, 3, 17]"
2,"[2, 17]"
3,"[3, 17]"
2,"[2, 4, 17]"
17,"[4, 17]"
17,"[3, 4, 17]"
3,"[3, 4]"
17,"[4, 17]"
17,"[4, 17]"
17,"[3, 17]"
17,"[4, 17]"
4,"[3, 4]"
17,"[10, 17]"
17,"[1, 17]"
17,[17]
7,"[7, 17]"
17,[17]
8,"[8, 17]"
1,[1]
1,"[1, 10, 17]"
17,"[1, 17]"
17,"[1, 10, 17]"
17,"[10, 17]"
10,"[10, 17]"
1,"[1, 17]"
5,"[5, 17]"
10,"[10, 17]"
7,"[1, 7, 17]"
7,"[1, 7, 17]"
17,[17]
8,"[8, 17]"
17,"[2, 10, 17]"
17,"[1, 17]"
17,"[10, 17]"
1,"[1, 8, 10, 17]"
7,"[7, 17]"
1,"[1, 10, 17]"
17,"[2, 17]"
10,"[10, 17]"
17,[17]
17,[17]
17,"[1, 10, 17]"
8,"[8, 17]"
17,[17]
17,[17]
1,"[1, 17]"
17,"[1, 17]"
17,"[1, 10, 17]"
8,"[8, 17]"
10,"[1, 10, 17]"
17,[17]
17,"[1, 10, 17]"
10,"[10, 17]"
2,"[2, 10, 17]"
17,[17]
17,"[1, 10, 17]"
2,"[2, 10]"
17,"[2, 10, 17]"
17,"[1, 17]"
1,"[1, 2, 10]"
17,"[2, 17]"
17,"[1, 7, 17]"
2,"[2, 10, 17]"
17,"[1, 2, 10, 17]"
17,"[1, 6, 17]"
17,"[1, 17]"
17,"[1, 10, 17]"
17,"[1, 17]"
17,[17]
17,"[1, 10, 17]"
17,[17]
17,"[1, 17]"
10,"[1, 10, 17]"
17,"[1, 17]"
8,[8]
17,"[6, 17]"
17,"[1, 17]"
17,[17]
17,"[1, 8, 17]"
17,"[0, 17]"
8,"[8, 17]"
17,"[1, 2, 10, 17]"
17,"[10, 17]"
17,[17]
17,"[1, 10, 17]"
17,[17]
17,[17]
17,"[1, 10, 17]"
17,"[1, 17]"
17,"[1, 17]"
17,"[1, 2, 17]"
17,"[1, 17]"
8,"[8, 17]"
2,"[2, 10, 17]"
8,[8]
10,"[1, 10, 17]"
8,[8]
17,"[1, 17]"
17,"[10, 17]"
17,"[1, 17]"
17,"[10, 17]"
10,"[1, 10, 17]"
7,"[1, 7, 17]"
17,"[1, 6, 10, 17]"
5,"[5, 17]"
8,"[8, 17]"
17,"[2, 17]"
17,[17]
17,"[10, 17]"
1,"[1, 17]"
17,[10]
8,[8]
17,"[1, 17]"
8,[8]
1,[17]
17,[17]
17,"[1, 17]"
8,"[8, 17]"
17,"[1, 10, 17]"
17,[17]
5,"[5, 17]"
17,"[1, 17]"
17,[17]
17,"[10, 17]"
17,"[0, 17]"
1,"[1, 2]"
5,"[5, 17]"
17,"[1, 17]"
17,"[6, 17]"
5,"[5, 17]"
2,"[2, 10]"
17,"[1, 17]"
1,"[0, 1, 6, 17]"
1,"[1, 17]"
5,"[5, 17]"
5,"[5, 17]"
17,"[2, 10, 17]"
7,"[7, 17]"
7,"[6, 17]"
17,"[1, 6, 10, 17]"
5,"[1, 5, 17]"
17,"[7, 17]"
5,"[5, 17]"
10,"[2, 10]"
17,"[10, 17]"
17,[17]
17,"[1, 17]"
17,"[6, 17]"
1,"[1, 6, 17]"
2,"[2, 10]"
7,"[7, 10, 17]"
17,[17]
17,"[10, 17]"
10,"[4, 17]"
5,"[0, 5, 17]"
17,[17]
17,[17]
1,"[1, 10, 17]"
7,"[7, 10, 17]"
10,"[1, 7, 10, 17]"
17,"[7, 10, 17]"
17,"[10, 17]"
17,"[2, 17]"
1,"[1, 17]"
10,"[2, 10, 17]"
5,"[5, 17]"
17,[17]
7,"[7, 17]"
17,"[10, 17]"
2,"[2, 10]"
5,"[5, 17]"
5,"[5, 17]"
2,"[2, 4, 17]"
2,"[2, 4, 17]"
10,"[10, 17]"
17,"[4, 17]"
5,"[5, 17]"
2,"[2, 10]"
5,[5]
17,"[4, 17]"
17,"[4, 17]"
17,[17]
17,"[10, 17]"
0,[10]
17,"[10, 17]"
17,"[6, 10, 17]"
17,"[10, 17]"
17,"[6, 10, 17]"
17,"[10, 17]"
17,"[10, 17]"
17,"[6, 10, 17]"
10,"[6, 10, 17]"
17,"[6, 10, 17]"
17,"[6, 8, 17]"
0,"[0, 6, 10, 17]"
0,"[10, 17]"
10,"[4, 17]"
10,"[4, 6, 17]"
2,"[2, 4]"
0,"[4, 17]"
17,"[10, 17]"
17,[17]
17,"[2, 4, 6, 17]"
10,"[2, 10]"
17,"[10, 17]"
17,"[2, 4, 17]"
10,"[10, 17]"
17,"[2, 10, 17]"
2,[2]
17,"[10, 17]"
0,"[0, 4, 6, 17]"
17,[17]
2,"[2, 10]"
10,[10]
17,"[10, 17]"
17,"[10, 17]"
17,"[10, 17]"
2,[2]
10,"[10, 17]"
17,"[10, 17]"
17,"[10, 17]"
17,"[10, 17]"
17,"[10, 17]"
17,"[10, 17]"
10,"[6, 10, 17]"
2,"[2, 10]"
10,"[6, 10, 17]"
17,"[10, 17]"
0,"[0, 6, 10, 17]"
17,"[10, 17]"
0,"[0, 17]"
17,"[6, 17]"
0,"[0, 17]"
0,"[0, 10, 17]"
0,"[0, 10, 17]"
2,"[2, 10]"
2,"[2, 10]"
2,"[2, 17]"
11,"[5, 17]"
17,[17]
4,"[2, 4]"
0,"[0, 17]"
0,"[0, 17]"
17,[17]
17,"[5, 17]"
0,"[0, 15, 17]"
2,"[2, 5, 17]"
17,"[0, 17]"
2,"[2, 17]"
0,"[0, 17]"
17,"[0, 17]"
17,[17]
17,[17]
17,[17]
2,"[2, 4]"
4,"[4, 17]"
17,[17]
2,"[2, 4]"
0,"[0, 17]"
17,[17]
0,"[0, 17]"
0,"[0, 17]"
2,"[2, 4, 17]"
17,[17]
0,"[0, 15, 17]"
0,"[0, 17]"
17,"[0, 17]"
0,"[0, 15, 17]"
17,[17]
5,"[5, 17]"
4,"[2, 4, 17]"
17,"[0, 17]"
5,"[5, 17]"
2,"[2, 4]"
2,[2]
0,"[0, 15, 17]"
5,"[0, 5, 17]"
4,"[2, 4]"
17,"[2, 17]"
17,"[0, 17]"
0,"[0, 5, 15, 17]"
17,"[0, 15, 17]"
17,"[2, 17]"
0,"[0, 15, 17]"
17,"[9, 17]"
0,[17]
17,[17]
17,"[0, 17]"
4,"[2, 4, 6]"
0,"[5, 17]"
17,"[0, 15, 17]"
0,[17]
11,"[4, 5, 11]"
17,"[9, 17]"
17,"[2, 4, 17]"
17,"[0, 17]"
0,"[0, 9, 17]"
17,"[0, 4, 17]"
17,[17]
0,"[0, 17]"
0,"[0, 5, 17]"
0,"[0, 17]"
11,"[5, 6, 11, 17]"
5,[5]
17,"[0, 9, 15, 17]"
17,"[4, 6, 17]"
17,"[2, 4, 6, 17]"
5,"[0, 5, 9, 17]"
17,"[2, 4, 6, 17]"
11,"[5, 11, 17]"
2,"[2, 4]"
0,"[0, 2, 4, 17]"
17,[17]
17,[17]
0,"[0, 17]"
2,"[2, 4, 6]"
17,"[6, 17]"
17,[17]
0,"[0, 17]"
0,"[0, 17]"
17,"[0, 15, 17]"
2,"[2, 4, 17]"
2,"[2, 4, 17]"
0,"[0, 9, 15, 17]"
2,"[2, 4, 17]"
17,"[6, 17]"
0,"[0, 5, 17]"
0,"[0, 17]"
0,"[0, 17]"
0,"[0, 17]"
2,"[2, 4, 6]"
0,[0]
2,"[2, 4]"
17,"[9, 15, 17]"
17,"[0, 9, 15, 17]"
17,"[9, 17]"
2,"[2, 4]"
2,"[2, 4]"
11,"[6, 11]"
17,"[0, 17]"
17,"[0, 9, 17]"
17,"[15, 17]"
17,"[6, 17]"
17,"[15, 17]"
17,"[0, 15, 17]"
17,"[0, 15, 17]"
2,"[2, 4, 6]"
17,[17]
0,"[0, 17]"
2,"[2, 17]"
10,"[4, 17]"
4,"[2, 4, 17]"
0,"[0, 6, 17]"
7,"[7, 17]"
4,[17]
8,"[5, 8]"
6,"[6, 7, 17]"
2,"[2, 4]"
8,"[5, 8, 17]"
0,"[7, 17]"
0,"[0, 6, 17]"
17,"[10, 17]"
7,"[7, 17]"
2,[2]
8,"[5, 8, 17]"
2,"[2, 4, 17]"
8,"[8, 17]"
2,"[2, 4]"
0,"[0, 17]"
17,[17]
17,"[2, 4, 17]"
8,"[6, 8, 17]"
10,"[2, 6, 10, 17]"
17,"[0, 17]"
2,"[2, 17]"
4,"[2, 4]"
17,"[0, 7, 10, 17]"
8,"[8, 17]"
0,"[0, 17]"
17,"[10, 17]"
8,"[5, 8, 17]"
17,"[4, 5, 17]"
4,"[2, 7, 17]"
17,"[10, 17]"
2,"[2, 10]"
8,"[8, 17]"
4,"[2, 7, 17]"
0,[17]
17,"[7, 17]"
7,"[7, 17]"
10,"[2, 10, 17]"
17,"[10, 17]"
4,"[4, 17]"
4,"[4, 10, 17]"
10,"[2, 10, 17]"
2,"[2, 5, 10]"
17,"[0, 7, 17]"
0,"[0, 7, 10, 17]"
8,"[5, 7, 8, 17]"
4,"[4, 17]"
0,"[0, 5, 7, 17]"
4,"[4, 10, 17]"
8,"[5, 8, 17]"
17,[17]
10,"[7, 10, 17]"
7,"[7, 17]"
8,"[5, 8, 17]"
4,"[2, 4]"
2,"[2, 10, 17]"
8,"[7, 8, 17]"
8,"[8, 17]"
10,"[2, 10, 17]"
10,"[2, 6, 10, 17]"
8,"[8, 17]"
7,"[8, 17]"
0,"[0, 5, 17]"
8,"[5, 7, 8, 17]"
17,"[2, 4, 17]"
10,"[2, 10, 17]"
6,"[6, 7, 17]"
8,[8]
8,[8]
2,"[2, 17]"
7,"[2, 7, 17]"
7,"[7, 8, 17]"
2,"[2, 17]"
17,[17]
2,"[2, 10]"
7,"[7, 17]"
17,[17]
2,"[2, 17]"
4,"[2, 17]"
4,"[2, 4, 17]"
4,"[4, 17]"
6,"[6, 7, 17]"
17,"[8, 10, 17]"
8,[8]
0,"[0, 7, 17]"
8,"[8, 17]"
7,"[7, 8, 17]"
4,"[2, 4, 17]"
6,"[0, 6, 17]"
17,"[6, 10, 17]"
6,"[6, 17]"
8,"[8, 17]"
0,"[0, 17]"
8,"[2, 8]"
2,"[2, 17]"
17,"[2, 6, 10, 17]"
0,"[0, 17]"
0,"[0, 17]"
17,"[0, 7, 10, 17]"
10,"[2, 10]"
8,"[5, 8, 17]"
2,"[2, 17]"
17,[17]
2,"[2, 17]"
2,"[2, 10, 17]"
2,"[2, 17]"
8,"[8, 17]"
17,[17]
7,"[8, 17]"
8,"[8, 17]"
2,"[2, 17]"
0,"[0, 5, 17]"
17,[17]
17,[17]
0,"[0, 17]"
17,"[0, 17]"
0,"[0, 5, 17]"
17,[17]
0,"[0, 17]"
17,"[9, 17]"
17,[17]
17,[17]
17,[17]
17,[17]
17,"[0, 17]"
0,"[0, 17]"
3,"[3, 8, 17]"
2,"[2, 3]"
2,"[2, 17]"
2,"[2, 17]"
2,"[2, 17]"
2,"[2, 3, 17]"
17,"[3, 17]"
17,"[3, 17]"
3,"[3, 17]"
2,"[2, 3, 17]"
3,"[3, 17]"
3,"[3, 17]"
2,"[2, 3]"
2,"[2, 3]"
3,"[3, 17]"
2,"[2, 3, 17]"
2,"[2, 3, 17]"
2,"[2, 17]"
2,"[2, 3, 17]"
17,"[3, 17]"
2,"[2, 3, 17]"
17,"[2, 3, 17]"
17,"[2, 3, 17]"
2,"[2, 3, 17]"
8,"[8, 17]"
1,"[1, 17]"
17,"[8, 10, 17]"
17,"[2, 10, 17]"
17,"[1, 17]"
17,"[1, 17]"
1,"[1, 6]"
17,"[6, 17]"
17,"[2, 17]"
17,"[1, 17]"
17,"[1, 17]"
17,"[1, 17]"
17,"[10, 17]"
0,"[0, 1, 8, 10, 17]"
17,"[8, 17]"
8,"[8, 17]"
1,"[1, 4, 17]"
17,"[2, 17]"
17,"[0, 1, 2, 4, 17]"
17,"[1, 17]"
17,"[1, 17]"
17,"[1, 17]"
17,"[1, 17]"
17,[17]
10,"[4, 8, 17]"
17,"[8, 17]"
0,[17]
17,[17]
17,"[1, 17]"
10,"[2, 10, 17]"
11,"[6, 11]"
17,"[1, 17]"
17,"[1, 17]"
17,"[1, 17]"
17,"[1, 4, 17]"
17,"[1, 4, 17]"
0,"[0, 1, 17]"
1,"[1, 6, 17]"
2,"[2, 4]"
17,"[1, 17]"
17,[17]
8,"[8, 17]"
17,"[1, 17]"
17,"[10, 17]"
8,"[8, 17]"
1,"[1, 17]"
17,[17]
17,"[1, 6, 17]"
2,"[2, 3, 17]"
17,"[2, 17]"
17,"[10, 17]"
0,"[0, 17]"
11,"[6, 11, 17]"
17,"[10, 17]"
10,"[8, 10, 17]"
17,"[1, 17]"
11,"[6, 11, 17]"
17,"[1, 17]"
17,"[8, 10, 17]"
2,"[1, 2, 10]"
17,"[1, 17]"
17,"[1, 17]"
17,[17]
17,"[1, 17]"
17,[17]
17,[17]
17,"[1, 17]"
17,[17]
17,"[1, 17]"
1,"[1, 17]"
1,"[1, 17]"
8,"[8, 10, 17]"
2,"[2, 17]"
17,[17]
17,"[1, 17]"
17,"[1, 17]"
17,"[1, 17]"
11,"[6, 11, 17]"
2,"[1, 2, 5, 6, 10, 11, 17]"
17,"[8, 10, 17]"
2,"[2, 10, 17]"
17,"[8, 10, 17]"
17,"[8, 17]"
17,"[2, 8, 10, 17]"
17,"[1, 17]"
2,"[1, 2, 17]"
17,"[1, 17]"
17,"[1, 17]"
17,"[1, 17]"
17,"[10, 17]"
17,"[1, 17]"
17,"[10, 17]"
2,"[1, 2, 10]"
17,"[1, 17]"
0,"[0, 17]"
17,"[1, 17]"
11,"[6, 11]"
17,"[1, 17]"
1,"[1, 17]"
17,"[4, 17]"
17,[17]
17,[17]
10,"[2, 10, 11]"
2,"[1, 2, 3]"
17,"[2, 10, 17]"
1,"[1, 17]"
17,"[1, 17]"
17,"[8, 10, 17]"
2,"[1, 2, 10]"
1,"[1, 17]"
17,"[10, 17]"
0,"[4, 17]"
10,"[4, 17]"
17,"[2, 4]"
17,"[10, 17]"
2,"[2, 10]"
10,[10]
7,[17]
17,[17]
17,"[3, 6, 10, 17]"
17,"[10, 17]"
17,"[10, 17]"
3,"[2, 3, 17]"
7,"[3, 7, 10, 17]"
17,"[2, 3, 10, 17]"
17,[17]
2,"[2, 4, 17]"
10,"[2, 10, 17]"
17,"[4, 17]"
17,"[4, 17]"
17,"[2, 4, 17]"
17,[17]
17,"[10, 17]"
10,"[2, 10, 17]"
17,"[2, 10, 17]"
0,"[0, 2, 10, 17]"
3,"[3, 10, 17]"
17,"[2, 10, 17]"
17,[17]
17,"[0, 2, 10, 17]"
7,"[7, 17]"
17,"[10, 17]"
0,"[0, 2, 10, 17]"
17,"[10, 17]"
10,"[10, 17]"
2,"[2, 10, 17]"
2,"[2, 10, 17]"
17,[17]
17,[17]
10,"[2, 10]"
5,"[5, 17]"
0,"[0, 10, 17]"
10,"[2, 10, 17]"
17,"[2, 10, 17]"
7,"[10, 17]"
17,"[10, 17]"
5,"[5, 17]"
5,"[5, 6, 10, 17]"
17,"[2, 10, 17]"
2,"[2, 10]"
17,"[2, 17]"
17,[]
2,"[2, 7, 10, 17]"
17,"[5, 17]"
17,"[10, 17]"
17,"[10, 17]"
0,"[0, 2, 10, 17]"
17,"[3, 7, 17]"
17,[17]
17,"[6, 10, 17]"
2,"[2, 3, 10, 17]"
17,"[10, 17]"
0,"[0, 2, 17]"
0,"[0, 17]"
17,"[10, 17]"
17,"[3, 4, 17]"
10,"[4, 5, 7, 10, 17]"
17,[17]
17,"[5, 17]"
17,"[2, 17]"
17,"[2, 17]"
0,"[0, 2, 17]"
2,"[2, 10]"
2,"[2, 10, 17]"
0,"[0, 2, 10, 17]"
7,"[3, 7, 17]"
0,"[0, 10, 17]"
17,[17]
10,"[10, 17]"
7,"[3, 7, 10, 17]"
10,"[5, 10, 17]"
17,"[6, 10, 17]"
10,"[2, 10]"
17,"[10, 17]"
17,"[4, 17]"
17,"[10, 17]"
10,"[2, 10]"
17,"[10, 17]"
0,"[0, 2, 4, 17]"
17,"[0, 2, 17]"
17,[17]
7,"[7, 17]"
17,"[10, 17]"
17,"[2, 10, 17]"
17,"[10, 17]"
2,"[2, 10]"
10,"[2, 10]"
0,"[0, 10, 17]"
2,"[2, 10]"
17,"[10, 17]"
2,"[2, 4]"
17,[17]
0,"[4, 17]"
10,"[10, 17]"
2,"[2, 10, 17]"
17,"[10, 17]"
17,"[10, 17]"
0,"[0, 10, 17]"
2,"[2, 10, 17]"
3,"[3, 10, 17]"
0,"[0, 2, 10, 17]"
17,[17]
10,"[2, 10]"
2,"[2, 3, 10, 17]"
5,"[5, 17]"
2,"[2, 3, 10]"
3,"[3, 6, 8, 17]"
0,"[0, 3, 10, 17]"
3,"[3, 17]"
2,"[2, 10]"
17,"[10, 17]"
10,"[2, 10, 17]"
7,"[2, 7, 17]"
17,"[2, 10, 17]"
2,"[2, 8, 10, 17]"
0,"[7, 10, 17]"
2,"[2, 10, 17]"
17,"[8, 17]"
17,"[8, 17]"
5,"[5, 10, 17]"
17,"[10, 17]"
7,"[7, 17]"
10,"[10, 17]"
0,"[0, 17]"
17,"[0, 17]"
2,"[0, 2, 17]"
10,"[10, 17]"
17,"[2, 10, 17]"
7,"[2, 7, 17]"
0,"[0, 3, 10, 17]"
17,"[10, 17]"
17,"[7, 17]"
4,[17]
4,"[2, 4, 17]"
17,"[0, 17]"
3,"[3, 4, 17]"
2,"[2, 4]"
2,[2]
4,"[2, 4, 17]"
2,[2]
2,"[2, 4]"
4,"[0, 2, 17]"
2,"[2, 4]"
17,"[0, 17]"
4,"[2, 3, 4, 17]"
3,"[4, 17]"
17,"[2, 4, 17]"
3,"[3, 17]"
17,"[4, 17]"
2,"[2, 4]"
4,"[3, 4, 17]"
2,"[2, 4]"
4,"[2, 4, 17]"
2,"[2, 4, 17]"
2,"[2, 4]"
2,"[2, 4]"
2,"[2, 4]"
4,"[3, 4, 17]"
2,"[2, 4]"
4,"[3, 4, 17]"
2,"[2, 4, 17]"
17,"[4, 17]"
4,"[2, 4, 17]"
4,"[2, 4]"
2,"[2, 17]"
4,"[4, 17]"
2,"[2, 4]"
2,[2]
4,[4]
3,"[3, 4]"
2,"[2, 4]"
4,"[2, 4]"
4,"[3, 4]"
4,[4]
17,"[10, 17]"
17,[17]
2,"[2, 4, 17]"
2,"[2, 4]"
0,"[0, 17]"
2,"[2, 4, 17]"
2,"[2, 10]"
2,"[2, 5, 10]"
2,"[2, 4]"
2,"[2, 4]"
2,"[2, 4]"
2,"[2, 4, 6]"
5,"[5, 8, 17]"
17,"[0, 17]"
2,[2]
5,"[5, 8, 17]"
2,"[2, 5]"
2,"[2, 5]"
2,"[2, 5]"
5,"[2, 5]"
2,"[2, 4, 8, 17]"
2,"[2, 4]"
4,[4]
5,"[2, 5, 17]"
17,[17]
2,"[2, 17]"
17,"[4, 17]"
4,[4]
2,"[2, 4]"
17,"[0, 17]"
17,[17]
2,"[2, 17]"
2,"[2, 4]"
2,"[2, 4, 17]"
2,"[2, 4]"
17,"[0, 17]"
17,"[0, 17]"
2,"[2, 4, 5, 17]"
2,"[2, 8, 17]"
5,"[4, 5, 17]"
2,"[2, 4]"
2,"[2, 8, 17]"
0,"[0, 17]"
2,"[2, 4]"
2,"[2, 4]"
2,"[2, 4, 5]"
2,"[2, 4, 5, 6]"
5,[17]
2,"[2, 10, 17]"
2,"[2, 4, 8, 17]"
0,"[0, 5, 17]"
2,"[2, 4]"
17,[17]
2,[2]
0,"[0, 6, 17]"
2,"[2, 4, 6]"
2,"[2, 17]"
0,"[0, 17]"
2,"[2, 4]"
2,"[0, 2, 4, 17]"
2,"[2, 4]"
2,"[2, 4]"
5,"[2, 5, 8, 17]"
0,"[0, 17]"
17,"[4, 17]"
2,"[2, 17]"
5,"[5, 8, 17]"
0,"[0, 5, 6, 17]"
17,"[0, 17]"
2,"[2, 4, 17]"
17,"[0, 17]"
2,"[2, 4]"
17,"[0, 17]"
4,"[2, 4]"
2,"[2, 4]"
0,"[0, 17]"
0,"[0, 5, 17]"
4,"[0, 4, 17]"
0,"[0, 17]"
2,"[2, 4]"
2,"[2, 4]"
2,"[0, 2, 17]"
17,[17]
2,"[2, 4, 17]"
17,"[0, 17]"
17,"[0, 17]"
17,"[0, 17]"
5,"[5, 17]"
17,[17]
5,"[5, 8]"
17,[17]
2,"[2, 4]"
2,[2]
2,"[2, 4]"
2,"[2, 4, 17]"
2,"[2, 5]"
2,"[2, 4]"
2,"[2, 4, 5]"
13,"[11, 13, 16, 17]"
14,"[14, 16, 17]"
5,"[5, 15]"
0,"[0, 9, 14, 15, 17]"
14,"[6, 14, 17]"
0,"[0, 14, 15, 17]"
17,"[0, 14, 17]"
17,"[0, 14, 15, 17]"
0,"[0, 14, 17]"
13,"[11, 13, 17]"
14,"[14, 16]"
13,"[11, 13, 16, 17]"
15,"[15, 17]"
5,"[5, 15]"
5,"[5, 17]"
14,"[6, 14, 17]"
17,"[0, 14, 17]"
16,"[11, 16, 17]"
14,"[14, 15, 17]"
16,"[11, 13, 16, 17]"
13,"[11, 13, 17]"
17,"[0, 14, 17]"
5,"[5, 17]"
15,"[0, 15, 17]"
15,"[14, 15]"
0,"[0, 14, 17]"
16,"[14, 16]"
15,"[14, 15, 17]"
13,"[11, 13, 16, 17]"
5,[5]
16,[16]
16,"[11, 13, 16, 17]"
15,"[14, 15]"
17,"[14, 17]"
9,"[0, 9, 17]"
17,[17]
17,"[9, 17]"
0,"[0, 17]"
0,"[0, 9, 17]"
17,"[5, 17]"
9,"[0, 9, 17]"
17,"[15, 17]"
17,"[15, 17]"
17,[17]
0,"[0, 15, 17]"
5,"[5, 17]"
17,"[0, 9, 17]"
15,"[15, 17]"
15,"[15, 17]"
17,[17]
5,"[5, 17]"
9,"[0, 9, 17]"
17,"[9, 17]"
0,"[0, 9, 17]"
17,"[5, 17]"
17,"[9, 17]"
17,"[5, 17]"
0,"[0, 9, 15, 17]"
17,"[9, 17]"
17,[17]
15,"[9, 15, 17]"
9,"[0, 9, 17]"
17,"[9, 17]"
0,"[0, 17]"
17,"[9, 17]"
5,"[5, 17]"
17,[5]
9,"[0, 9, 17]"
0,"[0, 5, 17]"
9,"[0, 9, 17]"
17,"[5, 17]"
17,"[9, 17]"
15,[15]
17,"[5, 17]"
17,"[5, 17]"
9,[9]
17,[17]
17,"[9, 17]"
17,"[9, 17]"
15,[15]
17,"[9, 17]"
17,"[15, 17]"
5,"[5, 17]"
0,"[0, 17]"
17,[17]
17,"[15, 17]"
17,"[15, 17]"
0,"[0, 15, 17]"
0,"[0, 17]"
5,[5]
17,[17]
17,[17]
9,"[9, 17]"
17,"[15, 17]"
15,"[15, 17]"
17,"[6, 17]"
0,"[0, 15, 17]"
9,"[0, 9, 17]"
0,"[0, 5, 9, 17]"
0,"[0, 5, 15, 17]"
17,"[6, 17]"
15,"[9, 15]"
9,"[9, 15]"
0,"[0, 9, 17]"
15,"[9, 15]"
0,"[0, 15, 17]"
17,"[15, 17]"
0,"[0, 17]"
0,"[5, 15]"
0,[]
9,"[15, 17]"
0,"[6, 9, 17]"
0,"[0, 9, 17]"
0,"[0, 17]"
17,"[0, 6, 17]"
0,"[0, 17]"
17,"[0, 17]"
17,"[9, 17]"
17,"[9, 17]"
9,"[0, 9, 17]"
0,"[0, 17]"
15,"[15, 17]"
0,"[0, 15, 17]"
17,"[0, 17]"
9,"[6, 9]"
17,"[15, 17]"
0,"[0, 15, 17]"
17,"[15, 17]"
17,"[15, 17]"
17,"[6, 9, 15, 17]"
17,"[0, 6, 17]"
17,"[15, 17]"
17,"[0, 17]"
17,"[0, 17]"
0,"[0, 17]"
0,"[0, 9, 17]"
0,[17]
9,"[0, 9, 17]"
0,[17]
9,"[0, 9, 17]"
0,"[0, 17]"
0,"[0, 15, 17]"
0,"[0, 9, 17]"
0,"[0, 17]"
15,"[0, 15, 17]"
9,"[9, 15]"
0,"[0, 17]"
17,"[0, 17]"
0,"[0, 17]"
15,"[15, 17]"
17,"[15, 17]"
17,[17]
17,[17]
15,"[15, 17]"
17,[17]
17,"[15, 17]"
17,[17]
17,"[15, 17]"
17,[17]
17,"[15, 17]"
15,"[15, 17]"
15,"[15, 17]"
17,[17]
17,[17]
17,[17]
17,"[15, 17]"
15,"[15, 17]"
17,"[15, 17]"
17,[17]
17,"[4, 17]"
17,[17]
17,"[15, 17]"
17,[17]
17,[17]
15,"[15, 17]"
17,"[14, 17]"
17,[17]
17,[17]
5,"[5, 17]"
17,"[5, 17]"
17,"[14, 17]"
17,[17]
17,"[15, 17]"
13,"[11, 13, 17]"
17,"[15, 17]"
17,"[5, 17]"
17,[17]
17,"[15, 17]"
0,"[0, 17]"
13,"[11, 13, 17]"
13,"[11, 13, 17]"
13,"[11, 17]"
17,[17]
17,"[15, 17]"
17,[17]
5,"[5, 17]"
13,"[11, 13, 16, 17]"
17,"[11, 13, 17]"
5,"[5, 17]"
17,"[6, 17]"
0,"[5, 17]"
17,[17]
5,[5]
17,[17]
17,"[6, 17]"
5,"[5, 17]"
13,"[5, 11, 13, 17]"
17,"[5, 17]"
15,"[5, 15, 17]"
17,[17]
15,"[15, 17]"
13,"[11, 13, 15, 17]"
13,"[11, 13, 17]"
5,[17]
13,"[11, 17]"
17,[17]
17,[17]
5,[5]
0,"[0, 17]"
15,"[15, 17]"
17,[17]
15,"[15, 17]"
5,"[5, 17]"
17,[17]
17,[17]
13,"[11, 13, 17]"
17,[17]
17,[17]
17,[17]
17,[17]
17,"[15, 17]"
13,"[11, 13, 17]"
5,"[5, 17]"
17,[17]
13,"[11, 13, 17]"
17,[17]
17,"[15, 17]"
0,"[0, 5, 17]"
17,[17]
17,"[15, 17]"
17,[17]
5,"[5, 17]"
0,"[0, 17]"
17,"[15, 17]"
17,[17]
13,"[11, 13, 17]"
17,[17]
13,"[11, 13, 17]"
5,"[3, 5, 17]"
17,"[3, 17]"
17,"[3, 17]"
17,"[3, 17]"
17,"[5, 17]"
4,"[2, 4]"
17,"[3, 17]"
2,"[2, 4]"
4,"[4, 17]"
4,"[4, 6]"
0,"[0, 4, 17]"
17,[17]
17,"[3, 17]"
17,"[3, 17]"
2,"[1, 2]"
17,[17]
4,[4]
2,"[1, 2]"
4,"[4, 6]"
4,"[4, 17]"
17,"[3, 17]"
2,"[2, 4]"
17,"[0, 17]"
5,"[5, 17]"
2,"[2, 4]"
0,"[0, 10, 17]"
17,"[3, 5, 17]"
17,"[3, 17]"
17,"[3, 17]"
8,"[6, 8, 10, 17]"
17,"[5, 17]"
17,"[5, 17]"
4,"[4, 10, 17]"
8,"[8, 17]"
2,"[2, 4]"
17,[17]
17,"[8, 17]"
3,"[3, 17]"
17,"[2, 6, 17]"
0,"[0, 10, 17]"
3,"[3, 17]"
17,"[3, 17]"
8,"[8, 17]"
17,"[6, 10, 17]"
2,"[2, 10, 17]"
3,"[3, 17]"
4,"[2, 10, 17]"
4,"[2, 4, 10, 17]"
5,[5]
17,"[5, 17]"
17,"[10, 17]"
17,[17]
8,"[8, 17]"
0,"[0, 10, 17]"
2,"[2, 4]"
5,"[5, 17]"
17,"[2, 3, 17]"
5,"[5, 17]"
8,"[6, 8, 17]"
17,"[10, 17]"
17,"[3, 17]"
17,"[5, 17]"
17,"[0, 10, 17]"
17,"[5, 17]"
17,"[10, 17]"
17,[17]
2,"[2, 4]"
17,"[3, 17]"
0,"[0, 17]"
17,"[3, 17]"
8,"[8, 17]"
3,"[3, 17]"
17,"[10, 17]"
8,"[8, 17]"
17,"[3, 17]"
17,"[3, 17]"
8,"[6, 8, 17]"
17,"[2, 17]"
4,[4]
3,"[3, 17]"
8,[8]
17,"[10, 17]"
17,"[0, 17]"
17,"[6, 17]"
17,"[3, 17]"
17,[17]
8,"[8, 17]"
17,"[3, 17]"
2,"[2, 4, 17]"
2,"[2, 4, 17]"
5,"[5, 6, 17]"
4,"[4, 17]"
17,"[4, 5, 17]"
2,"[2, 4]"
2,"[2, 4]"
2,"[2, 4]"
2,"[2, 4]"
2,"[2, 4]"
2,"[2, 4]"
17,[17]
17,[17]
5,[5]
4,"[2, 4]"
2,[2]
17,[17]
17,"[4, 17]"
2,"[2, 17]"
2,"[2, 17]"
5,"[5, 6, 17]"
2,"[2, 17]"
2,"[2, 17]"
2,"[2, 4]"
2,"[2, 4, 6]"
17,"[4, 17]"
2,"[2, 4]"
2,"[2, 4]"
17,"[4, 17]"
2,"[2, 4]"
2,"[2, 4]"
17,"[4, 6, 17]"
2,"[4, 17]"
2,"[2, 4, 17]"
17,"[4, 17]"
2,"[2, 6, 17]"
2,"[2, 4, 17]"
2,"[2, 4, 17]"
2,"[2, 10]"
2,"[2, 4]"
17,[17]
2,"[2, 4, 17]"
17,[17]
2,"[2, 4, 17]"
2,"[2, 17]"
2,"[2, 17]"
2,"[2, 4, 17]"
17,[17]
2,"[2, 4]"
5,"[5, 17]"
2,"[2, 4, 6]"
2,"[2, 4, 17]"
2,"[2, 4, 17]"
2,"[2, 17]"
17,"[4, 17]"
2,"[2, 4]"
2,"[2, 4]"
2,"[2, 4, 6]"
4,"[2, 4]"
2,"[2, 4]"
2,"[2, 4]"
17,[17]
17,"[4, 17]"
5,"[5, 17]"
4,"[2, 4]"
2,[2]
4,"[2, 4]"
2,"[0, 2, 17]"
10,"[0, 2, 17]"
17,"[4, 14, 17]"
5,"[1, 5]"
10,"[2, 10]"
1,"[1, 10]"
11,"[1, 11]"
5,"[5, 10]"
1,"[1, 17]"
10,"[2, 10]"
2,"[2, 10]"
17,"[10, 17]"
11,"[1, 11]"
17,"[10, 17]"
2,"[2, 17]"
10,"[2, 10]"
1,"[1, 10, 17]"
1,"[1, 6, 17]"
17,[17]
11,"[6, 11, 17]"
1,"[1, 17]"
17,[17]
17,[17]
17,"[2, 17]"
5,"[5, 10, 17]"
2,"[2, 17]"
11,"[1, 11]"
17,"[10, 17]"
17,"[10, 17]"
5,"[4, 5, 17]"
2,"[2, 10]"
17,"[1, 17]"
11,"[1, 11, 17]"
17,"[2, 17]"
10,"[10, 17]"
17,"[10, 17]"
17,"[10, 17]"
17,"[10, 17]"
5,"[5, 17]"
5,"[5, 17]"
17,"[5, 17]"
17,[17]
17,"[5, 17]"
17,[17]
17,[17]
5,"[5, 17]"
17,[17]
17,[17]
17,[17]
17,[17]
17,[17]
17,[17]
17,[17]
17,[17]
17,[17]
17,[17]
17,[17]
17,[17]
5,"[5, 17]"
17,[17]
17,[17]
17,"[5, 17]"
7,"[6, 17]"
2,"[2, 4, 17]"
7,[17]
2,"[2, 7, 17]"
2,"[2, 7, 17]"
2,"[2, 4, 17]"
2,"[2, 7, 17]"
7,"[7, 17]"
2,"[2, 4, 17]"
17,"[7, 17]"
2,"[2, 4]"
7,"[7, 17]"
2,"[2, 4, 7, 17]"
7,"[7, 17]"
17,"[7, 17]"
17,"[7, 17]"
7,"[7, 17]"
17,"[7, 17]"
17,"[7, 17]"
7,"[7, 17]"
17,"[7, 17]"
17,"[7, 17]"
2,"[2, 4, 17]"
17,[17]
7,"[6, 7, 17]"
17,"[7, 17]"
7,"[7, 17]"
7,"[4, 7, 17]"
17,"[7, 17]"
7,"[7, 17]"
7,"[7, 17]"
7,"[7, 17]"
2,"[2, 4, 17]"
7,"[7, 17]"
17,"[3, 17]"
8,"[3, 8, 17]"
4,"[3, 4]"
5,"[5, 11]"
17,"[2, 17]"
17,"[0, 17]"
17,"[3, 17]"
17,"[0, 2, 17]"
4,"[3, 4]"
17,"[2, 4, 17]"
17,"[2, 17]"
17,[17]
17,"[3, 17]"
4,"[3, 4]"
11,"[11, 17]"
17,"[10, 17]"
10,"[2, 10]"
17,"[2, 17]"
2,"[2, 10]"
2,"[2, 17]"
17,"[3, 17]"
17,[17]
8,[17]
17,"[3, 11, 17]"
17,"[11, 17]"
11,"[11, 17]"
8,"[8, 17]"
17,"[2, 17]"
2,"[2, 10, 17]"
3,"[3, 4, 17]"
17,"[3, 4, 17]"
4,"[3, 4, 6, 11]"
10,"[2, 10, 17]"
17,"[6, 11, 17]"
17,"[2, 17]"
17,"[4, 17]"
4,"[3, 4, 17]"
2,"[2, 5, 17]"
17,"[3, 6, 11, 17]"
5,"[2, 5, 10]"
17,"[2, 5, 10, 17]"
4,"[3, 4, 17]"
2,"[2, 10, 17]"
4,"[3, 4, 17]"
3,"[3, 4, 17]"
5,"[5, 6, 11, 17]"
5,"[5, 6, 11, 17]"
4,"[3, 4, 17]"
3,"[3, 4, 17]"
17,"[11, 17]"
17,"[10, 17]"
17,"[2, 4, 5, 17]"
11,"[11, 17]"
8,"[3, 8]"
3,"[3, 6, 17]"
5,"[2, 5, 10, 17]"
17,"[2, 17]"
17,"[3, 4, 17]"
5,"[2, 5, 10, 17]"
17,"[3, 8, 17]"
3,"[3, 4]"
11,"[11, 17]"
10,"[2, 10, 17]"
17,[17]
4,"[3, 4]"
5,"[5, 10]"
17,"[2, 10, 17]"
11,"[11, 17]"
17,[17]
17,"[0, 17]"
17,"[2, 17]"
17,[17]
4,"[3, 4]"
8,"[3, 8]"
10,"[2, 10, 17]"
5,"[5, 6, 11, 17]"
17,"[3, 6, 17]"
10,"[2, 10, 17]"
5,"[2, 5, 6, 10]"
5,"[5, 6, 11]"
3,"[3, 17]"
8,"[3, 8, 17]"
2,"[2, 17]"
2,"[2, 17]"
3,"[2, 4, 17]"
3,"[3, 8, 17]"
2,[2]
3,[3]
3,"[3, 4]"
4,"[3, 4]"
8,"[3, 8]"
3,"[3, 17]"
4,"[3, 4]"
4,"[3, 4, 17]"
8,"[3, 8]"
4,"[2, 3, 4]"
3,"[3, 17]"
3,"[3, 17]"
4,"[3, 4]"
8,"[8, 17]"
3,"[3, 4]"
8,"[3, 8]"
4,"[3, 4]"
8,"[8, 17]"
3,"[3, 4]"
2,[2]
8,"[8, 17]"
8,"[8, 17]"
8,"[3, 8, 17]"
3,"[2, 3, 17]"
2,"[2, 3]"
3,"[2, 3]"
3,"[2, 3, 17]"
4,"[2, 17]"
2,[2]
4,"[2, 4]"
3,"[3, 4]"
4,"[3, 4]"
3,"[3, 17]"
3,"[2, 3, 6, 17]"
4,"[3, 4, 17]"
17,"[10, 17]"
17,"[1, 17]"
17,"[6, 17]"
17,"[6, 17]"
10,"[2, 10, 17]"
1,"[1, 10, 17]"
0,"[0, 1, 17]"
5,[5]
17,"[1, 17]"
0,"[0, 5, 17]"
17,"[4, 17]"
1,"[1, 17]"
5,"[5, 17]"
17,"[6, 17]"
2,"[2, 10, 17]"
0,"[0, 1, 5, 17]"
17,"[2, 10, 17]"
17,"[1, 2, 10, 17]"
10,"[2, 10]"
10,"[1, 10]"
2,"[1, 2, 10]"
17,"[1, 2, 10, 17]"
1,"[1, 7, 17]"
5,"[1, 5, 17]"
17,"[6, 17]"
0,"[0, 1, 17]"
17,"[6, 17]"
17,"[1, 17]"
1,"[1, 10, 17]"
17,"[1, 4, 17]"
1,"[1, 17]"
17,"[1, 10, 17]"
10,"[1, 10]"
5,"[5, 17]"
10,"[1, 2, 10]"
2,"[1, 2, 4]"
2,"[1, 2, 4, 17]"
2,"[1, 2, 4, 17]"
5,"[1, 5]"
0,"[0, 1, 17]"
5,"[5, 14, 17]"
0,"[0, 17]"
5,"[5, 14]"
17,[17]
15,"[15, 17]"
17,"[5, 17]"
17,"[15, 17]"
0,[17]
13,"[11, 17]"
17,"[5, 17]"
5,"[5, 17]"
5,"[5, 17]"
14,"[14, 17]"
5,"[5, 14, 17]"
0,"[0, 17]"
5,"[5, 17]"
15,[15]
5,"[5, 17]"
17,[17]
0,"[0, 17]"
5,"[5, 17]"
17,[17]
5,"[5, 17]"
14,[14]
15,[15]
5,"[5, 17]"
5,"[5, 17]"
13,"[0, 11, 13, 17]"
17,"[5, 17]"
5,"[5, 17]"
13,"[11, 13, 17]"
15,"[15, 17]"
5,"[5, 17]"
14,"[14, 17]"
0,"[0, 17]"
13,"[11, 17]"
15,"[15, 17]"
5,[5]
17,[17]
17,[17]
13,"[11, 13, 17]"
17,"[5, 17]"
5,"[5, 17]"
14,"[14, 17]"
14,[14]
17,[17]
15,"[0, 15, 17]"
17,"[14, 17]"
17,"[14, 17]"
17,"[14, 17]"
0,"[0, 9, 15, 17]"
9,"[0, 9, 17]"
9,"[0, 9, 17]"
14,"[6, 14, 17]"
17,"[14, 17]"
15,"[9, 15]"
17,"[6, 17]"
0,"[0, 9, 17]"
17,[17]
14,"[14, 17]"
17,"[14, 17]"
17,[17]
14,"[14, 17]"
15,"[9, 15]"
17,"[14, 17]"
15,"[9, 15]"
14,"[14, 17]"
15,"[15, 17]"
15,"[15, 17]"
17,"[14, 17]"
9,"[9, 17]"
0,"[0, 17]"
14,"[6, 14]"
17,"[14, 17]"
9,"[9, 17]"
15,"[15, 17]"
0,"[0, 17]"
15,[15]
17,"[14, 17]"
0,"[0, 17]"
15,[15]
17,[17]
15,[15]
9,"[9, 15]"
17,"[14, 17]"
4,"[2, 4]"
3,"[3, 4, 6, 17]"
4,"[3, 4]"
4,"[3, 4]"
3,"[2, 3]"
2,"[2, 3]"
2,"[2, 4, 17]"
3,"[2, 3]"
3,"[2, 3, 4, 6]"
11,"[4, 11, 17]"
2,"[2, 4, 11, 17]"
2,"[2, 17]"
2,"[2, 4, 17]"
4,"[2, 3, 4]"
11,"[3, 6, 11, 17]"
2,"[2, 4, 17]"
2,"[2, 17]"
2,"[2, 4, 17]"
2,"[2, 4, 6, 17]"
2,"[2, 5]"
2,"[2, 4, 17]"
11,"[6, 11, 17]"
11,"[3, 11, 17]"
11,"[4, 11, 17]"
2,"[2, 4, 6]"
3,"[3, 4, 6]"
2,"[2, 3, 4]"
4,"[2, 4, 6]"
11,"[2, 4, 6, 17]"
2,"[2, 4, 17]"
11,"[6, 11, 17]"
2,"[2, 4]"
5,"[5, 17]"
2,[2]
3,"[3, 6]"
11,"[6, 11, 17]"
5,"[5, 17]"
4,"[2, 4, 17]"
4,"[2, 3, 4]"
2,"[2, 4, 6]"
2,"[2, 4, 6]"
3,"[2, 3, 4]"
4,"[3, 4]"
2,"[2, 4, 6]"
2,"[2, 4, 6]"
11,"[6, 11]"
5,"[2, 5]"
3,"[3, 6]"
4,"[3, 4]"
3,"[2, 3, 4]"
2,"[2, 4]"
5,"[2, 5]"
5,[5]
3,"[2, 6, 17]"
4,"[4, 17]"
2,"[2, 4, 17]"
2,"[2, 4, 17]"
2,"[2, 4, 17]"
2,"[2, 4, 17]"
2,"[2, 4, 17]"
2,"[2, 4, 17]"
2,"[2, 4]"
4,"[2, 4]"
2,"[2, 4]"
2,"[2, 3]"
2,"[2, 3, 17]"
2,"[2, 4, 6]"
17,"[2, 3, 17]"
2,"[2, 4]"
2,"[2, 5]"
4,[4]
2,"[2, 4]"
2,"[2, 4, 17]"
2,"[2, 4]"
2,"[2, 4, 17]"
2,"[2, 4, 17]"
2,"[2, 4]"
2,"[2, 6]"
2,"[2, 4]"
2,"[2, 6, 17]"
2,"[2, 4]"
4,"[4, 6]"
4,"[2, 4]"
3,"[3, 4]"
2,"[2, 3, 6]"
2,"[2, 4]"
2,"[2, 6]"
2,"[2, 6]"
2,"[2, 3, 6]"
4,"[2, 4]"
3,"[3, 4]"
4,"[3, 4]"
2,"[2, 4]"
2,[2]
2,"[2, 4]"
4,"[4, 6]"
2,"[2, 3, 4]"
3,"[2, 3, 4]"
17,"[4, 17]"
4,"[4, 6]"
2,"[2, 3]"
3,"[3, 4, 17]"
2,"[2, 3, 4]"
2,"[2, 3, 4]"
17,"[4, 17]"
4,"[2, 4]"
2,"[2, 3, 6]"
2,"[2, 10]"
2,"[2, 3]"
2,[2]
4,"[2, 4]"
2,"[2, 3, 4]"
4,"[2, 4]"
2,"[2, 6, 17]"
2,"[2, 3, 4, 6]"
2,"[2, 4, 17]"
2,"[2, 3, 4]"
4,"[2, 4, 6]"
2,"[2, 4]"
3,"[3, 4]"
2,"[2, 4]"
2,"[2, 4]"
2,"[2, 3, 4]"
2,"[2, 3]"
2,"[2, 3, 6]"
4,"[2, 4]"
4,"[4, 6]"
2,"[2, 3, 17]"
17,"[2, 17]"
2,"[2, 10]"
17,"[2, 17]"
4,"[4, 17]"
0,"[0, 5, 17]"
8,"[5, 8]"
10,"[6, 10]"
8,"[6, 8]"
2,"[2, 4]"
0,"[0, 17]"
17,"[6, 17]"
0,"[0, 17]"
2,"[2, 10]"
10,"[2, 10]"
2,[2]
2,"[2, 4]"
2,"[2, 10]"
17,"[6, 17]"
2,"[0, 2, 4, 17]"
8,"[6, 8, 17]"
2,"[2, 6, 17]"
0,"[0, 4, 17]"
5,"[0, 5, 17]"
17,"[4, 17]"
17,"[2, 4, 6, 17]"
17,"[0, 2, 17]"
0,"[0, 2, 17]"
2,"[0, 2, 10, 17]"
0,"[0, 5, 17]"
8,"[5, 6, 8, 17]"
0,"[0, 10, 17]"
17,"[0, 17]"
5,"[5, 17]"
10,"[6, 10]"
2,"[2, 6, 10]"
0,"[0, 10, 17]"
17,[17]
17,[17]
0,"[0, 8, 17]"
0,"[0, 10, 17]"
2,"[0, 2, 17]"
10,"[2, 10]"
2,"[2, 17]"
2,"[2, 17]"
0,[17]
17,[]
10,[17]
5,[5]
2,"[2, 4]"
8,"[5, 8, 17]"
5,"[5, 17]"
0,"[0, 2, 10, 17]"
0,"[0, 5, 17]"
2,"[2, 4, 17]"
5,"[5, 17]"
0,[17]
17,"[4, 17]"
0,"[4, 17]"
0,"[0, 2, 4, 17]"
2,"[2, 4]"
2,"[2, 4]"
17,"[0, 4, 17]"
2,"[2, 4, 17]"
2,"[2, 4]"
4,"[2, 4]"
2,"[2, 17]"
17,"[4, 17]"
2,[2]
17,"[10, 17]"
17,"[4, 17]"
4,"[2, 4, 17]"
0,"[0, 10, 17]"
2,"[2, 4]"
2,"[2, 4, 17]"
17,"[4, 17]"
0,"[4, 17]"
2,"[2, 4, 17]"
2,"[2, 4]"
5,"[2, 5, 17]"
4,"[2, 4]"
2,"[2, 4]"
2,"[2, 4, 17]"
2,"[2, 4, 6]"
2,"[2, 4]"
17,"[4, 17]"
2,"[2, 4]"
17,"[10, 17]"
4,"[4, 6]"
4,"[4, 6]"
17,"[4, 17]"
2,"[2, 17]"
2,"[2, 4]"
4,"[4, 17]"
2,"[2, 17]"
5,"[5, 17]"
17,"[4, 17]"
4,"[2, 4, 17]"
17,"[4, 17]"
2,"[2, 6, 17]"
5,"[2, 5]"
2,"[2, 4]"
2,"[2, 4, 17]"
4,"[2, 4]"
2,"[2, 4]"
2,"[2, 4]"
17,"[4, 17]"
4,"[4, 5]"
2,"[2, 4]"
17,[17]
17,"[10, 17]"
2,[2]
17,"[4, 17]"
17,"[4, 17]"
4,"[2, 4, 17]"
17,"[4, 17]"
2,"[2, 4]"
2,"[2, 4]"
2,"[2, 4, 17]"
4,"[2, 4]"
17,"[4, 17]"
17,"[4, 17]"
2,"[2, 4, 17]"
17,"[4, 17]"
17,[17]
2,"[2, 17]"
2,[2]
2,"[2, 4]"
17,"[10, 17]"
2,"[2, 17]"
2,"[2, 4]"
17,[17]
2,"[2, 4]"
5,"[5, 17]"
4,"[2, 4, 17]"
4,"[4, 17]"
0,"[4, 17]"
2,[2]
2,[2]
2,"[2, 4, 17]"
4,"[4, 17]"
2,"[2, 4]"
2,"[2, 4]"
2,"[2, 4]"
2,"[2, 4]"
5,"[5, 17]"
2,"[0, 2, 10, 17]"
4,"[2, 4, 17]"
2,"[2, 4, 17]"
17,[17]
2,"[2, 17]"
0,"[0, 4, 17]"
2,"[2, 17]"
17,[17]
4,"[2, 4, 6, 17]"
17,"[4, 17]"
4,"[2, 4, 17]"
4,"[2, 4, 17]"
2,"[2, 4, 17]"
2,"[2, 4]"
17,"[2, 4, 17]"
17,"[4, 5, 17]"
2,"[2, 4]"
5,"[5, 17]"
2,"[2, 4]"
4,"[2, 4]"
2,"[2, 4]"
2,"[2, 4]"
2,"[2, 4, 17]"
17,"[5, 17]"
5,"[5, 17]"
2,"[2, 17]"
2,"[2, 17]"
2,[2]
17,"[5, 17]"
2,"[2, 17]"
4,[4]
5,"[5, 17]"
2,[2]
17,[17]
17,[17]
17,"[2, 17]"
2,[2]
2,"[2, 17]"
2,[2]
2,[2]
2,"[2, 4]"
17,"[2, 4, 17]"
2,"[2, 17]"
17,"[4, 17]"
4,"[2, 4, 17]"
5,"[2, 5, 17]"
4,"[4, 17]"
17,[17]
4,"[4, 17]"
5,[17]
2,[2]
2,"[2, 4]"
2,"[2, 4]"
17,"[4, 17]"
2,[2]
2,"[2, 4]"
2,[2]
2,[2]
2,[2]
2,[2]
2,"[2, 4]"
2,[2]
2,"[2, 4]"
2,"[2, 4]"
2,[2]
2,[2]
2,"[2, 4]"
2,"[2, 17]"
2,"[2, 6]"
2,"[2, 4]"
2,"[2, 4]"
2,"[2, 4]"
2,"[2, 6]"
2,"[2, 4]"
2,"[2, 4, 17]"
4,"[4, 17]"
5,"[2, 5, 17]"
2,"[2, 17]"
2,"[2, 4]"
2,"[2, 4]"
2,"[2, 10]"
2,"[2, 4]"
17,"[2, 17]"
2,"[2, 4]"
2,"[2, 4]"
17,"[2, 4, 17]"
2,"[2, 4]"
2,"[2, 17]"
2,"[2, 17]"
17,"[2, 17]"
5,"[2, 5]"
17,"[4, 17]"
17,[17]
2,"[2, 4]"
2,"[2, 4]"
2,"[2, 4]"
2,"[2, 4, 17]"
2,"[2, 4, 17]"
17,"[4, 17]"
2,"[2, 17]"
2,"[2, 10, 17]"
4,"[4, 5, 17]"
2,"[2, 10, 17]"
4,"[10, 17]"
2,"[2, 5]"
2,"[2, 4, 17]"
2,"[2, 17]"
2,"[2, 17]"
2,"[2, 4, 17]"
2,"[2, 6, 17]"
4,"[2, 4, 17]"
2,"[2, 4]"
2,"[2, 4]"
2,"[2, 4, 17]"
2,"[2, 4]"
2,"[2, 4]"
2,"[2, 4]"
2,"[2, 4]"
2,"[2, 4, 17]"
2,"[2, 4]"
2,[2]
17,[17]
2,[2]
2,"[2, 4]"
5,"[2, 5, 17]"
2,"[2, 6, 17]"
17,"[2, 4, 17]"
5,"[2, 5, 17]"
2,[2]
4,[4]
2,[2]
2,"[2, 4, 17]"
2,"[2, 4, 17]"
2,"[2, 4, 17]"
2,"[2, 4, 17]"
2,"[2, 4, 17]"
2,"[2, 4]"
5,"[2, 17]"
17,"[2, 4, 17]"
2,"[2, 4]"
2,"[2, 17]"
4,"[2, 4]"
17,"[2, 4, 17]"
2,"[2, 17]"
2,"[2, 4]"
17,[17]
2,[2]
2,"[2, 17]"
17,"[2, 17]"
17,[17]
17,[17]
17,"[2, 17]"
2,"[2, 17]"
4,[4]
2,[2]
4,[4]
2,"[2, 4]"
17,"[4, 17]"
17,[17]
17,[17]
2,"[2, 6, 17]"
17,"[4, 17]"
2,"[2, 6, 17]"
2,"[2, 17]"
4,"[2, 4]"
4,"[2, 4]"
2,"[2, 17]"
2,"[2, 4]"
2,"[2, 4, 17]"
4,[4]
2,"[2, 4]"
4,"[3, 4]"
3,"[2, 3, 17]"
17,"[3, 17]"
4,"[2, 3, 4, 17]"
2,"[2, 4]"
17,"[2, 3, 17]"
2,"[2, 4]"
2,[2]
17,"[3, 17]"
4,"[2, 4, 17]"
17,"[3, 17]"
2,"[2, 17]"
2,"[2, 4, 17]"
17,"[3, 17]"
17,"[3, 17]"
17,"[3, 17]"
17,"[3, 17]"
2,"[2, 4, 17]"
3,"[3, 4, 17]"
17,"[3, 17]"
3,"[2, 3, 4, 10, 17]"
3,"[2, 3, 4, 10, 17]"
17,"[3, 17]"
3,"[3, 17]"
17,"[3, 17]"
3,"[3, 17]"
2,"[2, 4]"
2,[2]
2,"[2, 4]"
3,[3]
3,"[3, 4]"
2,"[2, 4]"
4,"[2, 4]"
17,"[3, 17]"
2,"[2, 4, 17]"
3,"[3, 17]"
17,"[3, 17]"
4,"[3, 4, 17]"
2,"[2, 4]"
4,"[2, 4, 8, 17]"
4,"[2, 4]"
2,"[2, 4]"
2,"[2, 4]"
2,"[2, 4]"
2,"[2, 4]"
4,"[3, 4]"
4,"[2, 4]"
3,"[3, 4]"
2,"[2, 4]"
2,"[2, 4]"
2,"[2, 4]"
4,"[2, 4]"
2,"[2, 4]"
2,"[2, 4]"
3,"[3, 17]"
3,"[3, 17]"
4,"[2, 4, 17]"
2,"[2, 4, 6, 17]"
3,"[3, 17]"
17,"[3, 17]"
2,"[2, 4]"
2,[2]
2,"[2, 4, 17]"
4,"[2, 4, 17]"
4,"[2, 4, 17]"
2,"[2, 4, 17]"
3,"[3, 17]"
2,"[2, 4]"
2,"[2, 4, 17]"
3,"[3, 17]"
3,"[3, 17]"
2,[2]
2,"[2, 4]"
2,"[2, 17]"
4,"[3, 17]"
2,[2]
3,"[3, 17]"
3,[17]
17,"[3, 17]"
2,[2]
17,"[15, 17]"
17,"[15, 17]"
0,"[0, 15, 17]"
15,"[15, 17]"
17,"[5, 17]"
17,[17]
14,[14]
8,"[8, 17]"
5,"[5, 17]"
5,"[5, 17]"
17,[17]
5,"[5, 15, 17]"
8,"[8, 14, 17]"
5,"[5, 17]"
17,[17]
17,[]
17,[17]
17,[17]
5,"[5, 17]"
17,"[15, 17]"
17,"[14, 15, 17]"
8,"[8, 14, 17]"
15,"[9, 15]"
17,"[9, 14, 17]"
15,"[9, 15, 17]"
17,"[5, 9, 17]"
14,"[9, 14, 17]"
17,"[9, 15, 17]"
17,[17]
0,"[0, 17]"
17,[17]
17,[17]
17,[17]
17,"[5, 17]"
17,"[14, 17]"
17,"[14, 17]"
0,"[0, 15, 17]"
17,"[14, 17]"
17,"[15, 17]"
17,[17]
15,"[15, 17]"
15,"[0, 15]"
14,"[0, 8, 14, 15, 17]"
17,"[9, 15, 17]"
17,"[15, 17]"
8,"[8, 14, 17]"
0,"[0, 15, 17]"
17,"[15, 17]"
17,"[14, 17]"
17,[17]
14,"[0, 14]"
17,"[9, 17]"
17,"[9, 14, 17]"
0,"[0, 17]"
17,[17]
8,"[8, 14, 17]"
14,"[14, 17]"
1,"[1, 17]"
17,"[1, 17]"
10,"[6, 10, 17]"
5,"[1, 5, 17]"
17,"[1, 17]"
17,"[6, 17]"
1,[1]
5,"[1, 5]"
5,"[1, 5]"
17,"[6, 17]"
5,"[1, 5, 17]"
1,"[1, 10, 17]"
17,"[4, 6, 17]"
17,"[1, 10, 17]"
17,"[1, 17]"
17,"[1, 17]"
10,"[6, 10]"
17,"[1, 17]"
17,"[1, 17]"
17,"[10, 17]"
10,"[6, 10, 17]"
17,"[10, 17]"
17,"[1, 17]"
1,"[1, 17]"
1,"[1, 17]"
17,"[4, 6, 17]"
10,"[6, 10]"
17,"[0, 1, 17]"
10,"[6, 10]"
5,"[1, 5, 17]"
17,"[5, 17]"
17,"[10, 17]"
17,"[10, 17]"
2,"[2, 17]"
2,"[2, 17]"
17,"[4, 17]"
0,"[0, 2, 4, 17]"
0,"[0, 4, 17]"
17,[17]
17,"[4, 5, 17]"
17,"[2, 10, 17]"
17,"[6, 17]"
2,"[2, 4]"
2,"[2, 4, 17]"
2,"[2, 10, 17]"
2,"[2, 17]"
17,[17]
17,[17]
4,[4]
17,[17]
17,[17]
17,"[5, 17]"
4,"[2, 4]"
17,[17]
17,[17]
2,"[2, 4, 10, 17]"
17,"[4, 17]"
17,"[4, 6, 17]"
17,"[4, 6, 17]"
17,"[4, 17]"
2,"[2, 10]"
17,"[5, 17]"
4,"[4, 17]"
17,"[4, 17]"
2,"[2, 4]"
17,[17]
17,[17]
17,[17]
0,"[0, 17]"
2,"[2, 17]"
17,[17]
0,"[0, 4, 17]"
17,"[6, 17]"
17,"[6, 17]"
2,[2]
17,[17]
17,"[4, 17]"
17,"[4, 17]"
2,"[2, 4]"
2,"[2, 17]"
17,"[4, 17]"
0,"[0, 4, 17]"
0,"[0, 4, 17]"
17,"[4, 17]"
17,"[4, 17]"
17,"[4, 6, 17]"
17,[17]
0,"[0, 17]"
2,"[2, 17]"
17,"[10, 17]"
17,"[10, 17]"
17,[17]
0,"[0, 17]"
17,"[10, 17]"
17,[17]
4,[4]
0,"[0, 4, 17]"
2,"[2, 4, 17]"
2,"[2, 4, 17]"
17,"[4, 17]"
0,"[0, 5, 17]"
0,"[4, 17]"
2,"[0, 2, 17]"
17,"[4, 17]"
17,[17]
17,[9]
17,"[4, 17]"
0,"[0, 5, 17]"
17,"[2, 4, 17]"
2,"[2, 4, 17]"
2,"[0, 2, 4, 17]"
17,"[0, 2, 17]"
17,"[4, 17]"
17,"[4, 17]"
17,[17]
17,"[10, 17]"
17,"[4, 17]"
2,"[2, 10, 17]"
17,[17]
17,"[4, 5, 17]"
17,[17]
4,"[2, 4, 17]"
2,"[2, 4, 17]"
2,"[2, 4, 17]"
17,"[4, 6, 17]"
0,"[2, 17]"
0,[17]
17,[17]
17,[17]
17,"[4, 17]"
2,"[2, 4, 17]"
17,"[4, 6, 17]"
2,"[2, 17]"
2,"[0, 2, 4, 17]"
0,"[0, 10, 17]"
17,"[0, 17]"
17,"[2, 10, 17]"
17,"[4, 17]"
17,[17]
17,"[6, 10, 17]"
17,"[4, 17]"
2,"[2, 10, 17]"
17,"[4, 17]"
17,"[6, 17]"
17,"[2, 4, 17]"
2,"[2, 17]"
10,"[2, 10, 17]"
2,"[2, 8, 17]"
2,"[2, 5, 8, 17]"
10,[10]
17,"[6, 17]"
0,"[0, 2, 17]"
17,"[4, 6, 17]"
17,"[4, 17]"
17,"[10, 17]"
17,"[10, 17]"
17,[17]
0,"[0, 2, 17]"
17,[17]
17,"[6, 17]"
17,[17]
17,"[6, 17]"
17,[17]
0,"[0, 2, 17]"
17,"[10, 17]"
0,"[0, 17]"
17,"[10, 17]"
17,[17]
2,"[2, 10]"
17,"[6, 10, 17]"
17,"[2, 6, 17]"
17,[17]
0,"[0, 2, 17]"
17,"[5, 17]"
17,"[10, 17]"
2,"[2, 10]"
2,"[2, 6, 17]"
17,"[2, 10, 17]"
10,"[2, 10, 17]"
10,"[6, 10]"
2,"[2, 10]"
17,"[10, 17]"
17,[17]
17,[17]
17,"[6, 17]"
2,"[2, 17]"
17,"[4, 17]"
2,[2]
2,[2]
17,"[4, 17]"
17,[17]
17,"[10, 17]"
17,"[4, 17]"
17,"[2, 17]"
2,"[2, 10, 17]"
2,"[2, 4]"
2,"[2, 10, 17]"
17,"[10, 17]"
17,"[2, 6, 10, 17]"
17,"[6, 17]"
10,"[6, 10, 17]"
17,"[10, 17]"
2,"[2, 10, 17]"
17,"[2, 4, 17]"
2,"[2, 4]"
3,"[3, 4, 17]"
17,[17]
17,"[4, 17]"
17,"[2, 4, 17]"
2,"[2, 3, 4]"
2,"[2, 17]"
4,"[2, 3, 4, 17]"
2,"[2, 17]"
4,"[4, 17]"
2,"[2, 3, 4]"
2,"[2, 3, 4]"
2,"[2, 17]"
2,"[2, 4]"
17,"[2, 17]"
17,"[4, 17]"
4,"[2, 4]"
4,"[4, 17]"
3,"[2, 3, 4, 17]"
3,"[2, 3, 4]"
4,"[4, 17]"
17,"[2, 4, 17]"
6,"[3, 6, 17]"
17,"[3, 17]"
17,"[4, 17]"
3,"[3, 4, 6]"
6,"[2, 6]"
17,"[4, 17]"
2,"[2, 4]"
2,"[2, 4]"
17,"[2, 17]"
6,"[3, 6]"
17,[17]
17,[17]
17,"[2, 17]"
17,[17]
6,"[3, 6]"
3,"[3, 4, 6]"
17,"[0, 17]"
17,"[2, 17]"
5,"[0, 5, 17]"
17,"[2, 17]"
2,"[2, 10, 17]"
0,"[0, 5, 17]"
17,"[2, 17]"
10,"[2, 10]"
17,"[0, 4, 17]"
0,"[0, 2, 10, 17]"
17,[17]
10,"[4, 17]"
10,"[10, 17]"
17,[17]
17,"[4, 17]"
2,"[2, 10, 17]"
17,[17]
17,[17]
5,"[5, 17]"
4,"[4, 17]"
0,"[0, 2, 10, 17]"
5,"[5, 17]"
4,"[4, 17]"
17,"[5, 17]"
4,"[4, 17]"
0,[17]
17,"[0, 17]"
17,[17]
2,"[2, 17]"
5,"[5, 17]"
0,[5]
17,[17]
5,"[5, 17]"
0,"[0, 10, 17]"
17,"[4, 17]"
0,"[0, 5, 17]"
4,"[10, 17]"
17,[17]
0,"[0, 2, 17]"
17,"[5, 6, 17]"
17,[17]
17,"[7, 10, 17]"
17,"[6, 7, 10, 17]"
0,"[0, 10, 17]"
2,"[2, 7, 10, 17]"
17,"[2, 17]"
17,[17]
17,"[5, 17]"
17,"[2, 6, 17]"
17,[17]
4,"[4, 17]"
17,"[5, 17]"
17,"[2, 17]"
17,[17]
17,[17]
17,[17]
2,[2]
0,"[0, 17]"
17,[17]
17,"[6, 17]"
10,"[10, 17]"
17,[17]
17,[17]
17,"[4, 17]"
17,"[4, 5, 17]"
17,"[5, 17]"
10,"[2, 10]"
17,"[0, 4, 17]"
17,"[4, 5, 17]"
17,[17]
17,[17]
17,[5]
17,[17]
17,"[15, 17]"
2,"[2, 17]"
15,"[15, 17]"
17,"[15, 17]"
17,"[15, 17]"
17,"[15, 17]"
17,"[5, 17]"
0,"[0, 17]"
15,"[15, 17]"
2,[2]
17,[17]
17,"[15, 17]"
17,"[5, 17]"
17,[17]
5,"[5, 17]"
0,"[5, 17]"
5,"[5, 17]"
17,[17]
0,"[5, 17]"
17,[17]
17,[17]
0,"[0, 17]"
5,"[5, 17]"
5,"[5, 17]"
17,[17]
17,"[15, 17]"
17,[17]
17,"[15, 17]"
15,"[15, 17]"
17,[17]
2,"[2, 17]"
2,"[2, 17]"
17,"[15, 17]"
17,[17]
17,[17]
5,[5]
15,"[15, 17]"
15,"[15, 17]"
0,"[0, 17]"
17,"[15, 17]"
17,"[5, 17]"
2,"[2, 17]"
17,[17]
17,"[15, 17]"
17,[17]
3,"[3, 17]"
0,"[0, 17]"
17,"[3, 4, 17]"
17,"[2, 6, 17]"
4,"[0, 2, 4, 17]"
0,[17]
4,[4]
3,"[3, 17]"
17,[17]
17,"[3, 17]"
2,"[2, 6]"
5,"[5, 17]"
2,"[2, 4]"
3,"[3, 6]"
17,"[3, 6, 17]"
2,"[2, 3, 10]"
17,"[5, 17]"
3,"[3, 6, 17]"
17,"[2, 17]"
2,"[2, 17]"
2,"[3, 17]"
17,[17]
17,"[3, 17]"
17,"[3, 17]"
17,"[10, 17]"
17,"[3, 17]"
17,"[5, 17]"
2,"[2, 17]"
17,"[3, 17]"
0,"[0, 17]"
17,"[0, 17]"
17,"[0, 2, 17]"
17,"[3, 17]"
17,"[3, 4, 17]"
2,"[2, 17]"
2,"[2, 17]"
17,"[3, 17]"
17,"[3, 17]"
17,[17]
17,"[7, 17]"
17,"[3, 17]"
17,[17]
4,"[2, 17]"
17,"[2, 3, 17]"
17,"[3, 6, 17]"
17,"[0, 17]"
3,"[3, 6, 17]"
2,"[2, 17]"
17,"[6, 17]"
17,"[3, 6, 17]"
17,"[2, 3, 17]"
5,"[5, 17]"
17,[17]
5,"[0, 5, 17]"
17,[17]
17,[17]
4,[10]
17,"[3, 17]"
17,[17]
17,"[2, 3, 17]"
2,"[2, 3, 17]"
4,"[2, 17]"
5,"[5, 17]"
0,"[0, 17]"
5,"[3, 5, 6, 17]"
17,"[6, 11, 17]"
17,"[3, 6, 11, 17]"
0,"[0, 4, 6, 11, 17]"
17,"[3, 6, 11, 17]"
17,[17]
17,[17]
2,"[2, 4, 17]"
17,"[9, 17]"
2,"[2, 4]"
3,"[3, 4, 17]"
0,"[0, 17]"
2,"[2, 17]"
4,"[2, 4]"
3,"[2, 3, 4, 17]"
10,"[2, 4, 10, 17]"
2,"[2, 3, 4, 17]"
17,"[2, 17]"
3,"[2, 3, 4]"
17,[17]
2,"[2, 4]"
3,"[2, 3]"
2,"[2, 4]"
17,[17]
4,"[2, 4]"
2,"[2, 4]"
2,"[2, 4, 17]"
4,"[2, 4]"
10,"[4, 10, 17]"
2,"[2, 4, 17]"
2,"[2, 4, 17]"
2,"[2, 4]"
2,"[2, 4, 17]"
2,"[2, 4, 17]"
2,"[2, 4]"
2,[2]
2,"[2, 3]"
10,"[4, 10]"
4,"[2, 4]"
10,"[4, 10, 17]"
3,"[3, 4, 17]"
3,"[3, 10, 17]"
17,"[0, 17]"
4,"[4, 17]"
2,"[2, 4, 17]"
2,"[2, 4, 17]"
2,"[2, 4, 17]"
0,"[0, 4, 17]"
2,"[2, 3, 4, 17]"
2,"[2, 4]"
10,"[2, 4, 10, 17]"
17,[17]
10,"[4, 10, 17]"
0,"[0, 17]"
10,"[4, 10, 17]"
0,"[0, 17]"
2,"[2, 4, 17]"
2,"[2, 3, 4]"
0,"[0, 2, 4, 17]"
17,"[0, 17]"
17,[17]
4,"[2, 4]"
2,"[2, 4, 17]"
2,"[2, 17]"
10,"[3, 10, 17]"
3,"[3, 4, 17]"
4,"[2, 4]"
4,"[2, 4]"
10,"[10, 17]"
2,"[2, 4]"
2,"[2, 4]"
2,"[2, 4]"
3,"[3, 17]"
10,"[3, 10, 17]"
17,"[2, 4, 17]"
17,[17]
2,"[0, 2, 4, 17]"
2,"[2, 4]"
17,[17]
4,"[4, 17]"
2,"[2, 4, 17]"
4,"[4, 17]"
17,"[4, 17]"
2,"[2, 17]"
2,"[2, 4, 17]"
2,"[2, 4, 17]"
2,"[0, 2, 4, 17]"
3,"[0, 3, 17]"
3,"[3, 17]"
2,"[2, 4]"
4,"[2, 4]"
4,"[2, 4]"
4,"[2, 4]"
2,"[2, 4]"
4,"[2, 4]"
4,"[2, 4, 6, 17]"
2,"[2, 4, 6, 17]"
2,"[2, 4, 17]"
4,"[4, 17]"
2,[2]
2,"[2, 6]"
2,"[2, 4, 17]"
2,"[2, 4]"
2,"[2, 4]"
2,"[2, 4]"
4,"[2, 4, 17]"
2,"[2, 4, 17]"
2,"[2, 4]"
2,"[2, 4]"
2,"[2, 4, 17]"
2,"[2, 4]"
2,"[2, 4, 6, 17]"
4,"[2, 4]"
4,"[2, 4, 6]"
4,"[2, 4]"
2,"[2, 4, 6, 17]"
4,"[2, 4, 17]"
2,"[2, 4]"
4,"[2, 4, 17]"
2,"[2, 4]"
2,"[2, 4]"
2,"[2, 17]"
4,"[2, 4]"
4,"[2, 4]"
2,"[2, 4]"
4,"[4, 17]"
2,"[2, 17]"
4,"[2, 4, 17]"
2,"[2, 17]"
2,"[2, 6, 17]"
4,"[2, 4, 6, 17]"
4,"[4, 17]"
2,"[2, 4, 17]"
4,"[2, 4]"
2,"[2, 4]"
4,"[2, 4]"
2,"[2, 4]"
2,"[2, 4, 17]"
2,"[2, 4]"
2,"[2, 4, 17]"
2,"[2, 4, 17]"
2,"[2, 4, 17]"
2,"[2, 4]"
2,"[2, 4]"
2,"[2, 4]"
2,"[2, 4]"
4,"[2, 4]"
4,"[2, 4]"
2,[2]
4,"[2, 4]"
2,"[2, 4]"
2,"[2, 4]"
2,"[2, 4]"
2,"[2, 4, 17]"
2,"[2, 4, 17]"
2,"[2, 6]"
2,"[2, 4, 17]"
4,"[2, 4]"
2,"[2, 17]"
2,"[2, 4]"
2,"[2, 4, 5]"
2,"[2, 4, 17]"
2,"[2, 4, 5, 17]"
2,"[2, 4]"
2,"[2, 4]"
2,"[2, 4]"
2,"[2, 4]"
17,"[4, 17]"
2,"[2, 4, 17]"
2,"[2, 4]"
17,"[2, 17]"
2,"[2, 4, 5]"
4,"[2, 4]"
2,"[2, 4]"
2,"[2, 4]"
2,"[2, 4]"
2,"[2, 4]"
17,"[5, 17]"
2,"[2, 4, 5, 6, 17]"
4,"[4, 17]"
2,"[2, 4, 5, 6, 17]"
2,"[2, 4, 5, 6, 17]"
4,[]
2,[2]
2,[2]
17,[17]
2,"[2, 4]"
2,"[2, 4, 17]"
2,"[2, 17]"
2,"[2, 17]"
2,"[2, 17]"
2,"[2, 4]"
2,"[2, 4]"
2,"[2, 4, 17]"
2,"[2, 4, 17]"
4,"[2, 4]"
0,"[0, 17]"
4,"[4, 17]"
17,"[15, 17]"
17,"[6, 17]"
17,"[6, 9, 11, 17]"
0,"[0, 17]"
2,"[2, 4]"
15,"[0, 15, 17]"
0,"[0, 17]"
2,[2]
17,"[6, 17]"
0,"[0, 6, 17]"
9,"[4, 6, 9, 15, 17]"
17,"[0, 6, 15, 17]"
0,"[0, 6, 9, 15, 17]"
15,"[4, 6, 9, 15]"
9,[9]
11,"[11, 15]"
15,"[11, 15]"
17,[17]
17,[17]
0,"[0, 9, 17]"
0,"[0, 9, 17]"
0,"[0, 6, 17]"
17,[17]
2,"[2, 4]"
0,"[0, 15, 17]"
2,"[2, 4, 17]"
11,"[11, 17]"
17,"[0, 17]"
0,"[15, 17]"
17,"[5, 17]"
17,"[5, 17]"
9,"[9, 17]"
9,"[0, 9, 17]"
2,"[2, 4, 17]"
9,"[0, 9, 17]"
17,"[15, 17]"
0,"[0, 5, 6, 17]"
0,"[0, 17]"
6,"[6, 15]"
0,"[0, 17]"
17,[17]
0,"[0, 17]"
17,"[0, 17]"
15,"[11, 15]"
6,"[6, 11]"
0,"[0, 11, 17]"
17,[17]
11,"[6, 11]"
2,"[2, 4]"
0,"[0, 17]"
2,"[2, 4]"
17,[17]
11,"[11, 15, 17]"
15,"[9, 11, 15]"
17,"[15, 17]"
4,"[4, 15]"
2,"[2, 4]"
0,"[0, 15, 17]"
11,"[6, 11, 15, 17]"
17,[17]
0,"[0, 17]"
6,"[0, 6, 15, 17]"
17,[17]
0,"[0, 5, 9, 15, 17]"
17,"[5, 17]"
4,"[4, 17]"
0,"[0, 9, 17]"
17,[17]
2,"[2, 4, 17]"
6,"[0, 6, 9, 15, 17]"
17,"[5, 17]"
4,"[4, 17]"
6,"[6, 11, 15, 17]"
17,[17]
17,"[4, 17]"
4,"[4, 17]"
6,"[4, 6, 17]"
2,"[2, 4]"
2,"[2, 6, 10, 17]"
10,"[10, 17]"
4,"[2, 4, 17]"
2,[2]
2,"[2, 17]"
10,"[10, 17]"
10,"[6, 10, 17]"
2,"[2, 6, 10, 17]"
2,"[2, 4]"
2,"[2, 4]"
10,"[2, 6, 10]"
10,"[2, 10, 17]"
4,"[2, 4]"
2,"[2, 10]"
2,"[2, 17]"
2,"[2, 4]"
2,"[2, 10, 17]"
10,[10]
10,[10]
2,"[2, 10]"
10,"[6, 10]"
10,[10]
2,"[2, 4, 17]"
10,[10]
10,"[10, 17]"
2,"[2, 4, 17]"
10,"[6, 10, 17]"
10,"[2, 10, 17]"
2,"[2, 4, 17]"
2,"[2, 4, 17]"
2,"[2, 4, 17]"
2,"[6, 10, 17]"
10,"[10, 17]"
2,"[2, 6, 10, 17]"
2,"[2, 4, 17]"
2,"[2, 10, 17]"
2,"[2, 4, 17]"
10,"[2, 10, 17]"
2,"[2, 4]"
2,"[2, 4, 17]"
2,"[2, 4]"
6,"[4, 17]"
2,"[2, 5, 17]"
2,"[2, 17]"
10,"[4, 5, 17]"
2,"[2, 6, 10, 17]"
10,"[6, 10, 17]"
2,"[2, 4, 17]"
4,"[2, 4, 17]"
2,"[2, 4, 5, 17]"
10,"[5, 6, 10, 17]"
2,"[2, 4, 5, 17]"
6,"[6, 10, 17]"
2,"[2, 4, 17]"
2,"[2, 4, 17]"
2,"[2, 10, 17]"
4,"[2, 4, 17]"
2,"[2, 10, 17]"
2,"[2, 4]"
2,"[2, 10, 17]"
2,[2]
6,"[6, 10, 17]"
2,"[2, 10]"
10,"[10, 17]"
2,"[2, 10, 17]"
4,[4]
2,[2]
2,[2]
2,[2]
10,[10]
2,"[2, 10]"
2,[2]
2,[2]
6,"[6, 10, 17]"
10,"[2, 10]"
2,"[2, 4]"
5,[5]
17,[17]
0,"[0, 14, 17]"
3,[3]
0,[14]
10,"[4, 17]"
0,[]
16,[14]
9,"[0, 9, 17]"
17,"[4, 17]"
10,[17]
0,"[15, 17]"
17,"[4, 17]"
4,"[4, 5]"
0,"[0, 17]"
0,"[0, 15, 17]"
17,[17]
17,[17]
0,"[0, 17]"
0,"[0, 17]"
17,[17]
0,"[0, 15, 17]"
0,"[0, 15, 17]"
9,"[9, 15, 17]"
17,"[0, 5, 17]"
4,"[4, 5, 17]"
4,"[4, 5, 17]"
17,[17]
9,[15]
15,"[9, 15, 17]"
15,"[0, 9, 15, 17]"
17,"[6, 17]"
2,"[2, 4, 17]"
1,"[1, 6, 17]"
0,"[0, 14, 17]"
4,"[4, 5, 17]"
4,"[4, 17]"
0,"[0, 5, 15, 17]"
15,"[0, 15, 17]"
9,"[3, 9, 15, 17]"
5,"[4, 5, 17]"
17,[17]
0,"[14, 17]"
0,"[0, 17]"
0,"[0, 14, 17]"
17,"[1, 17]"
3,"[1, 3, 4, 17]"
3,"[1, 3, 6, 17]"
14,"[0, 14, 17]"
17,"[9, 17]"
16,"[5, 16]"
16,"[5, 14, 16]"
17,"[5, 17]"
17,"[9, 17]"
14,"[0, 14, 17]"
17,"[1, 17]"
2,"[2, 3, 10]"
5,"[5, 17]"
17,[17]
14,"[14, 17]"
15,"[0, 15, 17]"
17,"[0, 17]"
17,"[6, 17]"
16,"[14, 16]"
0,"[0, 14, 17]"
17,"[6, 17]"
1,"[0, 1, 17]"
1,"[0, 1, 17]"
14,"[14, 16]"
10,"[1, 10, 17]"
17,"[0, 17]"
2,"[2, 3, 10, 17]"
17,"[6, 17]"
17,"[9, 17]"
2,"[2, 3, 4, 17]"
15,"[0, 15, 17]"
1,"[1, 10]"
0,"[0, 9, 17]"
0,"[0, 14]"
2,"[2, 10]"
0,"[0, 14, 17]"
14,"[4, 5, 14, 17]"
9,"[9, 17]"
17,"[1, 4, 17]"
5,"[1, 5, 17]"
17,"[1, 4, 17]"
3,"[1, 3, 17]"
17,"[6, 17]"
17,[17]
10,"[1, 2, 4]"
1,"[1, 4, 17]"
10,"[1, 2, 4]"
17,[17]
3,[3]
16,"[14, 17]"
17,[17]
17,"[5, 17]"
17,"[3, 6, 10, 17]"
17,"[2, 6, 10, 17]"
17,"[3, 6, 17]"
17,"[9, 17]"
5,"[5, 17]"
2,"[2, 4, 6]"
2,"[2, 4]"
4,"[2, 4]"
2,"[2, 4]"
2,"[2, 4]"
2,"[2, 4]"
2,"[2, 4]"
4,"[2, 4]"
5,[5]
2,"[2, 4]"
17,"[5, 17]"
2,"[2, 4, 6]"
2,"[2, 6, 17]"
2,"[2, 4, 6]"
2,"[2, 4]"
5,"[5, 17]"
7,"[6, 7, 17]"
5,"[5, 17]"
2,"[2, 4, 17]"
17,"[5, 17]"
4,"[2, 4, 17]"
17,"[5, 17]"
2,"[2, 4, 17]"
17,[17]
2,"[2, 4]"
7,[17]
7,[17]
17,[17]
2,"[2, 4, 17]"
2,"[2, 4, 17]"
2,"[2, 4, 17]"
2,"[2, 4, 17]"
2,"[2, 4, 17]"
2,"[2, 4, 17]"
5,"[5, 7, 17]"
2,"[2, 4, 17]"
5,"[5, 7, 17]"
7,"[4, 7, 17]"
5,"[2, 5]"
2,"[2, 5]"
2,"[2, 5]"
5,"[2, 4, 5]"
2,[2]
5,"[2, 5]"
2,"[2, 4, 6, 17]"
2,"[2, 4, 17]"
2,"[2, 4, 17]"
7,"[6, 7, 17]"
5,"[2, 5, 17]"
2,"[2, 4, 17]"
2,"[2, 4, 6, 17]"
4,"[2, 4]"
2,"[2, 4]"
2,"[2, 4, 6, 17]"
2,"[2, 4, 6, 17]"
4,"[4, 7, 17]"
2,"[2, 4, 6, 17]"
2,"[2, 4, 6, 7, 17]"
4,"[2, 4]"
11,"[11, 17]"
1,"[1, 17]"
17,"[1, 17]"
17,"[1, 17]"
17,"[1, 17]"
17,"[1, 17]"
11,"[1, 6, 11, 17]"
17,"[1, 17]"
15,"[15, 17]"
17,[17]
17,[17]
17,"[2, 17]"
15,[15]
17,[17]
17,"[8, 17]"
17,"[1, 17]"
17,[17]
8,"[8, 17]"
4,"[4, 17]"
15,"[15, 17]"
0,"[0, 8, 15, 17]"
2,"[2, 3, 17]"
8,"[8, 17]"
11,"[1, 5, 11, 15, 17]"
17,"[1, 2, 17]"
15,[15]
11,"[6, 11, 17]"
17,"[4, 17]"
17,[17]
17,"[1, 17]"
0,[17]
17,"[2, 17]"
0,"[0, 17]"
17,"[1, 17]"
4,"[4, 17]"
17,"[1, 17]"
17,"[2, 5, 17]"
17,"[1, 17]"
17,"[1, 17]"
17,"[1, 17]"
8,[8]
8,"[8, 17]"
17,"[1, 17]"
17,"[1, 17]"
17,"[1, 17]"
0,"[0, 15, 17]"
17,"[1, 17]"
2,"[2, 3, 17]"
17,"[3, 17]"
0,"[0, 3, 5, 17]"
17,[17]
0,"[0, 8, 15, 17]"
17,[17]
0,"[0, 5, 8, 15, 17]"
17,"[1, 17]"
17,"[1, 17]"
0,"[5, 15]"
17,"[1, 17]"
17,[17]
15,[15]
4,"[4, 17]"
0,"[0, 15, 17]"
17,"[4, 17]"
0,"[0, 5]"
17,"[4, 17]"
17,"[1, 17]"
17,"[1, 17]"
17,"[4, 17]"
17,"[2, 17]"
8,[8]
0,[17]
17,"[1, 17]"
17,"[1, 17]"
8,"[8, 17]"
17,"[1, 17]"
0,"[0, 17]"
8,[8]
0,"[0, 15, 17]"
0,[]
17,"[2, 17]"
0,"[0, 6, 17]"
11,"[6, 11]"
17,[17]
0,"[0, 15, 17]"
17,"[1, 17]"
0,[0]
1,[1]
17,"[1, 17]"
8,"[8, 17]"
17,"[1, 17]"
17,"[1, 17]"
17,"[1, 17]"
17,"[2, 4, 17]"
15,"[15, 17]"
15,"[0, 15, 17]"
0,"[0, 17]"
0,"[0, 17]"
4,"[4, 17]"
0,"[0, 17]"
0,"[0, 4, 17]"
17,"[4, 17]"
11,"[1, 11]"
17,"[1, 17]"
17,"[1, 17]"
1,"[1, 17]"
17,"[1, 2, 17]"
4,"[2, 4, 17]"
8,[17]
17,"[1, 17]"
0,[17]
17,"[4, 17]"
8,"[8, 17]"
17,"[1, 17]"
15,"[15, 17]"
17,"[4, 17]"
17,"[1, 3, 17]"
2,"[2, 3, 17]"
4,"[2, 3, 4]"
4,"[4, 17]"
11,"[11, 17]"
1,"[1, 17]"
11,"[1, 11, 17]"
11,"[11, 17]"
2,"[2, 3]"
17,"[5, 17]"
17,"[1, 17]"
15,[15]
0,"[0, 3, 17]"
1,[1]
17,"[1, 17]"
17,"[1, 17]"
8,"[8, 17]"
17,"[1, 17]"
17,"[1, 17]"
8,"[6, 8, 17]"
17,[17]
17,"[1, 17]"
17,"[1, 17]"
2,"[2, 3, 4]"
8,"[8, 17]"
17,"[1, 17]"
17,"[1, 17]"
17,[17]
0,"[0, 2, 3, 17]"
17,"[15, 17]"
4,"[2, 3, 4]"
17,"[1, 17]"
8,"[8, 17]"
17,"[15, 17]"
4,"[2, 3, 17]"
17,[17]
11,[17]
17,[2]
2,"[2, 3]"
17,"[10, 17]"
17,"[10, 17]"
0,"[2, 17]"
0,"[0, 17]"
17,[17]
2,"[2, 10]"
17,"[10, 17]"
7,"[5, 7, 17]"
17,"[5, 17]"
17,[17]
17,"[6, 17]"
10,"[2, 10]"
7,"[5, 7, 17]"
17,"[5, 17]"
17,"[5, 17]"
5,"[5, 17]"
17,"[10, 17]"
2,"[2, 10]"
17,"[5, 6, 17]"
17,"[3, 17]"
17,"[10, 17]"
17,"[2, 17]"
17,"[5, 17]"
17,[17]
5,"[5, 17]"
0,"[0, 10, 17]"
17,"[3, 17]"
17,[17]
10,"[3, 10]"
17,[17]
10,"[2, 10]"
3,"[3, 17]"
7,"[5, 7, 17]"
5,"[5, 7, 17]"
17,"[10, 17]"
0,"[0, 17]"
17,"[10, 17]"
17,[17]
0,"[0, 6, 10, 17]"
17,[17]
2,"[2, 10, 17]"
17,[17]
17,[17]
17,[17]
0,"[0, 17]"
10,"[0, 10, 17]"
17,"[3, 17]"
10,"[10, 17]"
17,"[4, 17]"
3,"[3, 17]"
3,"[3, 17]"
5,"[5, 17]"
17,"[2, 10, 17]"
17,"[4, 6, 17]"
17,[17]
0,"[0, 2, 17]"
17,[3]
17,[17]
17,[17]
17,[17]
0,"[3, 17]"
0,"[1, 17]"
7,[17]
17,[17]
0,"[0, 17]"
0,"[0, 10, 17]"
3,"[3, 17]"
17,"[6, 17]"
10,"[2, 10]"
2,"[2, 10]"
0,"[0, 10, 17]"
0,"[0, 2, 17]"
17,"[5, 17]"
0,[17]
17,"[5, 17]"
2,"[2, 17]"
2,"[2, 10, 17]"
17,"[10, 17]"
2,"[2, 4]"
17,"[10, 17]"
0,"[6, 17]"
17,[17]
7,"[5, 17]"
17,"[10, 17]"
17,"[10, 17]"
10,"[2, 10, 17]"
0,"[0, 3, 4, 17]"
0,"[0, 2, 10, 17]"
17,"[10, 17]"
3,"[3, 17]"
17,"[10, 17]"
17,[17]
17,"[10, 17]"
2,"[2, 4]"
10,[10]
17,[17]
0,[17]
0,[17]
0,"[0, 3, 17]"
17,"[6, 10, 17]"
17,"[10, 17]"
17,"[4, 17]"
17,[17]
0,"[0, 17]"
2,"[2, 4, 17]"
17,"[4, 6, 17]"
5,"[5, 17]"
10,[10]
13,"[11, 13, 17]"
13,"[11, 13, 17]"
0,"[0, 6, 14, 17]"
13,"[11, 13, 17]"
5,"[5, 17]"
15,"[15, 17]"
15,[15]
5,[5]
16,"[16, 17]"
14,[14]
15,"[15, 17]"
14,"[14, 16]"
0,"[0, 14]"
14,"[0, 14]"
13,"[11, 13, 16, 17]"
5,"[0, 5]"
14,"[14, 17]"
16,"[11, 13, 14, 16, 17]"
14,"[14, 16, 17]"
0,"[0, 14, 15]"
5,"[5, 16]"
5,[5]
16,[16]
15,[15]
0,[0]
16,[16]
0,[0]
16,[16]
13,"[11, 13, 17]"
17,"[2, 17]"
2,"[2, 17]"
8,"[5, 8]"
8,"[6, 8, 11, 17]"
8,"[1, 8, 17]"
8,"[1, 8]"
17,"[1, 17]"
17,"[6, 17]"
17,"[1, 17]"
17,"[1, 6, 17]"
17,"[2, 17]"
17,"[1, 17]"
8,"[1, 8]"
17,[17]
17,"[1, 17]"
8,"[8, 17]"
17,"[1, 17]"
17,"[1, 17]"
17,"[1, 17]"
2,"[2, 6, 17]"
17,"[1, 17]"
17,"[1, 17]"
1,"[1, 17]"
8,"[5, 8, 17]"
1,[1]
17,"[1, 17]"
17,"[1, 17]"
17,"[6, 17]"
2,[2]
17,"[1, 17]"
17,"[2, 17]"
17,"[2, 17]"
17,"[1, 6, 17]"
17,"[1, 17]"
1,"[1, 17]"
17,"[1, 17]"
17,"[1, 6, 17]"
8,"[5, 8, 17]"
17,"[1, 17]"
17,"[1, 17]"
17,"[1, 17]"
2,"[2, 17]"
1,"[1, 17]"
17,"[2, 17]"
2,"[2, 17]"
17,"[1, 17]"
17,[17]
8,[17]
8,[17]
1,"[1, 17]"
17,"[1, 5, 17]"
17,"[1, 10, 17]"
2,"[1, 2, 10]"
2,"[2, 6, 10]"
17,[17]
2,"[2, 6, 10, 17]"
2,"[2, 10, 17]"
17,[17]
17,"[2, 10, 17]"
17,"[2, 17]"
17,"[1, 17]"
17,[17]
17,"[6, 17]"
1,"[1, 17]"
1,"[1, 17]"
17,[17]
17,"[6, 17]"
17,"[6, 17]"
17,"[1, 17]"
17,"[6, 17]"
17,[17]
5,"[5, 17]"
17,"[1, 5, 17]"
17,"[1, 5, 17]"
17,"[1, 17]"
1,"[1, 17]"
17,[17]
10,"[2, 6, 10]"
17,"[2, 10, 17]"
17,"[1, 10, 17]"
17,"[6, 10, 17]"
17,[17]
17,"[2, 10, 17]"
1,"[1, 17]"
17,"[6, 17]"
17,[17]
2,"[2, 4, 17]"
1,"[1, 6, 17]"
5,"[1, 5]"
17,"[10, 17]"
10,"[10, 17]"
2,"[2, 10, 17]"
1,"[1, 17]"
17,"[2, 6, 10]"
10,"[2, 6, 10]"
17,[17]
17,[17]
17,"[10, 17]"
2,"[2, 10]"
10,"[2, 10]"
10,"[2, 10, 17]"
17,[17]
17,"[1, 5, 17]"
17,"[1, 17]"
17,[17]
1,"[1, 17]"
17,"[0, 1, 17]"
10,"[2, 10]"
2,"[2, 10, 17]"
17,"[1, 17]"
1,"[1, 17]"
17,"[1, 5, 17]"
17,"[1, 5, 17]"
17,"[1, 6, 17]"
17,"[5, 6, 8, 17]"
17,"[6, 8, 17]"
17,"[5, 17]"
17,"[6, 10, 17]"
2,"[2, 6, 10]"
10,"[2, 6, 10]"
5,"[5, 17]"
2,"[2, 10, 17]"
17,"[1, 17]"
1,"[1, 17]"
17,[17]
1,"[1, 17]"
5,"[1, 5, 17]"
10,"[1, 10, 17]"
10,"[1, 6, 10, 17]"
17,"[6, 17]"
5,"[5, 17]"
17,"[5, 6, 17]"
17,"[6, 17]"
17,[17]
17,[17]
17,"[4, 17]"
17,"[2, 17]"
15,"[15, 17]"
5,"[5, 17]"
17,[17]
5,"[5, 17]"
0,"[0, 15, 17]"
15,"[0, 15, 17]"
5,"[5, 17]"
15,"[9, 15, 17]"
0,"[0, 15, 17]"
0,"[0, 15, 17]"
15,"[15, 17]"
15,"[15, 17]"
17,"[15, 17]"
5,"[5, 17]"
5,"[15, 17]"
17,[17]
15,"[15, 17]"
17,[17]
14,"[14, 17]"
5,"[5, 14, 17]"
15,"[15, 17]"
14,"[14, 15, 17]"
0,"[0, 15, 17]"
17,"[15, 17]"
5,"[5, 17]"
0,"[15, 17]"
17,[17]
5,[17]
5,[17]
5,"[5, 17]"
15,[15]
14,[14]
15,[15]
14,[14]
17,"[15, 17]"
15,[15]
17,[17]
14,[14]
17,"[15, 17]"
17,[17]
17,[17]
17,[17]
10,"[10, 17]"
17,[17]
10,"[6, 10, 17]"
17,"[7, 10, 17]"
17,[17]
17,"[1, 17]"
17,[17]
17,[17]
17,"[10, 17]"
10,"[10, 17]"
17,[17]
17,[17]
17,[17]
17,"[6, 17]"
2,"[2, 4, 17]"
17,[17]
17,[17]
17,[17]
17,[17]
1,"[1, 17]"
1,"[1, 17]"
1,"[1, 5, 17]"
17,"[5, 10, 17]"
17,"[6, 10, 17]"
17,[17]
1,"[1, 17]"
17,[6]
17,"[0, 1, 17]"
17,[17]
2,"[2, 10, 17]"
17,"[6, 17]"
2,"[2, 6, 10, 17]"
17,"[6, 10, 17]"
17,[17]
17,[17]
17,"[0, 1, 17]"
17,"[0, 1, 17]"
17,[17]
17,[17]
10,"[6, 10]"
17,"[1, 17]"
17,[17]
2,"[2, 10]"
17,[17]
2,"[2, 10]"
17,[17]
1,"[1, 17]"
17,"[1, 17]"
17,"[6, 17]"
17,"[6, 17]"
17,"[2, 17]"
17,"[1, 17]"
17,"[0, 1, 17]"
17,[17]
17,"[1, 2, 10, 17]"
2,"[2, 5]"
2,"[2, 4, 17]"
2,"[2, 4, 17]"
2,"[2, 4]"
2,"[2, 17]"
4,"[2, 4]"
2,"[2, 4, 17]"
2,"[2, 17]"
2,"[2, 4]"
2,"[2, 4]"
2,"[2, 4, 10, 17]"
2,[2]
2,[2]
2,"[2, 4, 17]"
2,"[0, 2, 17]"
2,"[2, 4, 17]"
2,"[2, 4, 17]"
4,[4]
17,"[2, 4, 17]"
2,"[2, 17]"
2,"[2, 10, 17]"
17,"[2, 17]"
2,"[2, 17]"
2,"[2, 10, 17]"
2,"[2, 17]"
2,"[2, 4, 17]"
2,"[2, 17]"
2,[2]
2,"[2, 4, 17]"
2,[2]
2,"[2, 4]"
2,[2]
2,"[2, 17]"
2,"[2, 4, 17]"
17,"[2, 17]"
2,"[2, 4, 17]"
2,"[2, 4]"
2,"[2, 4]"
2,"[2, 17]"
2,"[2, 4, 17]"
2,"[2, 4, 17]"
2,"[2, 17]"
2,"[2, 4, 17]"
2,"[2, 4, 17]"
2,"[2, 4]"
2,"[2, 17]"
2,"[2, 4]"
2,[2]
2,"[2, 17]"
2,[2]
2,[2]
2,"[2, 17]"
2,"[2, 4]"
2,"[2, 4]"
2,"[2, 4, 17]"
2,"[2, 4]"
2,"[2, 4]"
17,"[2, 4, 17]"
4,"[4, 17]"
2,"[2, 4]"
17,"[4, 17]"
2,"[2, 4, 17]"
2,"[2, 4]"
2,"[2, 4]"
2,[2]
2,"[2, 4]"
2,"[2, 4]"
4,[4]
2,[2]
2,[2]
4,[4]
2,"[2, 4]"
2,"[2, 4]"
2,"[2, 4]"
2,"[2, 4]"
2,"[2, 4]"
2,"[2, 17]"
2,"[2, 4]"
2,"[2, 4, 17]"
2,"[2, 17]"
2,"[2, 4]"
2,[2]
2,[2]
2,[2]
2,[2]
2,"[2, 4]"
2,"[2, 4]"
2,"[2, 4]"
2,"[2, 17]"
2,"[2, 17]"
2,"[2, 17]"
2,"[2, 17]"
2,"[2, 4, 17]"
2,"[2, 17]"
2,"[2, 4]"
2,"[2, 17]"
2,[2]
2,"[2, 17]"
2,"[2, 17]"
2,[2]
2,"[2, 6, 17]"
2,"[2, 4]"
2,[2]
17,[17]
2,"[2, 4]"
2,"[2, 6]"
4,"[2, 4]"
2,"[2, 4]"
2,"[2, 4]"
17,[17]
2,"[2, 4]"
2,"[2, 17]"
2,"[2, 4]"
2,"[2, 4]"
2,"[2, 4]"
4,[10]
4,[4]
2,[2]
2,[2]
2,"[2, 4]"
2,"[2, 4]"
2,"[2, 4]"
2,[2]
2,"[2, 4, 17]"
2,"[2, 4]"
2,"[2, 4]"
4,"[2, 4]"
2,"[2, 4]"
2,"[2, 4]"
2,"[2, 4]"
2,"[2, 4]"
17,[17]
17,"[4, 17]"
4,"[2, 4, 17]"
17,"[9, 17]"
2,[17]
2,"[2, 17]"
4,[4]
2,[2]
2,[2]
2,[2]
2,"[2, 17]"
2,[2]
2,[2]
2,[2]
2,[2]
2,"[2, 4]"
2,[2]
2,"[2, 4]"
2,"[2, 17]"
2,"[2, 4, 17]"
2,"[2, 4]"
2,"[2, 17]"
2,"[2, 4, 17]"
2,"[2, 17]"
2,"[2, 7, 17]"
2,"[2, 17]"
2,"[2, 17]"
2,"[2, 4]"
4,"[2, 4]"
2,"[2, 4]"
2,"[2, 4, 17]"
7,"[2, 7, 17]"
2,"[2, 17]"
2,"[2, 4, 7, 17]"
2,"[2, 17]"
17,[17]
2,"[2, 17]"
2,"[2, 7, 17]"
2,[2]
17,[17]
2,"[2, 4]"
2,"[2, 17]"
2,"[2, 17]"
2,"[2, 17]"
2,"[2, 4]"
7,"[2, 4, 7, 17]"
2,"[2, 4, 17]"
2,"[2, 17]"
2,"[2, 4, 17]"
2,"[2, 4, 17]"
17,"[2, 4, 17]"
2,"[2, 4, 17]"
2,[2]
7,"[2, 7, 17]"
7,"[2, 4, 7, 17]"
17,"[2, 5, 17]"
2,"[2, 5, 7, 17]"
2,"[2, 4, 5, 17]"
4,"[2, 4]"
7,"[7, 17]"
2,"[2, 4, 17]"
2,"[2, 7, 17]"
2,"[2, 7, 17]"
2,"[2, 7, 17]"
2,"[2, 4]"
2,[2]
2,[2]
2,"[2, 4]"
2,"[2, 4]"
2,"[2, 17]"
2,"[2, 17]"
2,[2]
2,[2]
2,[2]
2,[2]
2,"[2, 4]"
2,"[2, 17]"
4,"[2, 4, 17]"
2,"[2, 17]"
2,"[2, 4, 17]"
2,"[2, 4]"
2,"[2, 4]"
2,"[2, 4]"
2,"[2, 17]"
2,"[2, 4]"
2,"[2, 4, 17]"
2,[2]
2,"[2, 6]"
2,[2]
17,"[2, 17]"
2,[2]
2,"[2, 7, 17]"
2,"[2, 4]"
4,"[2, 4, 17]"
2,"[2, 4, 17]"
2,"[2, 7, 17]"
2,"[2, 4]"
17,[17]
17,[17]
17,[17]
4,"[4, 17]"
5,"[4, 5]"
17,[17]
5,"[5, 17]"
17,[17]
17,[17]
17,[17]
17,[17]
17,[17]
17,[17]
17,[17]
4,"[4, 17]"
5,"[5, 17]"
17,[17]
17,"[5, 17]"
5,"[5, 17]"
17,"[5, 17]"
17,[17]
4,"[4, 17]"
17,[17]
17,[17]
17,[17]
17,[17]
17,[17]
17,[17]
17,[17]
17,[17]
17,[17]
17,"[5, 17]"
17,[17]
17,[17]
17,[17]
5,"[5, 17]"
17,[17]
4,"[4, 5, 17]"
17,"[5, 17]"
17,[17]
17,[17]
17,[17]
17,[17]
17,[17]
17,[17]
17,[17]
5,"[5, 17]"
17,[17]
17,[17]
17,[17]
17,[17]
17,[17]
17,[17]
17,[17]
17,[17]
17,[17]
17,[17]
5,"[5, 8]"
17,[17]
17,[17]
5,"[5, 17]"
5,"[5, 17]"
17,[17]
4,"[4, 17]"
17,"[5, 17]"
17,"[5, 17]"
17,"[5, 17]"
17,[17]
17,[17]
17,[]
5,"[5, 17]"
17,[17]
17,[17]
17,[17]
17,[17]
17,[17]
17,[17]
17,[17]
17,[17]
17,[17]
17,[17]
17,[17]
17,[17]
17,[17]
17,"[5, 17]"
17,[17]
17,[17]
17,[17]
17,[17]
17,[17]
17,[17]
17,[17]
17,"[5, 17]"
5,[5]
5,[2]
17,"[5, 17]"
17,"[5, 17]"
17,"[5, 17]"
17,[17]
17,[17]
17,[17]
17,[17]
17,"[5, 17]"
5,"[5, 17]"
17,[17]
17,[17]
17,[17]
17,[17]
5,"[5, 17]"
17,[17]
17,[17]
17,[17]
17,[17]
17,[17]
17,[17]
5,[5]
17,[17]
17,[17]
17,[17]
5,"[5, 17]"
5,[5]
5,"[5, 17]"
17,[17]
17,[17]
17,"[5, 17]"
5,"[3, 5]"
17,[17]
17,[17]
5,"[5, 17]"
17,"[5, 17]"
17,[17]
2,"[2, 17]"
2,[17]
3,[3]
0,[17]
2,[2]
4,"[4, 17]"
17,"[4, 17]"
2,[2]
0,[17]
17,"[2, 3, 17]"
4,"[4, 17]"
4,"[2, 4]"
17,"[4, 17]"
3,"[2, 3]"
4,"[4, 17]"
17,"[3, 17]"
7,"[2, 7, 17]"
4,"[4, 17]"
4,"[4, 17]"
7,[17]
4,[17]
17,[17]
4,"[4, 17]"
0,[17]
3,"[3, 17]"
0,"[0, 17]"
7,"[7, 17]"
2,"[2, 4, 17]"
4,"[2, 3, 4, 17]"
2,[2]
17,[17]
17,[17]
17,"[3, 17]"
4,[17]
3,"[3, 4, 17]"
4,"[3, 4, 17]"
17,"[3, 17]"
2,"[2, 4, 17]"
7,"[2, 7, 17]"
4,"[4, 17]"
17,"[4, 17]"
4,"[3, 4, 17]"
2,"[2, 17]"
2,"[2, 3, 4, 17]"
7,"[2, 3, 7, 17]"
17,"[3, 17]"
17,"[3, 17]"
3,"[3, 17]"
17,"[3, 17]"
0,"[0, 17]"
4,"[4, 17]"
17,"[3, 17]"
17,"[3, 17]"
4,"[2, 4]"
5,[]
7,[17]
7,[17]
17,[17]
7,"[7, 17]"
5,"[5, 7, 17]"
17,"[7, 17]"
7,"[7, 17]"
17,"[7, 17]"
7,"[7, 17]"
5,"[5, 17]"
7,"[7, 17]"
5,"[5, 17]"
17,[17]
17,"[7, 17]"
5,"[5, 7, 17]"
17,[17]
2,"[0, 2, 17]"
17,"[9, 17]"
0,"[0, 17]"
2,"[2, 4]"
4,"[2, 4]"
0,"[0, 2, 17]"
17,"[0, 17]"
0,"[0, 9, 17]"
0,"[0, 17]"
17,[17]
17,[17]
0,"[0, 2, 17]"
0,"[0, 17]"
0,"[0, 17]"
2,[2]
2,"[2, 4]"
17,[17]
0,"[0, 17]"
17,"[2, 17]"
2,"[2, 4]"
2,"[2, 4]"
0,"[0, 17]"
2,[2]
0,"[0, 17]"
2,"[2, 9]"
2,"[2, 4]"
17,[17]
17,"[9, 17]"
17,"[0, 17]"
17,"[2, 17]"
2,"[2, 4, 17]"
0,"[0, 17]"
4,"[2, 4]"
2,"[0, 2, 4, 17]"
0,"[0, 9, 17]"
0,"[0, 9, 17]"
2,"[2, 4, 17]"
2,"[0, 2, 17]"
17,"[9, 17]"
2,"[2, 17]"
2,"[2, 4]"
17,[17]
4,"[2, 4]"
2,"[2, 4, 17]"
9,"[0, 9, 17]"
2,"[2, 4]"
17,"[15, 17]"
4,"[2, 4]"
9,"[4, 9]"
2,[2]
2,[2]
2,[2]
17,[17]
2,[2]
17,"[9, 17]"
17,"[2, 17]"
2,"[2, 4, 17]"
4,"[2, 4, 17]"
2,"[2, 9, 17]"
2,"[2, 4]"
2,"[2, 17]"
0,"[0, 17]"
17,"[9, 17]"
2,"[2, 17]"
2,[2]
17,[9]
2,[2]
2,[2]
17,"[9, 17]"
0,"[0, 17]"
2,"[2, 4]"
2,"[2, 4]"
2,"[2, 5]"
2,"[2, 4]"
17,[17]
0,"[0, 15, 17]"
17,"[2, 17]"
0,"[0, 17]"
17,[17]
2,[2]
2,[2]
17,"[4, 17]"
2,[4]
17,[17]
9,"[9, 17]"
0,"[0, 17]"
2,"[2, 17]"
2,"[2, 4]"
0,"[0, 17]"
0,"[0, 2, 17]"
0,"[0, 17]"
2,"[2, 4, 17]"
17,[17]
2,"[2, 4, 17]"
17,[]
9,"[0, 9, 17]"
17,"[5, 17]"
17,[17]
17,"[9, 17]"
2,"[2, 17]"
0,"[0, 17]"
17,"[15, 17]"
17,[17]
0,"[0, 17]"
2,"[2, 4, 17]"
17,"[9, 17]"
2,"[2, 4, 17]"
9,"[9, 17]"
17,"[0, 9, 17]"
2,"[2, 4, 17]"
17,"[9, 17]"
17,[17]
16,[17]
8,"[6, 17]"
8,"[6, 17]"
8,"[6, 17]"
5,[5]
17,[17]
17,"[14, 17]"
14,[14]
17,[17]
17,"[11, 13, 17]"
17,"[14, 17]"
5,"[5, 14, 16, 17]"
17,"[16, 17]"
16,"[16, 17]"
13,"[11, 13, 16, 17]"
17,[17]
17,"[14, 17]"
17,"[14, 17]"
16,[16]
16,"[11, 13, 16, 17]"
17,"[16, 17]"
14,[14]
5,"[5, 14, 17]"
13,"[11, 13, 17]"
14,"[14, 17]"
8,"[6, 17]"
14,[14]
17,[17]
17,[17]
17,"[14, 17]"
17,"[14, 17]"
17,[17]
5,"[5, 14, 17]"
17,"[16, 17]"
17,"[14, 17]"
13,"[11, 13, 16, 17]"
17,"[11, 13, 17]"
5,"[5, 14, 17]"
13,"[11, 13, 16, 17]"
17,"[16, 17]"
13,"[11, 13, 17]"
17,[17]
8,"[8, 14, 17]"
17,[17]
17,[17]
17,"[14, 17]"
16,"[11, 13, 17]"
14,"[14, 17]"
17,"[14, 17]"
5,[5]
2,[2]
5,"[5, 17]"
2,"[2, 17]"
2,"[2, 4]"
2,"[2, 6]"
2,[2]
2,"[2, 6]"
2,"[2, 4]"
2,[2]
2,"[2, 17]"
2,"[2, 4, 17]"
5,"[5, 10, 17]"
6,"[6, 10, 17]"
2,"[2, 10]"
2,"[2, 17]"
2,"[2, 17]"
2,[2]
2,[2]
2,[2]
2,"[2, 17]"
2,[2]
2,[2]
2,[2]
2,"[2, 17]"
6,"[11, 17]"
2,"[2, 17]"
5,"[2, 5]"
2,"[2, 6, 17]"
2,"[2, 17]"
6,"[2, 6]"
2,"[2, 6, 17]"
6,"[6, 17]"
2,"[2, 17]"
2,[2]
2,"[2, 17]"
2,"[2, 4]"
2,"[2, 5]"
2,"[2, 17]"
2,[2]
5,"[5, 17]"
2,"[2, 6, 17]"
6,"[6, 17]"
2,"[2, 4, 17]"
2,"[2, 4, 5, 17]"
2,"[2, 6, 17]"
2,"[2, 4]"
2,"[2, 6, 17]"
2,"[2, 5]"
2,"[2, 4, 17]"
2,"[2, 4]"
2,"[2, 17]"
2,[2]
2,[2]
2,"[2, 6]"
2,[2]
2,[2]
2,"[2, 4, 17]"
2,"[2, 4]"
2,"[2, 17]"
2,"[2, 4]"
2,[2]
2,"[2, 4, 17]"
2,[2]
2,[2]
2,[2]
2,[2]
2,"[2, 17]"
2,"[2, 17]"
2,[2]
2,"[2, 17]"
2,"[2, 17]"
2,"[2, 17]"
2,[2]
2,[2]
2,[2]
2,"[2, 6, 17]"
17,[17]
0,"[0, 15, 17]"
17,[17]
17,"[15, 17]"
17,[17]
15,"[14, 15, 17]"
17,"[14, 17]"
17,[17]
15,"[0, 15, 17]"
17,[17]
15,"[15, 17]"
15,"[9, 15, 17]"
5,"[5, 14]"
17,"[14, 17]"
17,"[15, 17]"
17,[17]
17,[17]
17,"[5, 17]"
17,[17]
17,[17]
17,[5]
17,[17]
5,[5]
0,[9]
17,[17]
17,[17]
5,"[0, 5, 15, 17]"
17,[17]
17,"[14, 17]"
17,"[14, 17]"
14,"[14, 15, 17]"
14,"[14, 17]"
5,"[5, 15, 17]"
5,"[5, 15, 17]"
17,"[14, 17]"
14,"[14, 17]"
17,"[15, 17]"
0,"[0, 17]"
17,"[0, 17]"
15,"[9, 15, 17]"
17,[17]
0,"[0, 9, 15, 17]"
17,"[14, 17]"
14,"[14, 17]"
0,"[0, 14]"
14,"[14, 17]"
17,[17]
17,"[9, 17]"
17,[17]
8,"[8, 14, 17]"
13,"[8, 11, 13, 14, 17]"
17,"[14, 17]"
0,"[0, 15]"
16,"[16, 17]"
16,"[5, 16]"
14,"[8, 14, 16, 17]"
0,"[0, 14, 17]"
15,"[9, 15, 17]"
0,"[0, 17]"
8,"[8, 14, 16]"
16,"[16, 17]"
5,"[5, 17]"
17,"[16, 17]"
17,"[14, 17]"
15,"[9, 15, 17]"
15,"[9, 15]"
15,"[9, 15]"
14,"[14, 16, 17]"
17,"[16, 17]"
13,"[8, 11, 13, 16, 17]"
17,"[14, 17]"
17,[17]
14,"[14, 15, 17]"
17,"[14, 15, 17]"
5,"[5, 15]"
17,"[14, 17]"
8,"[8, 17]"
14,"[11, 13, 14, 17]"
17,"[14, 17]"
5,[5]
13,"[11, 13, 14, 17]"
17,"[14, 17]"
13,"[11, 13, 16, 17]"
17,"[14, 17]"
5,"[5, 16]"
17,"[14, 17]"
13,"[11, 14, 17]"
0,[]
14,"[14, 16]"
17,"[8, 14, 17]"
17,"[14, 17]"
17,"[14, 17]"
17,"[8, 14, 17]"
17,"[8, 14, 17]"
15,"[0, 15, 17]"
17,"[8, 14, 17]"
16,"[11, 13, 14, 16, 17]"
17,[17]
8,"[8, 11, 13, 14, 17]"
17,"[11, 13, 17]"
16,"[11, 13, 15, 16, 17]"
5,"[5, 15, 16]"
8,"[8, 14, 17]"
1,"[1, 5]"
1,"[1, 5, 17]"
17,"[1, 4, 5, 17]"
17,"[1, 4, 5, 17]"
10,"[1, 2, 5, 10, 17]"
17,"[5, 17]"
17,"[1, 17]"
17,"[1, 17]"
8,"[8, 10, 17]"
17,[17]
17,"[0, 1, 17]"
17,"[0, 1, 17]"
5,"[1, 5, 17]"
17,"[5, 17]"
8,"[8, 10, 17]"
2,"[2, 3, 4]"
0,"[0, 17]"
5,"[5, 17]"
5,"[5, 17]"
17,"[1, 17]"
17,"[1, 10, 17]"
17,"[1, 17]"
1,"[1, 6]"
17,"[1, 4, 17]"
17,"[1, 17]"
5,"[1, 5]"
0,"[0, 17]"
5,"[1, 5]"
5,"[1, 5, 17]"
17,"[0, 17]"
11,"[6, 11, 17]"
17,[17]
17,"[10, 17]"
17,"[1, 17]"
17,"[1, 17]"
17,"[1, 17]"
1,"[1, 17]"
17,"[1, 17]"
17,[17]
17,"[8, 17]"
17,"[1, 17]"
17,"[10, 17]"
17,"[1, 17]"
10,"[2, 3, 10]"
17,[17]
1,[1]
17,"[1, 17]"
17,[17]
17,"[1, 17]"
5,"[5, 17]"
11,[11]
17,"[1, 17]"
17,"[1, 17]"
17,[17]
1,[1]
17,"[1, 17]"
10,"[2, 3, 10]"
2,"[2, 3]"
2,"[2, 11, 17]"
17,[17]
17,[17]
5,"[5, 17]"
17,"[1, 10, 11, 17]"
17,"[1, 17]"
17,"[1, 17]"
2,"[2, 17]"
17,"[1, 17]"
17,"[1, 17]"
17,"[1, 17]"
17,"[1, 17]"
17,[17]
17,"[1, 17]"
17,"[1, 17]"
10,"[2, 3, 10]"
17,"[1, 17]"
17,[17]
8,"[1, 4, 8]"
17,"[1, 17]"
17,"[1, 6, 17]"
0,"[0, 4, 8, 17]"
17,"[1, 17]"
10,"[2, 10]"
17,"[1, 17]"
5,[5]
17,"[1, 17]"
17,"[1, 17]"
17,"[1, 17]"
17,[17]
17,"[1, 17]"
17,"[1, 17]"
17,"[1, 17]"
17,"[1, 17]"
11,"[6, 11, 17]"
17,"[1, 17]"
8,"[8, 17]"
17,"[1, 17]"
17,"[1, 17]"
1,"[1, 17]"
17,"[1, 17]"
17,"[1, 17]"
17,"[1, 17]"
17,"[1, 17]"
17,"[10, 17]"
17,"[1, 17]"
2,"[2, 3, 6]"
17,"[1, 4]"
17,[17]
17,"[1, 17]"
1,"[1, 17]"
2,"[2, 17]"
2,"[2, 3]"
2,"[2, 3, 11, 17]"
17,[17]
17,"[1, 17]"
17,"[1, 17]"
5,"[1, 5, 17]"
17,"[1, 17]"
17,"[10, 17]"
2,"[2, 10, 17]"
17,"[1, 10, 17]"
17,"[1, 17]"
17,"[1, 17]"
5,"[5, 17]"
17,[17]
17,"[1, 17]"
1,"[1, 17]"
1,[1]
17,[17]
17,[17]
17,"[4, 17]"
17,[17]
0,"[0, 17]"
2,"[2, 4, 17]"
17,[17]
17,"[1, 17]"
17,[17]
17,[17]
5,[5]
5,"[5, 17]"
17,"[1, 17]"
5,[5]
5,"[1, 5, 17]"
17,[17]
11,"[6, 11, 17]"
8,"[8, 17]"
17,"[1, 17]"
5,"[5, 6, 17]"
4,[4]
17,[17]
17,[17]
5,"[5, 17]"
5,"[5, 17]"
4,"[4, 17]"
4,"[4, 17]"
17,[17]
5,"[5, 17]"
4,"[4, 17]"
17,[17]
17,[17]
4,"[4, 5, 17]"
5,"[5, 6, 17]"
11,"[6, 11, 17]"
1,"[1, 17]"
17,"[0, 17]"
2,"[2, 17]"
17,[17]
17,[17]
17,[17]
1,[1]
17,[10]
17,"[1, 17]"
17,"[11, 17]"
11,[11]
1,"[1, 17]"
17,[17]
17,[17]
17,"[1, 17]"
17,[17]
17,[17]
17,"[1, 17]"
17,"[1, 17]"
17,[17]
2,"[1, 2, 5]"
17,[17]
1,"[1, 17]"
17,"[1, 17]"
2,"[1, 2, 17]"
17,[17]
2,"[1, 2, 17]"
17,"[6, 17]"
17,"[11, 17]"
11,[11]
17,"[1, 17]"
17,"[1, 17]"
2,"[1, 2]"
17,"[1, 17]"
17,"[1, 17]"
17,"[1, 17]"
17,[17]
2,"[1, 2]"
17,[17]
11,"[11, 17]"
17,"[1, 17]"
17,"[1, 17]"
17,"[1, 17]"
2,"[1, 2, 5]"
17,"[1, 17]"
17,[17]
17,[17]
17,"[11, 17]"
17,"[11, 17]"
11,"[11, 17]"
11,"[1, 11]"
2,"[1, 2, 17]"
2,"[2, 5]"
17,"[1, 17]"
11,"[11, 17]"
17,"[1, 17]"
17,"[1, 17]"
17,"[1, 17]"
17,"[1, 17]"
17,"[6, 11, 17]"
11,"[1, 6, 11, 17]"
17,"[1, 17]"
1,"[1, 17]"
2,"[2, 5, 17]"
17,"[1, 17]"
11,"[11, 17]"
17,"[11, 17]"
17,"[1, 17]"
17,"[1, 17]"
17,"[11, 17]"
17,"[1, 17]"
17,"[1, 17]"
17,"[1, 17]"
17,"[1, 17]"
17,"[1, 17]"
11,"[11, 17]"
17,"[1, 17]"
17,"[3, 17]"
17,"[3, 17]"
17,"[3, 17]"
17,"[5, 17]"
11,"[11, 17]"
3,[3]
3,"[3, 17]"
0,"[0, 5, 15, 17]"
4,"[4, 17]"
0,"[0, 17]"
0,"[0, 17]"
17,"[6, 10, 17]"
15,"[15, 17]"
17,[17]
17,"[4, 6, 17]"
17,[17]
6,"[6, 17]"
0,"[0, 17]"
0,"[0, 17]"
17,"[6, 10, 17]"
17,"[3, 17]"
3,[3]
2,"[2, 6]"
0,"[0, 17]"
6,[6]
17,"[2, 17]"
17,[17]
17,"[6, 17]"
17,[17]
17,[17]
17,"[6, 17]"
17,"[3, 17]"
6,[6]
17,"[3, 10, 17]"
17,"[3, 17]"
5,"[5, 17]"
6,"[6, 11, 17]"
0,"[0, 15, 17]"
4,"[3, 4]"
0,"[0, 17]"
10,[10]
11,[11]
0,"[0, 5, 17]"
17,"[3, 17]"
6,"[6, 17]"
17,"[3, 17]"
17,"[3, 17]"
10,"[2, 10]"
2,[2]
4,"[4, 17]"
0,"[0, 15, 17]"
17,[17]
6,[6]
17,[17]
2,"[2, 6]"
17,"[3, 17]"
17,[17]
17,[17]
17,[17]
17,"[5, 17]"
4,"[3, 4, 17]"
9,"[0, 9, 17]"
0,"[0, 5, 17]"
17,[17]
17,[3]
17,[17]
15,[15]
17,"[0, 15, 17]"
6,"[6, 17]"
5,"[5, 17]"
17,"[3, 17]"
0,"[0, 17]"
17,[17]
2,[2]
0,"[0, 17]"
17,"[3, 17]"
17,[17]
17,[17]
0,"[0, 9, 17]"
17,"[3, 17]"
6,"[2, 6, 10]"
0,"[0, 17]"
17,"[4, 17]"
6,"[6, 17]"
0,"[0, 17]"
17,"[9, 17]"
17,"[3, 17]"
17,"[4, 6, 17]"
5,"[5, 17]"
0,"[0, 17]"
4,"[3, 4, 17]"
17,"[3, 17]"
0,"[0, 5, 15, 17]"
15,"[0, 15, 17]"
11,"[6, 11]"
0,"[0, 17]"
15,"[15, 17]"
17,"[15, 17]"
5,[5]
4,"[4, 17]"
0,"[0, 17]"
11,"[11, 17]"
17,[17]
0,"[0, 5, 17]"
6,"[2, 6, 17]"
17,"[3, 17]"
5,"[5, 17]"
17,[17]
17,[17]
17,"[6, 17]"
17,"[15, 17]"
2,"[2, 6]"
6,"[6, 17]"
0,"[0, 17]"
6,"[6, 10, 17]"
17,"[3, 17]"
0,"[0, 17]"
6,"[6, 10, 17]"
17,"[4, 10, 17]"
17,"[9, 17]"
5,[5]
10,"[10, 17]"
17,"[6, 10, 17]"
17,"[3, 4, 17]"
17,[17]
6,"[6, 17]"
2,"[2, 10, 17]"
17,[17]
0,"[0, 17]"
4,"[4, 17]"
9,"[0, 9, 17]"
11,"[11, 17]"
17,"[2, 17]"
17,[17]
10,"[6, 10]"
5,"[5, 17]"
17,"[4, 6, 17]"
9,"[0, 9, 17]"
17,"[5, 17]"
17,"[5, 17]"
17,[17]
17,[17]
17,[17]
17,[17]
0,"[0, 17]"
2,"[2, 6]"
2,"[2, 5, 17]"
17,"[2, 3, 17]"
0,"[0, 5, 17]"
17,"[5, 17]"
5,"[5, 17]"
17,[17]
3,"[3, 4, 17]"
15,"[15, 17]"
0,"[0, 15, 17]"
17,"[3, 17]"
4,"[4, 17]"
0,"[0, 9, 15, 17]"
17,"[3, 17]"
4,"[3, 4, 17]"
17,"[3, 17]"
17,"[3, 17]"
17,"[5, 17]"
17,"[3, 17]"
6,[6]
0,"[0, 17]"
17,[17]
17,"[6, 17]"
0,"[0, 17]"
17,"[0, 17]"
17,"[15, 17]"
17,"[10, 17]"
5,"[5, 17]"
17,"[3, 17]"
17,[17]
0,"[0, 17]"
5,[5]
10,"[10, 17]"
17,[17]
17,[17]
17,[17]
17,[17]
17,[17]
17,[17]
2,[2]
17,[17]
17,[17]
0,"[0, 9, 17]"
17,"[3, 17]"
17,"[5, 17]"
17,"[2, 6, 17]"
17,"[2, 6, 17]"
2,"[2, 6, 17]"
17,"[3, 17]"
4,"[3, 4, 17]"
3,"[3, 4, 17]"
17,"[6, 10, 17]"
17,[15]
17,[17]
17,[17]
0,"[0, 5, 17]"
2,"[2, 4]"
2,"[2, 4]"
2,"[2, 17]"
2,"[2, 4]"
2,"[2, 4]"
2,"[2, 4]"
2,[2]
2,[17]
4,"[4, 17]"
2,"[2, 4]"
2,"[2, 4, 17]"
2,"[2, 17]"
4,[4]
17,[17]
2,"[2, 17]"
2,[2]
4,"[2, 4]"
2,"[2, 4]"
4,"[2, 4]"
2,"[2, 4]"
2,"[2, 17]"
2,"[2, 4]"
2,"[2, 4]"
2,"[2, 17]"
2,"[2, 4, 17]"
2,"[2, 4, 17]"
2,"[2, 4, 17]"
4,"[2, 4, 17]"
4,"[2, 4, 17]"
2,"[2, 17]"
2,"[2, 4, 17]"
4,"[2, 4, 17]"
2,"[2, 4]"
2,"[2, 4]"
2,"[2, 4]"
17,[17]
2,"[2, 5, 17]"
17,"[4, 5, 17]"
2,"[2, 4, 5, 6, 17]"
2,"[2, 5, 17]"
2,"[2, 4, 5, 17]"
4,"[4, 5, 17]"
2,"[2, 4, 17]"
17,[17]
2,"[2, 4, 17]"
2,"[2, 4, 17]"
2,"[2, 17]"
4,"[4, 17]"
2,"[2, 4, 9]"
4,"[2, 4]"
2,"[2, 4, 17]"
2,"[2, 4]"
2,"[2, 4]"
2,"[2, 17]"
2,"[2, 5, 17]"
2,[2]
4,[4]
2,[2]
2,"[2, 17]"
2,[2]
2,[2]
2,[2]
2,"[2, 17]"
2,"[2, 4]"
2,"[2, 4, 17]"
2,"[2, 4]"
4,"[2, 4, 17]"
4,"[4, 6]"
2,"[2, 4]"
2,"[2, 17]"
2,[2]
2,[2]
2,"[2, 4, 17]"
2,"[2, 17]"
2,"[2, 17]"
2,"[2, 17]"
2,"[2, 17]"
2,"[2, 17]"
2,"[2, 4]"
4,"[4, 17]"
2,"[2, 17]"
4,"[2, 4, 17]"
2,"[2, 4]"
2,"[2, 4]"
2,"[2, 4]"
17,"[2, 17]"
2,"[2, 4]"
2,"[2, 17]"
2,"[2, 4, 17]"
2,"[2, 4, 17]"
2,"[2, 4, 17]"
2,"[2, 4, 17]"
2,"[2, 4, 17]"
2,"[2, 17]"
2,"[2, 4]"
4,"[2, 4]"
4,"[4, 6, 17]"
2,"[2, 4]"
4,[4]
2,"[2, 17]"
2,"[2, 4, 17]"
2,"[2, 17]"
2,"[2, 4]"
2,"[2, 4, 17]"
2,"[2, 17]"
2,"[2, 17]"
2,"[2, 4, 6]"
2,"[2, 17]"
4,"[2, 4, 6, 17]"
2,"[2, 6]"
2,"[2, 17]"
2,"[2, 17]"
4,"[4, 17]"
2,"[2, 17]"
2,"[2, 4, 10, 17]"
2,"[2, 4]"
17,[17]
17,[17]
5,"[5, 17]"
17,[17]
17,[17]
17,[17]
17,[17]
17,[17]
17,[17]
17,[17]
17,[17]
17,[17]
17,[17]
17,[17]
17,[17]
17,[17]
17,[17]
17,[17]
17,[17]
17,[17]
17,[17]
17,[17]
17,[17]
17,[17]
17,"[8, 17]"
17,"[8, 17]"
17,[17]
17,[17]
5,"[5, 17]"
17,[17]
17,[17]
17,[17]
17,[17]
17,[17]
17,[17]
5,"[5, 17]"
17,[17]
17,"[5, 17]"
17,[17]
17,[17]
17,[17]
17,[17]
17,[17]
17,[17]
17,[17]
17,[17]
17,[17]
17,[17]
17,[17]
17,[17]
17,[17]
17,[17]
17,[17]
17,[17]
5,"[5, 17]"
17,[17]
17,[17]
17,[17]
17,[17]
17,"[5, 17]"
17,[17]
17,[17]
17,[17]
17,[17]
17,[17]
17,[]
17,[17]
17,[17]
17,[17]
17,[17]
17,[17]
17,[17]
17,[17]
17,[17]
17,[17]
17,[17]
17,[17]
17,[17]
17,[17]
17,[17]
17,[17]
17,[17]
17,[17]
17,[17]
17,[17]
17,[17]
17,[17]
17,[17]
17,[17]
17,[17]
17,[17]
17,[17]
17,[17]
5,[5]
17,[17]
17,[17]
17,[17]
2,[2]
2,"[0, 2, 17]"
2,"[0, 2, 4, 17]"
2,"[0, 2, 17]"
2,"[0, 2, 4, 17]"
2,"[0, 2, 17]"
0,"[0, 17]"
2,[2]
2,"[2, 4]"
2,"[2, 17]"
17,"[8, 17]"
2,"[0, 2, 4, 17]"
2,"[2, 4, 17]"
2,"[0, 2, 17]"
4,"[2, 4]"
2,"[2, 4]"
2,"[2, 17]"
4,"[4, 17]"
2,"[2, 17]"
2,"[0, 2, 4, 17]"
17,[17]
2,"[2, 17]"
2,"[0, 2, 17]"
2,"[2, 17]"
4,"[2, 4]"
2,"[2, 17]"
2,"[0, 2, 17]"
2,"[2, 4]"
2,"[2, 4]"
0,"[0, 2, 17]"
2,"[2, 17]"
2,"[0, 2, 4, 17]"
2,[2]
2,"[0, 2, 17]"
2,"[2, 17]"
17,"[8, 17]"
2,"[2, 17]"
2,"[0, 2, 10, 17]"
2,[2]
4,[4]
2,"[2, 4, 17]"
2,"[2, 17]"
17,"[8, 17]"
17,"[8, 17]"
2,"[2, 17]"
2,"[2, 4]"
2,"[2, 17]"
2,"[2, 6]"
17,[17]
2,"[2, 17]"
2,"[2, 17]"
0,"[0, 17]"
2,"[0, 2, 17]"
2,"[2, 17]"
2,"[2, 6]"
2,[2]
2,"[0, 2, 4, 17]"
17,"[2, 17]"
17,"[0, 17]"
2,"[2, 17]"
2,"[2, 17]"
2,"[2, 4, 17]"
2,"[2, 4]"
2,"[2, 4, 17]"
2,"[0, 2, 17]"
2,"[0, 2, 4, 17]"
2,"[2, 17]"
2,"[2, 4, 17]"
2,"[0, 2, 17]"
17,[17]
2,"[2, 4]"
2,[2]
2,"[2, 4]"
2,"[2, 4, 17]"
2,"[0, 2, 17]"
2,"[0, 2, 4, 17]"
2,"[0, 2, 4, 17]"
17,[17]
2,"[0, 2, 4, 17]"
2,[2]
2,"[2, 17]"
2,"[2, 4, 17]"
2,"[2, 17]"
2,"[2, 17]"
2,"[2, 4]"
0,"[0, 4, 17]"
17,"[0, 17]"
2,"[2, 17]"
2,"[2, 17]"
2,"[2, 17]"
2,"[0, 2, 17]"
17,[17]
2,"[2, 17]"
2,"[2, 17]"
0,"[0, 2, 17]"
2,"[0, 2, 17]"
17,[17]
2,[2]
2,"[2, 17]"
2,"[2, 17]"
2,"[2, 17]"
2,"[2, 17]"
17,"[2, 17]"
2,"[2, 17]"
2,"[2, 17]"
4,"[4, 17]"
2,"[2, 17]"
2,"[2, 17]"
2,"[2, 17]"
2,[2]
2,[2]
2,[2]
17,[17]
2,"[2, 6]"
17,[17]
2,"[2, 4, 17]"
2,"[2, 6]"
2,"[2, 17]"
2,"[2, 4]"
2,"[2, 17]"
2,"[2, 4, 17]"
2,"[2, 17]"
2,"[2, 17]"
2,"[2, 4, 17]"
17,[17]
2,"[2, 17]"
2,"[2, 17]"
2,"[2, 4, 17]"
2,"[2, 4, 6, 17]"
2,"[2, 4, 6]"
17,[17]
17,"[8, 17]"
2,"[2, 6, 17]"
2,[2]
2,"[2, 17]"
2,"[2, 4, 17]"
2,"[2, 4]"
17,"[3, 17]"
2,"[2, 17]"
2,"[2, 17]"
17,[4]
7,[17]
17,[10]
3,"[3, 17]"
7,"[2, 7, 17]"
3,"[3, 4]"
17,"[3, 4, 17]"
3,"[3, 4]"
2,"[2, 17]"
17,"[3, 6, 10, 17]"
17,"[6, 17]"
2,"[2, 3, 6, 10, 17]"
17,"[3, 6, 10, 17]"
5,"[5, 6, 10, 17]"
7,"[7, 10, 17]"
5,"[3, 5]"
17,"[5, 17]"
17,"[4, 17]"
17,[17]
10,"[10, 17]"
7,"[7, 17]"
2,"[2, 7, 17]"
10,"[10, 17]"
17,[17]
17,[17]
17,"[4, 17]"
2,"[2, 17]"
7,"[5, 7, 17]"
7,"[2, 7, 17]"
17,"[2, 17]"
7,[17]
7,"[7, 17]"
2,"[2, 4, 17]"
5,"[5, 17]"
2,"[2, 4, 17]"
7,"[5, 7, 17]"
17,"[6, 17]"
17,"[6, 17]"
17,"[5, 17]"
17,"[3, 17]"
2,"[2, 4, 17]"
7,"[5, 7, 17]"
17,"[6, 10, 17]"
17,"[10, 17]"
17,"[6, 10, 17]"
17,"[10, 17]"
17,[17]
17,[17]
17,[17]
2,"[2, 17]"
3,[3]
10,"[2, 10]"
2,"[2, 17]"
17,"[2, 17]"
17,"[3, 17]"
7,"[7, 17]"
17,"[4, 17]"
17,"[4, 17]"
17,"[3, 17]"
10,"[6, 10, 17]"
2,"[2, 6, 10]"
17,"[7, 17]"
17,[17]
3,"[3, 4]"
7,"[7, 10, 17]"
17,[17]
17,"[10, 17]"
7,"[5, 7, 17]"
17,[]
10,"[10, 17]"
2,"[2, 7, 17]"
17,"[10, 17]"
17,"[3, 6, 17]"
17,"[10, 17]"
17,"[10, 17]"
5,"[5, 17]"
17,"[10, 17]"
5,[5]
7,"[2, 17]"
17,"[1, 17]"
10,"[10, 17]"
2,"[2, 5]"
5,"[5, 17]"
17,[17]
17,[17]
17,[17]
17,[17]
2,"[2, 17]"
17,"[10, 17]"
17,"[1, 17]"
17,[17]
17,"[0, 17]"
17,"[1, 17]"
17,"[0, 17]"
17,"[10, 17]"
10,"[2, 10, 17]"
2,"[2, 5, 17]"
17,"[0, 17]"
17,"[1, 17]"
17,"[1, 17]"
17,[17]
5,"[5, 17]"
17,"[0, 17]"
17,"[1, 10, 17]"
17,"[1, 17]"
5,"[5, 17]"
17,[17]
17,"[10, 17]"
2,"[2, 17]"
17,"[6, 17]"
17,"[10, 17]"
17,"[10, 11, 17]"
1,"[1, 17]"
1,"[1, 17]"
17,"[1, 17]"
17,"[1, 17]"
17,[17]
17,[17]
2,"[2, 17]"
2,"[2, 17]"
17,"[1, 17]"
5,"[5, 17]"
17,[17]
17,[17]
17,[17]
17,[17]
1,"[1, 17]"
17,"[1, 17]"
17,"[1, 17]"
17,"[1, 17]"
17,"[1, 17]"
17,"[1, 17]"
17,"[4, 17]"
17,"[1, 17]"
17,"[1, 17]"
17,"[10, 17]"
17,"[1, 17]"
17,"[10, 17]"
17,[17]
17,[17]
17,[17]
17,[17]
17,[17]
17,"[1, 17]"
17,"[1, 17]"
17,"[1, 17]"
17,"[1, 17]"
17,"[1, 17]"
17,"[1, 17]"
17,"[1, 17]"
17,"[4, 10, 17]"
17,"[1, 17]"
10,"[2, 10]"
10,"[10, 17]"
17,"[1, 17]"
2,"[2, 5, 17]"
2,"[2, 10]"
17,"[10, 17]"
1,"[1, 17]"
17,"[1, 17]"
17,"[2, 10, 17]"
17,[17]
17,"[1, 10, 17]"
2,"[10, 17]"
17,"[10, 17]"
5,"[5, 17]"
17,"[2, 17]"
10,"[2, 10, 17]"
17,"[10, 17]"
17,[17]
17,"[1, 17]"
2,[]
1,[1]
17,[17]
17,[17]
17,[17]
17,[17]
17,[17]
17,[17]
17,[17]
17,[17]
17,[17]
17,[17]
17,[17]
17,[17]
17,[17]
17,[17]
17,[17]
17,[17]
17,[17]
17,[17]
17,[17]
17,[17]
17,[17]
17,[17]
17,[17]
17,[17]
17,[17]
17,[17]
17,[17]
17,[17]
17,[17]
17,[17]
17,[17]
17,[17]
17,[17]
17,[17]
17,[17]
17,[]
17,[17]
17,[17]
17,[17]
17,[17]
17,[17]
17,[17]
0,"[0, 17]"
17,[17]
8,"[0, 8, 17]"
0,"[0, 15, 17]"
13,"[11, 13, 14, 17]"
17,"[14, 17]"
15,[15]
17,[17]
0,"[0, 15, 17]"
14,"[14, 15, 17]"
17,"[15, 17]"
13,"[11, 13, 14, 17]"
17,[17]
8,"[8, 14, 17]"
5,"[5, 8, 17]"
17,[17]
17,"[14, 17]"
17,[17]
13,"[11, 13, 14, 17]"
17,[17]
8,"[8, 11, 13, 17]"
14,"[11, 13, 14, 17]"
15,"[15, 17]"
0,"[0, 14, 17]"
17,"[15, 17]"
15,"[15, 17]"
17,"[15, 17]"
14,"[14, 17]"
17,"[14, 17]"
0,"[0, 15, 17]"
17,"[0, 17]"
8,"[8, 14, 17]"
5,[5]
15,[15]
17,"[15, 17]"
0,"[0, 9, 15, 17]"
14,"[14, 17]"
14,"[14, 17]"
15,[15]
17,[17]
0,"[0, 8, 17]"
17,[17]
17,[17]
17,[17]
17,[17]
15,"[15, 17]"
13,[11]
17,[17]
5,"[5, 17]"
17,[17]
17,[17]
15,"[15, 17]"
17,"[14, 17]"
13,"[11, 14]"
17,"[15, 17]"
17,"[14, 17]"
5,"[5, 14]"
5,"[5, 17]"
0,"[0, 14, 17]"
0,"[0, 15, 17]"
17,"[0, 15, 17]"
0,"[0, 17]"
15,"[15, 17]"
8,"[8, 14]"
17,[17]
15,[17]
17,[17]
17,[17]
15,[17]
17,"[10, 17]"
17,[17]
17,[]
0,"[0, 17]"
0,[17]
0,[17]
17,"[9, 17]"
0,"[0, 17]"
17,[17]
17,[17]
17,[17]
17,[17]
17,[17]
0,"[0, 17]"
17,[17]
0,"[0, 17]"
0,"[0, 17]"
0,"[0, 17]"
17,"[0, 17]"
0,"[0, 17]"
0,"[0, 17]"
0,"[0, 17]"
0,"[0, 17]"
0,"[0, 17]"
0,"[0, 17]"
0,[17]
0,"[0, 17]"
17,[17]
17,[17]
0,[17]
0,"[0, 17]"
0,"[0, 17]"
0,"[0, 17]"
17,"[0, 17]"
17,"[0, 17]"
0,"[0, 17]"
0,[17]
0,[17]
0,[17]
0,[17]
17,"[15, 17]"
0,"[0, 17]"
9,"[9, 17]"
17,[17]
0,"[0, 9, 15, 17]"
15,"[9, 15]"
17,"[9, 15, 17]"
0,"[0, 17]"
9,[9]
17,"[9, 17]"
0,"[0, 9, 17]"
15,"[0, 9, 15, 17]"
0,"[0, 4, 17]"
0,"[0, 15, 17]"
0,"[0, 9, 17]"
17,[17]
17,[17]
17,"[4, 17]"
17,[17]
4,[4]
0,"[0, 17]"
17,"[0, 17]"
0,"[0, 17]"
17,[17]
17,"[9, 15, 17]"
17,[17]
2,"[2, 4]"
4,"[2, 4, 17]"
9,[9]
0,"[0, 17]"
17,"[0, 17]"
17,[17]
0,"[9, 17]"
0,"[9, 17]"
17,[17]
2,[2]
0,[9]
4,"[4, 17]"
0,"[0, 17]"
15,"[9, 11, 15, 17]"
17,[17]
2,"[2, 4]"
2,"[2, 4, 17]"
0,"[0, 17]"
9,"[0, 9, 17]"
4,"[2, 4]"
17,"[4, 17]"
15,"[0, 15, 17]"
17,"[9, 17]"
2,"[2, 4, 17]"
2,"[2, 4, 17]"
17,"[9, 15, 17]"
0,"[0, 17]"
0,"[0, 17]"
2,[2]
15,[15]
17,"[0, 17]"
0,"[0, 17]"
0,"[0, 9, 17]"
15,[15]
17,"[0, 17]"
0,"[0, 9, 17]"
4,"[2, 4]"
17,"[15, 17]"
0,"[0, 9, 17]"
15,"[15, 17]"
0,"[0, 17]"
0,"[0, 9, 17]"
0,"[0, 5, 9, 17]"
15,"[5, 15, 17]"
0,"[0, 5, 15, 17]"
15,"[15, 17]"
2,"[2, 4, 17]"
2,"[2, 4, 17]"
17,"[9, 17]"
2,"[2, 4, 17]"
0,"[0, 4, 15, 17]"
17,"[4, 17]"
0,"[0, 9, 17]"
0,"[0, 4, 5, 17]"
0,"[0, 17]"
17,"[14, 17]"
17,"[9, 14, 17]"
0,"[5, 14, 15, 17]"
15,"[5, 9, 15]"
15,"[5, 9, 15]"
14,"[14, 16]"
17,"[15, 17]"
5,[5]
17,"[14, 17]"
17,"[14, 17]"
17,"[14, 17]"
17,[17]
16,"[14, 16]"
17,"[16, 17]"
14,"[14, 16]"
5,"[5, 16]"
17,"[16, 17]"
15,"[9, 15, 17]"
17,"[14, 17]"
16,[16]
16,[16]
0,"[0, 14]"
17,"[16, 17]"
14,"[14, 16]"
17,"[5, 16, 17]"
13,"[14, 17]"
5,"[9, 15, 17]"
17,[17]
16,[]
15,[15]
17,[17]
17,[14]
17,[17]
17,"[14, 17]"
5,[5]
15,[15]
16,"[11, 16, 17]"
17,"[14, 17]"
13,"[11, 13, 17]"
0,"[15, 17]"
13,"[11, 13, 17]"
5,"[5, 15, 17]"
17,[17]
0,"[0, 14]"
17,[17]
17,"[16, 17]"
0,"[0, 16]"
17,"[14, 17]"
17,"[16, 17]"
14,"[14, 17]"
14,"[14, 16]"
17,"[14, 17]"
13,"[11, 13, 14, 17]"
17,[17]
17,[17]
17,[17]
13,"[11, 13, 16, 17]"
5,[5]
15,"[15, 17]"
15,[15]
17,[17]
9,"[9, 15, 17]"
17,[17]
4,"[4, 17]"
0,"[0, 15, 17]"
4,"[4, 17]"
17,[17]
17,[17]
17,"[4, 17]"
17,[17]
5,"[5, 17]"
17,"[15, 17]"
17,"[9, 15, 17]"
0,"[0, 15, 17]"
17,"[4, 17]"
9,"[9, 17]"
17,[17]
17,[17]
17,"[5, 17]"
17,"[0, 17]"
17,"[4, 15, 17]"
17,"[9, 15, 17]"
17,[5]
9,"[9, 17]"
0,[17]
0,[17]
4,[4]
17,"[0, 17]"
17,"[4, 17]"
17,[17]
17,"[5, 17]"
17,[17]
17,"[5, 17]"
15,"[9, 15]"
17,[17]
17,[17]
0,"[0, 4, 17]"
17,"[15, 17]"
15,"[15, 17]"
17,"[5, 17]"
0,"[0, 15, 17]"
17,"[0, 4, 17]"
17,"[15, 17]"
5,"[5, 17]"
0,"[0, 9, 17]"
17,[17]
4,"[4, 17]"
15,"[15, 17]"
17,[17]
5,"[5, 17]"
17,[17]
0,"[0, 4, 17]"
0,"[0, 15, 17]"
4,"[0, 4, 17]"
0,"[0, 17]"
17,"[4, 17]"
17,"[5, 17]"
17,"[0, 17]"
0,"[0, 17]"
17,[17]
17,[17]
5,"[5, 17]"
0,"[0, 17]"
0,"[0, 17]"
0,"[0, 17]"
17,[17]
17,"[5, 17]"
17,"[4, 17]"
17,[17]
17,[17]
17,[17]
17,[17]
17,[17]
17,"[5, 17]"
17,[17]
17,"[9, 17]"
17,"[9, 17]"
9,"[0, 9, 17]"
0,"[0, 9, 17]"
17,[17]
17,[17]
2,"[2, 4, 17]"
4,"[2, 4]"
2,"[2, 4]"
4,"[2, 4]"
4,"[2, 4]"
2,[2]
2,"[2, 4]"
2,[2]
2,"[2, 4]"
2,[2]
2,"[2, 17]"
4,"[2, 4]"
4,"[2, 4, 17]"
2,[2]
4,"[2, 4]"
2,[2]
2,"[2, 4]"
2,[2]
2,[2]
2,[2]
2,"[2, 4]"
4,"[4, 17]"
2,"[2, 17]"
2,[2]
4,[4]
2,[2]
2,"[2, 17]"
2,"[2, 4]"
2,"[2, 4]"
2,"[2, 4]"
2,[2]
4,[4]
2,[2]
2,[2]
2,[2]
2,"[2, 4]"
2,[2]
2,"[2, 4]"
2,"[2, 4, 17]"
2,"[2, 4, 17]"
4,"[2, 4]"
2,"[2, 4]"
2,"[2, 17]"
17,[17]
17,"[1, 17]"
1,"[1, 17]"
11,"[1, 6, 11]"
17,"[1, 17]"
17,"[1, 17]"
17,"[1, 17]"
17,"[1, 17]"
11,"[1, 6, 11]"
17,"[1, 17]"
17,"[1, 17]"
1,[1]
17,"[1, 17]"
17,"[1, 17]"
17,[17]
17,"[1, 17]"
11,"[1, 11]"
11,"[1, 6, 11, 17]"
17,"[1, 17]"
17,"[1, 17]"
17,"[0, 1, 17]"
1,"[1, 6, 17]"
17,"[1, 17]"
17,[17]
17,"[1, 17]"
17,"[1, 17]"
11,"[1, 6, 11]"
17,"[1, 17]"
1,[1]
1,[1]
17,[17]
17,"[5, 17]"
0,"[0, 5, 9, 17]"
17,"[0, 5, 17]"
0,"[0, 9, 15, 17]"
17,"[0, 17]"
0,"[0, 17]"
0,"[0, 17]"
9,"[0, 9, 17]"
9,[9]
15,"[9, 15]"
17,[17]
0,"[0, 17]"
17,"[0, 17]"
15,[15]
17,[17]
0,[17]
0,[17]
15,"[15, 17]"
0,[17]
17,"[0, 17]"
0,"[0, 17]"
17,"[0, 5, 17]"
17,"[0, 17]"
17,[17]
9,"[9, 17]"
17,"[0, 9, 17]"
17,[17]
17,"[0, 17]"
0,"[0, 15, 17]"
0,"[0, 17]"
17,"[0, 17]"
0,"[0, 17]"
9,"[0, 9, 17]"
0,"[0, 9, 17]"
9,"[0, 9, 17]"
17,"[9, 17]"
0,"[0, 9, 17]"
17,"[0, 17]"
17,"[0, 17]"
17,[17]
0,"[0, 17]"
0,"[0, 17]"
9,"[0, 15, 17]"
0,"[0, 9, 17]"
0,[17]
17,[17]
9,[9]
17,[17]
0,"[0, 9, 15, 17]"
0,"[0, 17]"
0,"[0, 17]"
0,"[0, 15, 17]"
17,"[0, 17]"
0,"[0, 17]"
15,"[15, 17]"
15,"[15, 17]"
17,[17]
0,"[0, 17]"
0,"[0, 17]"
0,"[0, 9, 17]"
9,[9]
17,[17]
0,"[0, 9, 17]"
17,"[9, 17]"
17,"[9, 17]"
0,"[0, 17]"
0,"[0, 17]"
17,[17]
0,"[0, 17]"
0,"[0, 17]"
0,"[0, 17]"
0,"[0, 17]"
0,"[0, 17]"
0,"[0, 9, 17]"
9,"[0, 9, 15, 17]"
0,"[0, 9, 15, 17]"
17,"[0, 17]"
17,[17]
10,"[6, 10, 17]"
17,"[10, 17]"
17,[17]
1,"[1, 10, 17]"
17,"[2, 17]"
17,"[0, 1, 17]"
2,"[2, 10]"
17,[17]
17,"[0, 1, 17]"
17,[17]
10,[10]
17,"[10, 17]"
17,[17]
17,"[1, 17]"
17,[17]
2,"[2, 10]"
1,"[1, 10]"
17,"[5, 17]"
2,"[2, 17]"
2,"[2, 10]"
17,"[1, 17]"
2,"[2, 10]"
10,"[2, 10]"
17,"[1, 17]"
17,"[10, 17]"
17,[17]
10,"[10, 17]"
5,[5]
1,"[1, 10, 17]"
17,[17]
2,"[2, 10]"
17,[17]
1,[1]
17,[17]
17,[17]
10,"[1, 10, 17]"
17,"[1, 17]"
1,"[1, 10]"
10,"[1, 2, 10]"
1,"[1, 10]"
17,[17]
2,"[2, 5, 6, 10, 17]"
17,"[1, 5, 17]"
17,[17]
1,"[1, 10]"
1,"[1, 17]"
1,[1]
17,[17]
17,"[6, 17]"
17,"[10, 17]"
17,"[1, 17]"
17,"[10, 17]"
17,"[10, 17]"
17,"[1, 17]"
17,"[1, 17]"
5,"[5, 17]"
17,"[1, 17]"
17,"[1, 17]"
2,"[2, 6]"
17,[17]
17,"[1, 17]"
17,[17]
17,[17]
10,"[10, 17]"
17,[17]
1,"[1, 17]"
17,[17]
17,"[6, 17]"
10,"[6, 10, 17]"
17,"[0, 17]"
17,"[2, 17]"
5,"[5, 17]"
17,"[1, 17]"
2,"[1, 2, 10, 17]"
17,"[1, 17]"
17,[17]
17,"[1, 6, 10, 17]"
10,"[2, 10, 17]"
2,"[2, 10, 17]"
17,"[1, 17]"
5,"[5, 17]"
4,"[4, 17]"
2,[2]
2,"[2, 17]"
4,"[2, 4, 17]"
2,[2]
2,"[2, 4, 17]"
4,"[2, 4, 17]"
2,"[2, 17]"
2,"[2, 4]"
4,"[2, 4]"
4,"[2, 3, 4]"
2,"[2, 3, 4]"
2,"[2, 4]"
2,"[2, 3, 4]"
2,"[2, 3, 4]"
4,"[2, 4, 17]"
2,"[2, 4]"
4,"[2, 4, 17]"
2,"[2, 4, 17]"
4,"[2, 4, 17]"
4,"[2, 4, 17]"
2,"[2, 4]"
4,"[2, 4]"
4,"[2, 4, 17]"
2,"[2, 17]"
2,"[2, 4]"
2,"[2, 4]"
2,"[2, 4, 17]"
2,"[2, 4, 17]"
2,"[2, 4, 17]"
2,"[2, 4]"
4,"[2, 4, 17]"
2,[2]
2,"[2, 17]"
2,"[2, 4]"
2,"[2, 4]"
4,"[2, 4, 17]"
2,"[2, 4]"
2,"[2, 4]"
2,"[2, 4, 17]"
2,"[2, 4, 17]"
2,"[2, 17]"
2,[2]
2,[2]
2,[2]
2,[2]
4,"[4, 17]"
2,[2]
2,"[2, 4]"
2,"[2, 4, 17]"
4,"[2, 4, 17]"
2,"[2, 4, 17]"
2,"[2, 4]"
17,[17]
17,"[6, 10, 17]"
2,[2]
2,"[2, 10, 17]"
17,"[10, 17]"
17,[17]
17,[17]
7,"[2, 7, 17]"
17,"[10, 17]"
10,"[7, 10, 17]"
17,[17]
17,[17]
17,[17]
17,[17]
17,"[10, 17]"
5,[5]
7,"[7, 17]"
17,"[10, 17]"
17,"[10, 17]"
5,"[5, 10]"
2,[2]
2,[2]
10,"[2, 10]"
7,"[2, 7, 17]"
2,"[2, 4]"
7,"[7, 10, 17]"
10,"[10, 17]"
17,"[10, 17]"
17,"[10, 17]"
17,"[10, 17]"
17,[17]
17,"[5, 17]"
17,"[2, 17]"
17,[17]
5,"[5, 17]"
10,"[10, 17]"
2,[2]
2,"[2, 4]"
7,"[7, 17]"
7,"[7, 17]"
2,"[2, 4]"
17,"[4, 17]"
17,"[4, 17]"
17,"[2, 17]"
2,"[2, 17]"
17,"[2, 17]"
17,"[2, 17]"
17,[17]
17,"[4, 17]"
2,[2]
5,"[0, 5, 17]"
10,"[10, 17]"
7,"[2, 7, 17]"
17,"[5, 17]"
17,"[2, 17]"
17,"[10, 17]"
7,"[4, 10, 17]"
2,"[2, 4, 17]"
10,"[3, 10]"
17,"[5, 10, 17]"
2,"[2, 10, 17]"
17,[17]
17,"[4, 17]"
2,"[2, 17]"
17,"[5, 17]"
17,"[10, 17]"
10,"[10, 17]"
7,"[2, 7, 17]"
10,"[2, 10]"
17,"[2, 17]"
17,"[5, 17]"
6,"[5, 6, 17]"
6,"[5, 6, 17]"
6,"[5, 6, 17]"
17,"[4, 5, 17]"
5,"[5, 17]"
17,"[10, 17]"
10,"[10, 17]"
17,"[2, 17]"
17,"[2, 17]"
7,"[2, 7, 17]"
17,"[10, 17]"
17,"[2, 10, 17]"
17,"[10, 17]"
6,"[6, 17]"
17,"[10, 17]"
2,"[2, 17]"
7,"[2, 7, 17]"
17,[17]
10,"[2, 10]"
17,"[10, 17]"
17,"[2, 17]"
17,"[10, 17]"
6,"[6, 10]"
2,"[2, 10]"
17,"[10, 17]"
7,"[7, 17]"
17,"[5, 7, 17]"
17,[17]
7,"[5, 7, 17]"
17,"[7, 17]"
7,"[7, 17]"
17,[17]
7,"[5, 7, 17]"
17,[17]
7,"[7, 17]"
7,"[7, 17]"
7,"[7, 17]"
1,"[1, 17]"
17,"[10, 17]"
11,"[6, 11, 17]"
17,[17]
17,[17]
1,"[1, 17]"
17,[17]
17,[17]
17,"[10, 17]"
17,[17]
1,"[1, 17]"
17,[17]
17,[17]
1,"[1, 17]"
17,"[1, 17]"
10,"[5, 10, 17]"
17,"[10, 17]"
10,"[10, 17]"
17,"[10, 17]"
11,"[1, 11, 17]"
17,"[1, 17]"
17,"[6, 17]"
11,"[1, 11]"
17,[17]
17,[17]
17,"[6, 17]"
17,"[1, 17]"
11,"[6, 11, 17]"
17,"[4, 17]"
17,[17]
11,"[6, 11, 17]"
17,"[10, 17]"
10,"[10, 17]"
17,"[10, 17]"
10,"[10, 17]"
10,"[10, 17]"
1,"[1, 17]"
17,[17]
17,"[1, 17]"
17,[17]
17,[17]
17,[17]
17,[17]
17,"[14, 17]"
17,"[14, 17]"
15,[15]
17,[17]
5,"[5, 17]"
17,"[16, 17]"
17,"[14, 17]"
5,"[5, 17]"
0,"[0, 14]"
15,"[0, 15, 17]"
17,"[14, 16, 17]"
15,"[0, 5, 9, 15, 17]"
15,"[5, 14, 15]"
17,[14]
17,"[14, 17]"
17,"[15, 17]"
17,"[14, 17]"
17,"[15, 17]"
0,"[0, 17]"
17,"[14, 17]"
5,"[5, 16, 17]"
17,"[5, 17]"
5,"[5, 14, 17]"
0,"[0, 14]"
14,"[14, 15]"
17,"[14, 17]"
17,"[14, 17]"
14,"[14, 15]"
17,"[5, 14, 17]"
17,"[14, 17]"
5,"[5, 16, 17]"
17,"[14, 17]"
5,"[5, 15, 16]"
17,"[14, 17]"
17,"[14, 17]"
17,"[14, 15, 17]"
5,"[5, 15, 17]"
14,"[14, 15]"
17,"[14, 17]"
5,"[5, 17]"
17,[17]
17,"[14, 17]"
17,"[14, 17]"
5,"[5, 15]"
17,"[16, 17]"
17,"[15, 17]"
17,"[14, 17]"
17,"[14, 16, 17]"
15,"[9, 14, 15, 17]"
17,"[15, 17]"
5,"[5, 15, 17]"
17,"[14, 17]"
17,"[14, 15, 17]"
17,"[14, 15, 17]"
14,"[5, 14, 15, 17]"
17,"[14, 17]"
17,[17]
17,[14]
17,"[14, 17]"
17,"[14, 17]"
17,[14]
17,"[14, 17]"
17,"[14, 17]"
14,"[14, 15, 17]"
17,"[5, 17]"
17,"[14, 17]"
17,[17]
17,"[14, 17]"
17,"[14, 17]"
0,[17]
5,"[5, 15]"
17,"[15, 17]"
16,"[14, 16]"
5,"[5, 15]"
15,"[0, 9, 15, 17]"
0,"[0, 16]"
17,"[5, 17]"
17,"[5, 17]"
17,"[5, 17]"
16,"[14, 16]"
5,"[5, 16, 17]"
17,"[14, 17]"
17,"[16, 17]"
17,[17]
17,"[14, 17]"
17,"[11, 13, 17]"
17,[17]
5,"[5, 17]"
0,"[0, 17]"
17,"[0, 17]"
17,"[14, 17]"
5,"[5, 15]"
17,"[5, 17]"
17,"[14, 17]"
17,"[14, 16, 17]"
17,[17]
17,"[11, 15, 17]"
15,[15]
17,"[15, 17]"
17,"[14, 17]"
5,"[5, 15]"
17,"[14, 17]"
5,"[5, 17]"
16,"[14, 16]"
15,"[15, 17]"
16,"[14, 16, 17]"
17,"[0, 17]"
15,"[15, 17]"
16,"[14, 16, 17]"
17,"[14, 17]"
17,"[14, 17]"
17,"[14, 17]"
14,"[14, 17]"
14,"[14, 16]"
17,"[14, 17]"
14,"[14, 16]"
0,"[0, 17]"
14,[14]
0,"[0, 17]"
14,"[14, 17]"
5,"[5, 17]"
15,[15]
17,"[5, 17]"
17,"[14, 17]"
17,"[0, 17]"
5,[5]
15,[15]
5,"[5, 15]"
17,"[14, 17]"
0,"[0, 14]"
17,"[14, 17]"
0,"[0, 14]"
4,"[4, 16]"
16,"[4, 16]"
17,[14]
17,[14]
16,[16]
17,"[14, 17]"
15,"[9, 15]"
17,"[14, 17]"
17,"[4, 17]"
17,"[0, 14, 17]"
5,"[5, 17]"
4,"[4, 17]"
17,"[15, 17]"
17,"[14, 17]"
14,"[14, 17]"
4,"[4, 14]"
13,"[11, 13, 16, 17]"
0,"[0, 14, 15]"
5,"[5, 17]"
17,"[14, 17]"
17,"[0, 11, 13, 14, 17]"
14,"[11, 14, 17]"
17,"[0, 17]"
5,"[5, 15]"
17,"[5, 9, 17]"
5,"[0, 5]"
17,"[11, 13, 14, 17]"
17,"[14, 17]"
17,"[14, 17]"
15,"[9, 15, 17]"
17,"[15, 17]"
17,[17]
0,"[0, 17]"
17,"[0, 14, 17]"
17,"[9, 14, 17]"
17,"[15, 17]"
15,"[9, 15]"
5,"[5, 17]"
17,[17]
17,[14]
5,[5]
4,"[4, 17]"
13,"[11, 13, 17]"
16,[16]
14,[14]
17,"[14, 17]"
5,"[5, 15]"
17,"[0, 14, 17]"
16,"[11, 13, 14, 16, 17]"
17,"[0, 14, 17]"
13,"[11, 13, 14, 16, 17]"
17,"[14, 17]"
17,"[14, 17]"
17,"[16, 17]"
13,"[11, 13, 14, 17]"
5,"[5, 15]"
14,"[14, 17]"
17,"[14, 17]"
17,"[14, 17]"
17,"[0, 14, 15, 17]"
17,"[14, 15, 17]"
4,[4]
0,"[0, 17]"
15,"[0, 9, 15]"
13,"[11, 13, 17]"
16,"[16, 17]"
14,"[14, 16]"
15,"[14, 15]"
16,[16]
17,"[14, 17]"
16,[16]
5,[5]
15,"[14, 15]"
17,"[14, 17]"
16,"[14, 16]"
17,[17]
17,[17]
5,[5]
0,"[0, 4]"
14,"[14, 16]"
15,"[9, 15]"
17,"[16, 17]"
17,[17]
13,"[11, 13, 16, 17]"
17,[17]
17,"[14, 17]"
13,"[11, 13, 17]"
17,"[9, 17]"
17,"[14, 17]"
14,"[14, 16]"
0,"[0, 14]"
5,"[5, 16]"
17,"[16, 17]"
5,"[5, 16]"
17,"[16, 17]"
16,"[14, 16]"
17,"[14, 16, 17]"
17,"[9, 17]"
17,"[14, 17]"
14,"[14, 17]"
17,[17]
17,"[14, 15, 17]"
0,"[9, 15]"
13,"[11, 13, 17]"
17,"[14, 15, 17]"
17,"[15, 17]"
5,"[5, 11, 13, 17]"
0,"[0, 14, 17]"
14,"[0, 17]"
17,"[0, 17]"
17,"[0, 17]"
17,"[14, 16, 17]"
16,"[14, 16, 17]"
17,"[15, 17]"
13,"[11, 13, 16, 17]"
0,"[0, 14, 17]"
17,[17]
17,"[14, 17]"
15,"[9, 15]"
15,"[14, 15]"
17,"[9, 14]"
17,[17]
17,"[9, 14, 15]"
13,"[11, 13, 17]"
2,"[2, 4, 17]"
4,"[3, 4, 17]"
2,"[2, 4, 17]"
2,"[2, 4, 17]"
4,"[2, 4, 17]"
17,"[2, 3, 4, 17]"
17,"[2, 3, 4, 17]"
2,"[2, 3, 17]"
17,"[2, 3, 17]"
2,"[2, 3, 17]"
2,"[2, 17]"
4,"[2, 3, 4, 17]"
3,"[3, 4, 17]"
4,"[3, 4, 17]"
4,"[2, 4, 17]"
4,"[4, 17]"
2,"[2, 17]"
3,"[3, 4, 17]"
4,"[4, 17]"
2,"[2, 17]"
2,"[2, 3, 17]"
2,[2]
4,"[2, 3, 4, 17]"
3,"[3, 4]"
2,[2]
2,[2]
4,"[3, 4]"
3,"[3, 17]"
4,"[3, 4]"
17,"[3, 4, 17]"
17,"[3, 4, 17]"
2,"[2, 3, 4]"
2,"[2, 3]"
3,"[3, 4, 17]"
2,"[2, 4, 17]"
2,"[2, 4, 17]"
2,"[2, 4, 17]"
2,"[2, 4, 17]"
5,"[5, 17]"
5,"[4, 5]"
0,"[0, 5, 17]"
5,"[5, 8, 17]"
5,"[5, 17]"
2,"[2, 4, 17]"
4,"[2, 4]"
6,"[6, 17]"
8,"[5, 8, 17]"
5,"[5, 9, 17]"
3,"[3, 4]"
17,"[3, 17]"
0,"[5, 17]"
11,"[6, 11, 17]"
4,"[4, 17]"
11,"[5, 11]"
2,"[2, 3]"
17,"[3, 17]"
8,"[5, 8, 17]"
2,"[2, 4, 17]"
5,"[5, 8, 17]"
5,"[5, 17]"
17,"[2, 17]"
0,"[0, 5, 17]"
3,"[3, 4, 17]"
17,"[3, 17]"
8,"[4, 5, 8, 11, 17]"
5,"[5, 8, 17]"
0,"[0, 5, 17]"
11,"[6, 11]"
5,"[5, 17]"
8,"[5, 8, 10, 17]"
4,"[4, 17]"
0,"[0, 5, 10, 17]"
2,"[2, 5, 17]"
6,"[6, 17]"
2,"[2, 4, 17]"
8,"[5, 17]"
5,"[5, 17]"
5,"[5, 17]"
5,[5]
2,[2]
5,[5]
11,[11]
3,[3]
3,"[3, 4, 17]"
2,"[2, 3, 4, 17]"
5,"[5, 17]"
2,"[2, 5, 17]"
2,"[2, 3, 4, 17]"
17,[17]
17,"[2, 17]"
5,[5]
2,"[2, 4]"
2,"[2, 17]"
5,"[5, 8, 17]"
5,"[3, 5, 11, 17]"
0,"[0, 5, 17]"
2,"[2, 4, 17]"
5,"[5, 8, 17]"
3,"[3, 4]"
5,"[5, 8, 17]"
17,[17]
2,"[2, 4, 17]"
6,"[5, 6, 17]"
5,"[0, 5, 17]"
11,"[3, 11, 17]"
5,"[5, 17]"
8,"[8, 17]"
2,"[2, 5]"
2,"[2, 17]"
2,"[2, 17]"
0,"[0, 17]"
17,"[2, 3, 17]"
17,[17]
5,"[5, 17]"
0,"[0, 5, 17]"
8,"[0, 8, 17]"
5,"[0, 5, 17]"
8,"[8, 17]"
6,"[6, 17]"
17,"[2, 17]"
17,[17]
11,"[6, 11, 17]"
11,"[5, 11, 17]"
5,"[5, 8, 17]"
4,"[4, 17]"
17,"[2, 6, 17]"
0,"[0, 5, 17]"
5,"[5, 17]"
5,"[0, 5, 17]"
5,"[0, 5, 17]"
5,"[5, 8, 17]"
5,"[4, 5]"
0,"[0, 17]"
2,"[2, 4]"
2,"[2, 17]"
6,"[5, 6, 17]"
11,[11]
0,"[0, 5, 17]"
8,"[5, 8, 17]"
4,"[2, 4, 6, 17]"
5,"[5, 8, 17]"
2,"[2, 4, 17]"
8,"[5, 8, 17]"
5,"[5, 8, 17]"
5,"[5, 17]"
17,"[2, 5, 17]"
11,"[4, 5, 11, 17]"
17,"[5, 17]"
5,"[0, 5, 17]"
0,"[0, 5, 17]"
0,"[0, 5, 17]"
11,"[4, 6, 11, 17]"
2,"[2, 17]"
5,"[5, 17]"
5,"[5, 8, 17]"
17,"[5, 17]"
0,"[0, 17]"
8,"[8, 17]"
17,"[6, 17]"
2,"[2, 17]"
2,"[2, 4]"
8,"[8, 17]"
2,"[2, 4, 6]"
2,"[2, 4, 17]"
2,"[2, 17]"
8,"[2, 8, 17]"
2,[2]
8,"[8, 17]"
8,"[8, 17]"
2,[2]
2,[2]
2,"[2, 17]"
2,"[2, 4]"
17,[17]
8,"[8, 17]"
17,[17]
2,"[2, 4]"
2,[2]
2,"[2, 17]"
8,"[8, 17]"
2,"[2, 4]"
2,"[2, 10]"
2,"[2, 10]"
2,"[2, 10, 17]"
2,"[2, 6]"
2,[2]
2,[2]
4,[4]
2,[2]
2,"[2, 17]"
2,"[2, 4]"
8,"[8, 17]"
8,"[8, 17]"
8,[8]
2,"[2, 17]"
4,"[2, 4]"
17,"[2, 6, 17]"
2,"[2, 4, 6]"
2,"[2, 4]"
8,"[2, 8, 17]"
2,"[2, 4]"
2,[2]
8,"[8, 17]"
2,"[2, 10]"
2,"[2, 10]"
2,[2]
2,[2]
2,[2]
2,"[2, 17]"
4,[4]
8,"[8, 17]"
2,"[2, 10, 17]"
2,"[2, 17]"
8,"[8, 17]"
8,"[8, 17]"
2,"[2, 10]"
8,"[8, 17]"
2,"[2, 4]"
2,"[2, 4]"
17,[17]
8,"[8, 17]"
2,"[2, 4]"
2,"[2, 6, 17]"
2,"[2, 4]"
8,"[8, 17]"
2,"[2, 4]"
8,"[8, 17]"
2,"[2, 17]"
8,"[8, 17]"
8,[17]
2,"[2, 6, 17]"
4,"[2, 4]"
2,"[2, 4, 17]"
2,"[2, 4, 6]"
2,"[2, 6, 17]"
2,"[2, 4]"
8,"[8, 17]"
8,"[8, 17]"
2,"[2, 4, 6]"
8,"[8, 17]"
2,"[2, 4, 6]"
2,"[2, 4, 6]"
2,"[2, 4, 6]"
8,"[8, 17]"
2,"[2, 17]"
4,"[10, 17]"
2,"[2, 17]"
2,"[2, 17]"
2,"[2, 4, 6, 17]"
2,"[2, 4, 17]"
7,"[7, 17]"
7,"[7, 17]"
7,"[7, 17]"
2,"[2, 17]"
10,[10]
10,[10]
2,"[2, 17]"
10,[10]
2,[2]
2,[2]
10,[10]
10,[10]
2,[2]
10,[10]
10,[10]
10,[10]
2,"[2, 17]"
10,[10]
10,[10]
10,"[10, 17]"
2,[2]
2,[2]
10,"[2, 10]"
2,"[2, 10]"
10,"[2, 10, 17]"
7,"[7, 17]"
7,"[7, 17]"
2,"[2, 10]"
10,"[2, 10]"
10,[10]
7,"[7, 17]"
10,[10]
10,[10]
7,"[7, 10, 17]"
10,"[2, 10]"
10,[10]
2,"[2, 10]"
2,[2]
2,[2]
7,"[2, 7, 17]"
10,"[2, 10]"
2,"[2, 10]"
7,"[7, 17]"
7,"[2, 7, 10, 17]"
10,"[2, 10]"
10,"[10, 17]"
2,"[2, 4]"
2,"[2, 4]"
2,"[2, 4, 17]"
10,"[10, 17]"
10,[10]
2,"[2, 10]"
7,"[7, 10, 17]"
2,[2]
7,"[7, 17]"
2,"[2, 10, 17]"
2,"[2, 10]"
10,"[10, 17]"
10,"[2, 10]"
10,"[7, 10, 17]"
10,"[10, 17]"
10,"[10, 17]"
7,"[7, 17]"
2,[2]
7,"[7, 17]"
7,"[7, 17]"
2,"[2, 10]"
2,"[2, 10, 17]"
2,"[2, 17]"
17,"[0, 17]"
17,"[0, 17]"
17,"[0, 17]"
17,"[0, 17]"
17,"[0, 17]"
17,"[0, 17]"
17,[17]
17,"[0, 1, 17]"
17,"[0, 17]"
17,[17]
4,"[2, 4, 6, 17]"
2,"[2, 4, 17]"
2,"[2, 4]"
2,"[2, 4]"
17,"[5, 17]"
2,"[2, 5, 17]"
5,"[5, 17]"
2,[2]
2,[2]
4,"[2, 4]"
5,"[2, 5]"
5,"[5, 17]"
2,[2]
2,[2]
2,"[2, 17]"
2,"[2, 10]"
2,"[2, 4, 17]"
2,"[2, 5, 17]"
2,"[2, 4]"
2,"[2, 6]"
2,[2]
2,"[2, 4]"
5,"[5, 17]"
2,"[2, 5]"
2,[2]
2,[2]
2,"[2, 4, 6, 17]"
4,"[4, 17]"
17,"[4, 17]"
4,"[4, 5, 17]"
2,"[2, 5]"
5,"[2, 5]"
2,"[2, 5]"
2,"[2, 4]"
4,[17]
2,[2]
2,[2]
4,"[4, 17]"
2,"[2, 4]"
2,"[2, 17]"
2,"[2, 4]"
17,"[4, 17]"
2,"[2, 4, 17]"
2,"[2, 4, 17]"
2,"[2, 4]"
2,[2]
2,"[2, 4]"
2,"[2, 4]"
17,[17]
2,"[2, 4]"
2,[2]
4,"[2, 4]"
2,"[2, 4]"
2,"[2, 4]"
17,"[2, 17]"
2,"[2, 5]"
2,"[2, 4]"
2,"[2, 4]"
2,"[2, 5]"
4,"[2, 4, 17]"
5,"[2, 5]"
2,"[2, 4]"
2,"[2, 4]"
2,"[2, 4]"
5,"[2, 5]"
2,[2]
2,"[2, 17]"
2,"[2, 4]"
2,"[2, 4, 17]"
2,"[2, 4, 17]"
17,[17]
4,"[2, 4, 17]"
17,[17]
2,"[2, 17]"
4,"[2, 4]"
17,"[4, 17]"
5,"[4, 5, 17]"
2,"[2, 4]"
2,"[2, 4, 17]"
2,"[2, 6]"
2,"[2, 4]"
2,"[2, 5, 17]"
17,[17]
2,"[2, 4, 17]"
2,"[2, 4]"
5,"[5, 17]"
5,"[2, 5, 6, 17]"
17,[17]
2,"[2, 4, 17]"
2,"[2, 17]"
17,"[2, 4, 17]"
2,"[2, 4, 17]"
17,"[2, 17]"
2,"[4, 17]"
17,"[2, 17]"
2,"[2, 17]"
2,[2]
2,"[2, 17]"
2,"[2, 4, 17]"
2,"[0, 2, 5, 17]"
2,"[2, 17]"
17,"[2, 4, 17]"
2,"[2, 4, 17]"
2,"[2, 4, 17]"
17,"[2, 17]"
2,"[2, 4]"
2,"[2, 4]"
2,"[2, 4]"
2,"[2, 4]"
4,"[2, 4, 17]"
2,"[2, 4]"
17,"[2, 17]"
2,"[2, 4, 17]"
2,"[2, 17]"
2,"[2, 4, 17]"
2,"[2, 4, 17]"
4,[4]
17,[17]
17,[17]
17,[17]
2,[2]
2,[2]
4,[4]
17,[17]
2,"[2, 4, 17]"
2,"[2, 4]"
4,"[2, 4]"
2,"[2, 4]"
17,"[4, 17]"
2,"[2, 4]"
17,[17]
2,[2]
17,[17]
17,[17]
2,"[2, 17]"
2,"[2, 4, 17]"
2,"[2, 4]"
2,"[2, 4, 17]"
17,"[4, 17]"
2,"[2, 4]"
6,"[6, 10, 17]"
6,"[2, 6, 17]"
2,"[2, 3, 17]"
10,"[6, 10]"
0,"[0, 2, 3, 17]"
2,"[1, 2, 6, 10]"
2,"[1, 2, 10]"
2,"[1, 2, 6, 10]"
5,"[5, 17]"
17,"[1, 5, 17]"
5,"[1, 5, 17]"
10,"[1, 2, 6, 10, 17]"
1,"[1, 10, 17]"
2,"[1, 2, 6, 10]"
5,"[1, 5, 17]"
17,[17]
10,[10]
17,"[2, 17]"
10,"[10, 17]"
17,[17]
8,"[8, 17]"
6,"[2, 6, 17]"
8,"[8, 10, 17]"
1,"[1, 2, 10]"
8,"[8, 17]"
0,"[0, 2, 17]"
8,"[8, 10, 17]"
0,"[0, 2, 17]"
8,"[8, 17]"
17,[17]
2,"[2, 17]"
8,"[8, 17]"
5,"[1, 5, 17]"
17,"[2, 17]"
1,"[1, 10, 17]"
6,"[2, 6, 10, 17]"
8,"[8, 17]"
2,"[1, 2, 17]"
10,"[2, 6, 10]"
2,"[1, 2, 17]"
17,"[6, 17]"
0,"[0, 2, 6, 17]"
8,"[8, 17]"
0,"[0, 2, 17]"
17,"[1, 8, 17]"
1,"[1, 6]"
2,"[2, 6]"
17,[17]
8,"[8, 17]"
17,"[0, 17]"
5,"[5, 17]"
6,"[2, 6, 10, 17]"
1,"[1, 17]"
2,"[2, 17]"
8,"[8, 17]"
2,"[2, 17]"
5,[17]
17,"[2, 17]"
2,[2]
17,[17]
2,"[2, 17]"
2,[2]
17,[17]
2,[2]
2,[2]
2,"[2, 17]"
17,"[2, 17]"
2,"[2, 17]"
2,"[2, 17]"
2,"[2, 17]"
17,[17]
17,[17]
2,[2]
17,"[2, 17]"
2,[2]
2,"[2, 17]"
5,"[2, 5]"
17,[17]
2,[2]
2,[2]
17,[17]
5,[5]
2,[2]
5,"[2, 5]"
17,[17]
17,"[2, 17]"
2,[2]
17,[17]
2,[2]
2,[2]
5,"[5, 17]"
2,[2]
17,[17]
2,[2]
2,"[2, 6]"
2,"[2, 6]"
17,"[2, 17]"
2,"[2, 6]"
0,[17]
17,[14]
14,"[14, 17]"
17,[14]
5,"[5, 17]"
17,"[14, 17]"
15,"[14, 15]"
5,"[5, 15]"
17,"[14, 15, 16, 17]"
0,"[0, 5]"
13,"[11, 13, 14, 17]"
5,"[5, 15]"
16,"[11, 13, 14, 16, 17]"
13,"[11, 13, 16, 17]"
16,"[14, 15, 16]"
0,"[6, 17]"
0,[9]
0,[17]
0,[17]
15,[15]
16,"[11, 16, 17]"
14,"[14, 15, 17]"
15,"[0, 15, 17]"
0,"[0, 5, 15]"
13,"[11, 13, 17]"
15,"[14, 15]"
13,"[11, 13, 17]"
16,[16]
13,"[11, 13, 17]"
14,"[14, 15]"
14,"[14, 15]"
15,"[14, 15]"
5,"[5, 16]"
14,"[14, 15]"
16,"[14, 16]"
0,"[0, 14]"
17,"[14, 17]"
5,"[5, 15]"
0,"[0, 5]"
0,"[0, 14, 17]"
17,"[6, 17]"
17,[17]
2,[2]
6,"[6, 17]"
2,"[2, 6]"
2,"[2, 4, 6]"
4,"[2, 4, 17]"
6,"[2, 6]"
2,"[2, 4, 17]"
2,"[2, 4, 17]"
17,"[4, 6, 17]"
2,"[2, 6, 17]"
2,"[2, 8, 17]"
2,"[2, 4, 8, 17]"
4,"[4, 17]"
2,"[2, 6]"
4,[4]
2,"[2, 4]"
5,"[5, 17]"
5,"[2, 5]"
6,"[2, 6]"
2,"[2, 17]"
2,"[2, 6]"
2,"[2, 17]"
4,[4]
2,[2]
2,"[2, 6, 17]"
4,"[2, 4]"
6,"[2, 4, 6]"
17,"[6, 17]"
17,"[4, 6, 17]"
6,"[2, 6, 8, 17]"
2,"[2, 4, 8, 17]"
2,"[2, 6, 8, 17]"
2,"[2, 5, 17]"
6,"[2, 6, 8, 17]"
2,"[2, 4, 17]"
2,"[2, 8, 17]"
17,"[2, 6, 17]"
6,"[2, 6, 8, 17]"
2,"[2, 4, 17]"
2,"[2, 4]"
5,"[2, 5]"
17,"[2, 17]"
2,"[2, 17]"
2,"[2, 17]"
4,"[2, 4, 17]"
4,"[2, 4]"
4,"[4, 17]"
17,"[2, 6, 17]"
4,[4]
2,"[2, 4, 6, 17]"
4,[4]
6,"[4, 6]"
2,"[2, 4, 17]"
2,"[2, 4]"
2,"[3, 17]"
5,"[5, 17]"
2,"[2, 17]"
2,"[2, 17]"
5,"[5, 17]"
2,"[2, 6]"
2,"[2, 6]"
2,"[2, 6]"
6,"[2, 6]"
2,"[2, 4]"
17,"[2, 6, 17]"
6,"[6, 17]"
2,"[2, 4, 8, 17]"
17,"[10, 17]"
17,"[10, 17]"
17,"[10, 17]"
6,"[5, 6, 10]"
7,"[7, 17]"
17,[17]
5,"[5, 17]"
17,[17]
2,"[2, 17]"
17,[17]
17,[17]
17,"[2, 10, 17]"
2,[2]
17,[17]
7,"[7, 17]"
17,"[10, 17]"
6,"[5, 10]"
17,[17]
5,[5]
17,"[5, 17]"
17,"[10, 17]"
17,"[10, 17]"
17,"[10, 17]"
17,"[10, 17]"
8,"[8, 17]"
7,"[5, 7, 17]"
17,"[10, 17]"
6,"[6, 10]"
10,"[10, 17]"
2,"[2, 4, 17]"
17,[17]
17,[17]
6,[17]
17,"[10, 17]"
10,"[2, 10, 17]"
17,"[8, 10, 17]"
17,"[2, 17]"
17,[17]
17,"[5, 10, 17]"
17,"[2, 5, 10, 17]"
17,"[10, 17]"
17,"[5, 17]"
2,"[2, 17]"
17,"[5, 10, 17]"
17,"[5, 10, 17]"
2,"[2, 5, 17]"
2,"[2, 10, 17]"
10,"[2, 10, 17]"
17,"[10, 17]"
5,"[5, 6, 10]"
17,"[2, 10, 17]"
17,"[2, 10, 17]"
2,"[2, 10, 17]"
17,"[10, 17]"
17,"[10, 17]"
2,"[2, 17]"
6,"[5, 6, 10, 17]"
17,"[2, 10, 17]"
17,"[2, 10, 17]"
2,"[2, 17]"
17,"[2, 10, 17]"
2,"[2, 17]"
17,"[8, 10, 17]"
8,"[8, 10, 17]"
17,"[2, 10, 17]"
17,"[10, 17]"
17,"[2, 10, 17]"
17,[17]
17,"[10, 17]"
8,[17]
6,"[5, 6, 17]"
2,"[2, 17]"
17,"[10, 17]"
17,[17]
2,"[2, 10, 17]"
17,[17]
17,[17]
6,[6]
17,[17]
7,"[7, 17]"
17,[17]
17,"[10, 17]"
17,"[10, 17]"
17,"[10, 17]"
17,"[2, 17]"
17,"[4, 17]"
17,[17]
17,"[8, 17]"
6,"[5, 6, 17]"
17,"[6, 17]"
17,"[6, 17]"
17,[17]
17,"[10, 17]"
6,"[0, 17]"
17,"[10, 17]"
8,"[8, 17]"
17,"[2, 17]"
17,[17]
2,[2]
17,"[4, 17]"
6,[6]
17,[17]
7,"[5, 7, 17]"
2,"[2, 17]"
17,[17]
17,"[10, 17]"
17,"[10, 17]"
5,"[5, 17]"
17,"[10, 17]"
17,[17]
17,"[5, 10, 17]"
17,"[10, 17]"
2,"[2, 4]"
17,"[2, 10, 17]"
5,[5]
17,"[5, 17]"
17,"[5, 17]"
8,"[8, 10, 17]"
17,"[5, 17]"
17,"[5, 17]"
6,"[6, 11, 15]"
0,"[0, 17]"
2,"[2, 6, 17]"
0,"[0, 6, 9, 17]"
0,"[0, 5, 6, 9, 17]"
17,"[5, 17]"
0,[]
17,[17]
9,"[9, 17]"
2,[2]
2,"[2, 17]"
9,"[0, 6, 9, 17]"
0,"[0, 17]"
17,[17]
15,"[15, 17]"
17,"[9, 17]"
2,"[2, 4, 6]"
6,"[0, 6, 17]"
0,"[0, 15, 17]"
2,"[2, 6, 17]"
2,"[2, 4, 6, 17]"
17,[4]
0,"[0, 17]"
2,"[2, 4, 17]"
2,"[2, 4, 17]"
0,"[0, 9, 17]"
2,"[2, 4, 6, 17]"
2,"[2, 4, 9]"
0,"[0, 5, 17]"
6,"[0, 6, 15, 17]"
17,[17]
17,"[2, 17]"
17,"[5, 17]"
0,"[0, 17]"
2,[2]
0,"[0, 9, 17]"
17,[17]
2,[2]
5,[5]
0,"[0, 5, 17]"
0,"[0, 17]"
2,"[2, 4]"
2,"[2, 17]"
0,"[0, 17]"
17,[17]
17,[17]
0,"[0, 9, 17]"
6,"[2, 4, 6]"
4,"[4, 17]"
6,"[0, 6, 15, 17]"
2,"[2, 4, 17]"
17,[17]
9,[9]
0,"[0, 17]"
2,"[2, 4, 17]"
15,"[0, 15, 17]"
2,"[2, 4]"
2,"[2, 4, 17]"
0,[15]
2,"[2, 4, 17]"
0,"[0, 17]"
0,"[0, 17]"
0,"[0, 15, 17]"
2,"[2, 4]"
2,"[2, 4]"
0,"[0, 6, 17]"
15,"[6, 15]"
4,"[2, 4]"
17,[17]
0,"[0, 9, 17]"
15,"[15, 17]"
6,"[2, 4, 6]"
0,"[0, 6, 17]"
9,"[6, 9, 17]"
6,"[2, 6]"
0,"[0, 9, 17]"
0,"[0, 17]"
0,"[0, 17]"
17,"[0, 17]"
17,[17]
17,[17]
17,"[5, 17]"
0,"[0, 15, 17]"
0,"[0, 9, 15, 17]"
17,[17]
2,"[2, 4, 17]"
2,"[2, 4, 17]"
2,"[2, 4, 17]"
5,"[5, 17]"
17,[17]
6,"[2, 6]"
17,"[5, 17]"
2,"[2, 4, 17]"
5,"[5, 17]"
17,[17]
17,[17]
17,[17]
4,[4]
6,"[4, 6, 17]"
17,"[5, 17]"
17,[17]
17,[17]
6,"[6, 17]"
5,[5]
5,[5]
4,"[2, 4, 17]"
15,"[6, 9, 15, 17]"
2,"[2, 6]"
2,"[2, 4, 17]"
0,"[0, 5, 6, 17]"
2,"[2, 4]"
0,"[0, 9, 17]"
4,"[4, 17]"
17,[17]
17,"[10, 17]"
2,"[2, 17]"
2,"[2, 17]"
2,[2]
2,"[3, 17]"
2,[17]
2,[17]
2,[17]
2,[17]
2,[2]
2,[2]
2,[2]
2,[2]
2,"[2, 17]"
2,[2]
2,[2]
2,[2]
4,"[2, 4, 17]"
2,[2]
2,"[2, 17]"
2,"[2, 17]"
2,"[2, 17]"
2,[2]
2,[2]
2,[2]
2,[2]
2,"[2, 17]"
2,"[2, 17]"
2,[2]
2,[2]
2,[17]
2,[17]
2,[17]
2,[2]
2,[2]
2,[2]
2,[2]
2,[2]
2,[2]
2,"[2, 17]"
2,"[2, 17]"
2,[2]
2,[2]
2,"[2, 4, 17]"
2,"[2, 17]"
2,[2]
2,[2]
2,[2]
2,[2]
4,"[2, 4]"
2,"[2, 17]"
4,"[4, 17]"
2,[2]
2,[2]
2,[2]
2,"[2, 4]"
2,"[2, 17]"
2,[2]
2,"[2, 17]"
2,"[2, 17]"
2,[2]
2,[2]
2,"[2, 17]"
2,"[2, 17]"
2,"[2, 17]"
2,[2]
2,[2]
2,[2]
2,[2]
2,[2]
2,[2]
2,[17]
2,"[2, 4]"
2,[2]
2,"[2, 4, 17]"
2,[2]
2,[2]
2,"[2, 17]"
2,"[2, 17]"
2,[2]
2,[2]
2,[2]
2,[2]
4,"[4, 17]"
2,[2]
2,[2]
2,[2]
2,[2]
2,[2]
4,"[4, 6, 17]"
2,[2]
2,[2]
2,[2]
2,[2]
2,[2]
2,[2]
2,[2]
2,[2]
2,[2]
2,"[2, 17]"
2,"[2, 17]"
2,[2]
2,"[2, 4]"
2,"[2, 17]"
2,"[2, 17]"
2,[2]
2,"[2, 17]"
2,"[2, 17]"
2,[2]
2,[2]
2,[2]
2,[2]
2,[2]
2,[2]
2,[2]
2,"[2, 17]"
2,[2]
2,[2]
17,"[3, 17]"
4,"[3, 4]"
17,[17]
0,"[0, 11, 17]"
8,"[8, 17]"
17,[17]
17,"[4, 17]"
3,[3]
17,[17]
17,[17]
2,[2]
17,"[3, 17]"
8,"[8, 17]"
0,"[0, 17]"
8,"[8, 17]"
2,[2]
2,"[2, 17]"
17,[17]
8,"[3, 8, 17]"
2,"[2, 17]"
4,"[3, 4]"
0,"[0, 1, 5, 17]"
0,"[0, 1, 5, 17]"
8,"[8, 17]"
11,"[11, 17]"
11,"[11, 17]"
3,"[3, 17]"
4,"[3, 4]"
17,"[8, 17]"
17,"[0, 17]"
8,"[8, 17]"
17,"[3, 17]"
17,[17]
17,"[6, 17]"
0,"[5, 6]"
8,"[3, 8, 17]"
17,"[0, 6, 17]"
4,"[3, 17]"
17,"[6, 17]"
0,"[0, 17]"
8,"[3, 8, 17]"
8,"[3, 8]"
8,"[3, 8]"
4,"[3, 17]"
17,"[3, 17]"
17,"[3, 17]"
17,"[3, 17]"
8,"[3, 8, 17]"
17,"[0, 6, 17]"
8,"[8, 17]"
8,"[3, 8, 17]"
8,"[3, 8, 17]"
8,"[3, 8, 17]"
11,"[3, 6, 11, 17]"
17,"[3, 17]"
8,"[3, 8, 17]"
8,"[8, 17]"
17,"[4, 17]"
8,"[8, 17]"
17,[17]
17,"[3, 17]"
17,"[3, 17]"
8,"[3, 8, 17]"
17,"[3, 17]"
8,"[3, 8, 17]"
11,"[3, 6, 11, 17]"
3,"[3, 17]"
0,"[0, 17]"
8,"[3, 8, 17]"
17,"[3, 17]"
3,"[3, 17]"
3,"[3, 4, 17]"
8,"[3, 8, 17]"
17,"[0, 17]"
17,"[4, 11, 17]"
17,"[3, 4, 17]"
4,"[3, 4, 17]"
8,"[7, 8, 17]"
17,"[3, 4, 17]"
8,"[7, 8, 17]"
17,[17]
8,"[8, 17]"
17,[17]
4,"[4, 17]"
8,"[7, 8, 17]"
4,"[3, 4, 17]"
17,"[3, 17]"
17,"[3, 17]"
17,"[3, 17]"
17,"[0, 2, 3, 7, 17]"
17,"[2, 3, 7, 17]"
11,"[0, 4, 6, 11, 17]"
4,"[3, 4]"
8,"[8, 17]"
17,"[10, 17]"
17,[17]
0,"[0, 17]"
4,"[3, 4]"
17,"[3, 17]"
17,"[3, 17]"
17,[17]
8,"[3, 8, 17]"
8,"[8, 17]"
17,"[3, 17]"
8,"[3, 8, 17]"
0,"[0, 3, 17]"
2,"[2, 17]"
17,[17]
17,"[1, 17]"
1,"[1, 17]"
17,"[2, 10, 17]"
17,"[1, 17]"
17,"[6, 17]"
17,"[6, 17]"
17,[17]
17,"[1, 17]"
17,"[6, 17]"
17,"[6, 10, 17]"
17,[17]
6,"[6, 17]"
17,"[1, 5, 17]"
2,"[1, 2, 7, 10, 17]"
1,"[1, 17]"
1,"[1, 5, 17]"
17,"[7, 10, 17]"
17,"[0, 1, 5, 17]"
17,"[1, 10, 17]"
17,[17]
17,"[2, 10, 17]"
17,"[1, 2, 10, 17]"
17,[17]
2,"[1, 2, 6, 10, 17]"
17,[17]
2,"[2, 10, 17]"
17,"[6, 17]"
17,"[0, 1, 17]"
5,"[1, 5]"
17,"[0, 1, 5, 17]"
17,"[0, 17]"
17,"[10, 17]"
5,"[5, 17]"
10,"[10, 17]"
2,"[2, 10]"
10,[10]
2,[2]
17,[17]
10,[10]
2,[2]
6,"[6, 17]"
17,"[6, 17]"
17,"[1, 17]"
17,"[6, 17]"
6,"[6, 17]"
1,"[1, 17]"
17,"[1, 17]"
17,[17]
17,"[0, 1, 17]"
17,[17]
1,"[1, 17]"
2,"[2, 4]"
17,[17]
1,[1]
17,"[0, 1, 17]"
17,[17]
10,[10]
17,[17]
10,"[10, 17]"
10,"[6, 10]"
2,"[1, 2, 10]"
6,"[6, 17]"
10,"[10, 17]"
17,"[1, 5, 17]"
17,"[5, 17]"
5,"[5, 17]"
5,"[5, 17]"
2,"[2, 10]"
17,"[6, 17]"
1,"[1, 2, 10, 17]"
17,[17]
5,"[0, 5, 17]"
17,[17]
6,"[6, 17]"
17,"[6, 17]"
17,[17]
17,"[6, 17]"
17,"[6, 17]"
17,"[0, 1, 17]"
17,[17]
1,"[1, 5]"
10,"[2, 10, 17]"
17,[17]
17,"[1, 10, 17]"
17,"[6, 17]"
17,"[10, 17]"
10,"[10, 17]"
17,"[1, 17]"
17,"[6, 17]"
17,"[10, 17]"
17,[17]
17,"[10, 17]"
2,"[2, 17]"
2,"[2, 17]"
17,"[10, 17]"
0,"[0, 2, 17]"
17,"[10, 17]"
2,"[2, 10]"
0,"[0, 2, 10, 17]"
17,"[2, 10, 17]"
17,"[10, 17]"
17,"[10, 17]"
17,"[2, 10]"
17,"[2, 17]"
17,"[10, 17]"
17,"[2, 10, 17]"
17,"[2, 17]"
17,[17]
2,"[2, 10]"
2,"[2, 10, 17]"
0,"[2, 17]"
2,[2]
17,[17]
17,"[10, 17]"
17,"[4, 17]"
0,[10]
10,[]
2,"[2, 4, 17]"
6,"[6, 17]"
17,"[4, 10, 17]"
2,[2]
17,"[10, 17]"
2,"[2, 17]"
6,"[6, 17]"
17,"[4, 6, 17]"
10,"[10, 17]"
2,[2]
17,"[4, 6, 17]"
17,"[6, 17]"
17,"[4, 6, 17]"
0,"[0, 10, 17]"
2,"[2, 10, 17]"
0,"[0, 17]"
17,[17]
17,[17]
17,"[4, 17]"
17,"[2, 10, 17]"
17,"[4, 17]"
17,"[2, 4, 17]"
17,[17]
10,"[10, 17]"
17,"[2, 6, 10, 17]"
17,"[10, 17]"
2,"[2, 6, 10, 17]"
10,[10]
17,"[10, 17]"
2,"[2, 10]"
17,"[10, 17]"
17,"[10, 17]"
17,[17]
17,[17]
17,[17]
17,[17]
10,"[4, 17]"
10,"[10, 17]"
2,"[2, 17]"
17,"[4, 17]"
17,[17]
10,[10]
17,"[6, 10, 17]"
17,"[10, 17]"
17,"[2, 17]"
6,"[2, 6, 10]"
17,"[10, 17]"
17,"[6, 10, 17]"
2,"[2, 4, 17]"
10,"[10, 17]"
2,"[2, 4, 17]"
2,"[2, 17]"
2,"[2, 10, 17]"
17,"[2, 4, 17]"
17,"[4, 6, 17]"
17,"[10, 17]"
17,"[4, 6, 17]"
0,"[0, 2, 17]"
2,"[2, 4]"
0,"[0, 5, 17]"
17,"[10, 17]"
17,"[6, 17]"
2,[2]
17,[17]
17,"[4, 17]"
0,"[0, 2, 17]"
17,"[4, 17]"
17,"[2, 4, 17]"
17,"[6, 10, 17]"
2,"[2, 17]"
17,"[2, 17]"
2,"[2, 17]"
17,[17]
17,"[2, 17]"
10,"[10, 17]"
17,"[6, 10, 17]"
17,"[4, 17]"
2,"[2, 4, 17]"
2,"[2, 6]"
17,"[6, 17]"
17,"[4, 17]"
2,"[2, 17]"
17,"[4, 17]"
2,"[2, 4, 17]"
6,"[2, 6]"
17,"[10, 17]"
17,"[2, 10, 17]"
17,"[4, 17]"
17,"[10, 17]"
17,[17]
17,"[10, 17]"
17,"[10, 17]"
17,"[4, 17]"
17,[17]
17,[17]
2,"[2, 17]"
2,[2]
17,[17]
17,"[10, 17]"
6,"[6, 17]"
17,"[10, 17]"
2,"[2, 17]"
2,"[2, 17]"
17,"[10, 17]"
0,"[0, 2, 17]"
17,"[6, 17]"
2,"[0, 2, 17]"
2,"[2, 17]"
17,"[5, 17]"
2,"[2, 4]"
2,"[2, 4]"
6,"[5, 6, 17]"
2,"[2, 4]"
17,[17]
2,[2]
6,"[5, 6, 17]"
2,"[2, 4]"
2,"[2, 4]"
17,"[6, 17]"
5,"[5, 17]"
4,"[2, 4]"
5,"[5, 17]"
5,[5]
2,"[2, 17]"
2,"[2, 4]"
4,[4]
17,"[2, 17]"
5,"[5, 17]"
2,"[2, 17]"
2,"[2, 17]"
2,"[2, 17]"
2,[2]
2,[2]
17,[17]
2,"[2, 17]"
2,[2]
17,"[2, 17]"
4,"[2, 4]"
6,"[5, 6]"
2,"[2, 4, 17]"
2,"[2, 4, 17]"
2,"[2, 4, 17]"
2,"[2, 4, 17]"
2,"[2, 4, 17]"
17,[17]
2,"[2, 17]"
6,"[6, 17]"
17,"[2, 17]"
5,"[5, 17]"
17,[17]
4,"[2, 4]"
2,[2]
2,"[2, 17]"
2,"[2, 17]"
6,"[6, 17]"
17,"[2, 17]"
4,"[2, 4]"
17,"[14, 17]"
14,"[14, 17]"
14,"[14, 17]"
17,"[14, 17]"
14,"[14, 17]"
14,"[14, 17]"
17,"[14, 17]"
17,"[14, 17]"
14,[14]
17,"[14, 17]"
17,"[14, 17]"
17,"[14, 17]"
17,"[14, 17]"
17,"[5, 14, 17]"
17,"[5, 14, 17]"
9,"[9, 17]"
17,"[9, 17]"
17,[17]
17,[]
5,[5]
15,"[0, 15, 17]"
0,[17]
5,"[5, 17]"
3,"[3, 10, 17]"
2,"[1, 2, 4]"
9,"[9, 15, 17]"
0,"[0, 5, 17]"
2,"[2, 10]"
17,"[9, 15, 17]"
4,"[2, 10, 17]"
6,"[6, 10, 17]"
0,"[0, 17]"
4,"[1, 4, 17]"
1,"[1, 17]"
4,"[2, 4, 17]"
0,"[0, 17]"
4,"[2, 4, 17]"
0,"[0, 17]"
17,"[1, 4, 17]"
17,"[1, 17]"
2,"[2, 4, 10, 17]"
0,"[0, 17]"
2,"[2, 3, 17]"
15,"[9, 15, 17]"
3,"[2, 3, 10]"
17,"[1, 17]"
2,"[2, 4, 17]"
0,"[0, 17]"
17,"[1, 17]"
4,"[1, 4]"
17,"[3, 15, 17]"
2,[2]
4,"[2, 4]"
17,"[3, 9, 17]"
6,"[6, 10, 17]"
17,"[1, 17]"
1,"[1, 17]"
15,"[15, 17]"
3,"[3, 17]"
5,"[5, 10]"
1,"[1, 10, 17]"
3,"[1, 3, 10, 17]"
0,"[0, 15, 17]"
2,"[1, 2, 4, 17]"
17,"[1, 2, 4, 17]"
17,"[1, 17]"
4,"[1, 2, 10]"
17,"[0, 17]"
9,"[0, 9, 17]"
6,"[2, 6, 10]"
2,"[2, 6, 10]"
9,"[0, 9, 17]"
5,"[5, 15, 17]"
2,"[2, 3, 10]"
5,"[5, 17]"
5,"[5, 17]"
5,"[5, 9, 17]"
1,"[0, 1, 17]"
2,"[2, 4, 17]"
5,"[5, 17]"
17,"[0, 17]"
17,"[10, 17]"
17,"[15, 17]"
1,"[1, 17]"
17,"[1, 17]"
2,"[2, 10]"
0,"[0, 15, 17]"
17,"[4, 17]"
6,[6]
17,"[4, 17]"
15,"[0, 15, 17]"
0,"[0, 9, 15, 17]"
5,"[5, 17]"
0,"[0, 5, 17]"
3,"[3, 17]"
15,"[0, 15, 17]"
17,"[2, 3, 17]"
4,"[10, 17]"
2,"[2, 10, 17]"
17,"[9, 17]"
0,"[0, 9, 17]"
5,"[5, 17]"
4,"[2, 3, 4]"
17,"[1, 17]"
2,"[1, 2, 17]"
0,"[0, 5, 17]"
0,"[0, 17]"
4,"[4, 6, 17]"
17,"[4, 6, 17]"
17,"[4, 6, 17]"
9,"[9, 15, 17]"
5,"[5, 17]"
5,"[5, 17]"
5,"[5, 17]"
17,"[5, 17]"
17,"[5, 17]"
17,[17]
5,"[5, 17]"
5,"[5, 17]"
17,"[5, 17]"
17,"[5, 17]"
5,"[5, 17]"
17,[]
5,"[5, 17]"
5,"[5, 17]"
4,[17]
17,"[5, 17]"
5,"[5, 17]"
17,"[5, 17]"
4,[17]
5,"[5, 17]"
4,[4]
17,[17]
4,[]
17,[17]
4,[]
2,"[2, 4, 17]"
2,"[2, 4]"
2,"[2, 4]"
2,"[2, 4]"
2,"[2, 4]"
2,"[2, 4]"
2,"[2, 4]"
2,"[2, 4, 17]"
2,"[2, 4]"
2,[2]
2,[2]
2,"[2, 17]"
2,"[2, 4, 17]"
2,"[2, 4, 17]"
4,[4]
4,[4]
2,"[2, 17]"
2,"[2, 4, 17]"
2,"[2, 4]"
2,"[2, 4]"
2,"[2, 4]"
2,"[2, 4]"
2,"[2, 4]"
2,"[2, 4]"
2,"[2, 4, 17]"
4,"[2, 4]"
2,"[2, 4, 17]"
2,"[2, 4]"
2,"[2, 4, 17]"
2,[2]
4,"[2, 4]"
4,"[2, 4]"
2,"[2, 4]"
4,"[2, 4]"
2,"[2, 4, 17]"
2,[2]
2,"[2, 4]"
2,[4]
4,[4]
2,"[2, 4]"
4,[4]
2,"[2, 4]"
2,"[2, 4]"
2,"[2, 4]"
2,"[2, 4]"
2,"[2, 4]"
2,"[2, 4]"
2,"[2, 4, 17]"
2,"[2, 4, 17]"
4,"[2, 4]"
2,"[2, 4, 17]"
2,"[2, 4, 17]"
2,"[2, 4]"
4,"[2, 4]"
2,"[2, 4]"
2,[2]
2,"[2, 17]"
4,"[2, 4]"
4,"[2, 4]"
2,"[2, 4]"
4,"[2, 4]"
2,"[2, 4]"
2,"[2, 4]"
4,[4]
2,"[2, 4]"
2,"[2, 4]"
4,"[2, 4]"
2,[2]
2,[2]
2,[2]
4,"[2, 4]"
4,"[2, 4]"
4,"[2, 4]"
2,[2]
4,[4]
4,[4]
2,"[2, 17]"
2,"[2, 17]"
4,"[2, 4]"
2,"[2, 4, 17]"
4,"[2, 4]"
4,[4]
2,"[2, 4]"
2,"[2, 17]"
2,"[2, 4]"
2,"[2, 4]"
4,[4]
4,[4]
2,"[2, 4]"
2,"[2, 4, 17]"
4,"[4, 17]"
4,"[4, 17]"
2,"[2, 17]"
2,"[2, 4]"
2,[2]
2,"[2, 4, 17]"
4,[4]
2,"[2, 4, 17]"
4,[4]
2,"[2, 4]"
4,"[2, 4, 17]"
2,"[2, 4, 17]"
4,"[4, 17]"
4,"[4, 6, 17]"
2,"[2, 4]"
2,"[2, 4, 17]"
2,"[2, 4]"
2,"[2, 10]"
17,[17]
2,"[2, 10]"
2,"[0, 2, 10, 17]"
17,"[10, 17]"
0,"[0, 17]"
0,"[0, 4, 17]"
0,"[0, 4, 17]"
17,"[4, 17]"
17,"[6, 10, 17]"
17,[17]
4,"[2, 4]"
0,"[0, 17]"
17,"[0, 10, 17]"
0,"[0, 17]"
17,"[4, 6, 17]"
17,"[0, 17]"
17,"[4, 17]"
2,"[2, 10]"
17,"[10, 17]"
17,[17]
0,"[10, 17]"
0,"[2, 10, 17]"
4,"[2, 4, 17]"
17,[17]
0,"[0, 4, 17]"
0,"[0, 2, 17]"
0,"[4, 17]"
17,[17]
2,"[2, 4]"
2,"[2, 4, 17]"
0,"[0, 17]"
17,[17]
0,"[0, 2, 6, 17]"
17,[17]
0,"[0, 6, 17]"
17,"[10, 17]"
0,"[0, 17]"
2,[2]
4,"[4, 17]"
17,[17]
17,[17]
17,"[4, 17]"
17,[17]
0,"[0, 10, 17]"
17,"[10, 17]"
17,[17]
0,"[0, 2, 17]"
17,"[4, 17]"
0,"[0, 17]"
17,"[4, 17]"
17,[17]
0,"[0, 17]"
2,[2]
17,[17]
17,[17]
0,"[0, 2, 17]"
17,"[6, 17]"
2,"[2, 6, 17]"
17,"[6, 17]"
4,"[4, 17]"
0,"[0, 6, 17]"
4,"[4, 17]"
17,"[4, 6, 17]"
2,"[2, 4, 17]"
17,"[2, 17]"
17,"[4, 17]"
17,"[10, 17]"
17,[17]
17,"[10, 17]"
17,"[0, 6, 17]"
17,[17]
0,"[0, 17]"
17,"[1, 17]"
8,"[8, 10]"
6,"[6, 17]"
13,"[11, 17]"
17,"[14, 17]"
0,[17]
16,"[14, 16]"
0,"[0, 1, 6, 17]"
17,"[14, 17]"
17,"[1, 17]"
17,"[14, 17]"
17,"[1, 17]"
8,"[1, 2, 8, 17]"
17,"[1, 17]"
1,[1]
1,"[1, 17]"
17,"[1, 17]"
17,"[1, 17]"
1,[1]
2,"[2, 10, 17]"
13,"[11, 13, 17]"
17,[17]
17,[17]
8,[17]
5,[5]
14,"[14, 17]"
17,[17]
17,[17]
2,"[2, 5, 8, 10, 17]"
17,"[1, 2, 5, 17]"
5,"[1, 5, 17]"
1,"[1, 5, 17]"
17,"[1, 4, 5, 17]"
14,"[11, 13, 14, 17]"
17,"[16, 17]"
17,"[11, 13, 17]"
8,"[8, 10, 17]"
17,"[1, 17]"
17,"[1, 17]"
8,"[2, 8, 17]"
17,"[1, 17]"
17,[17]
17,[17]
17,"[1, 17]"
17,"[1, 17]"
17,"[1, 17]"
14,"[14, 17]"
8,"[8, 17]"
8,"[4, 8, 17]"
5,[5]
17,"[14, 17]"
2,"[1, 2]"
2,"[2, 17]"
15,"[9, 15]"
5,[5]
16,"[1, 16, 17]"
2,"[2, 17]"
17,"[14, 17]"
2,"[1, 2, 17]"
5,[5]
17,[17]
17,"[1, 17]"
17,"[1, 17]"
17,"[1, 17]"
17,[17]
13,[11]
17,"[1, 17]"
8,"[6, 8, 17]"
17,"[1, 17]"
5,[5]
17,[17]
17,[17]
8,[8]
17,[17]
2,"[2, 17]"
17,"[1, 17]"
17,[17]
6,"[6, 17]"
17,[17]
5,[5]
17,"[1, 17]"
17,"[14, 17]"
15,"[9, 15]"
0,"[0, 17]"
17,"[0, 17]"
2,"[2, 10]"
17,[17]
17,"[6, 17]"
17,"[14, 17]"
17,"[6, 17]"
8,"[8, 17]"
13,"[11, 13, 14, 17]"
15,"[9, 14, 15, 17]"
2,"[1, 2, 17]"
4,"[2, 4, 6, 8, 17]"
17,"[1, 17]"
16,"[14, 15, 16, 17]"
17,"[6, 17]"
1,"[1, 17]"
17,"[1, 17]"
16,"[14, 16]"
17,"[1, 17]"
17,[17]
17,"[1, 17]"
17,"[14, 17]"
17,"[1, 17]"
17,"[14, 17]"
17,"[14, 17]"
17,"[1, 17]"
8,"[8, 17]"
2,"[2, 17]"
6,"[6, 17]"
6,"[6, 17]"
8,"[8, 17]"
1,"[1, 17]"
1,"[1, 17]"
4,"[2, 4, 17]"
17,[17]
17,"[14, 17]"
17,"[1, 17]"
0,[]
17,"[14, 17]"
8,"[8, 17]"
17,"[1, 17]"
17,"[1, 17]"
17,"[1, 17]"
17,"[8, 17]"
16,"[16, 17]"
17,"[1, 17]"
0,"[0, 17]"
1,[1]
8,"[8, 10]"
17,"[1, 17]"
17,"[1, 17]"
17,"[1, 17]"
17,"[1, 17]"
17,"[1, 17]"
17,[17]
5,"[5, 14]"
5,"[5, 17]"
17,"[1, 17]"
17,[17]
17,"[0, 17]"
17,"[1, 17]"
17,"[0, 17]"
1,"[1, 17]"
17,"[1, 17]"
17,"[1, 17]"
14,"[11, 13, 14, 17]"
5,"[5, 16]"
8,"[8, 10, 17]"
4,[4]
0,"[0, 17]"
17,"[1, 17]"
17,[17]
6,"[6, 17]"
1,"[1, 17]"
17,[17]
4,"[4, 17]"
17,[14]
15,[15]
4,"[4, 17]"
17,"[0, 17]"
13,"[11, 13, 17]"
17,"[4, 17]"
17,"[1, 17]"
17,"[1, 17]"
15,[15]
14,"[14, 16, 17]"
0,"[0, 5, 17]"
17,[17]
17,[17]
17,[17]
9,"[9, 17]"
17,[17]
9,"[0, 9, 17]"
17,"[9, 17]"
17,[17]
5,[5]
17,"[10, 17]"
9,[17]
0,"[0, 17]"
5,"[0, 5, 17]"
0,"[0, 9, 17]"
17,"[9, 17]"
17,[17]
5,[5]
17,"[0, 17]"
17,[17]
17,[17]
17,[17]
17,[17]
9,"[5, 9, 17]"
17,[17]
6,"[5, 6, 17]"
5,"[5, 6, 9, 17]"
17,[17]
17,[17]
6,[6]
17,[17]
17,[17]
17,[17]
0,"[0, 9, 17]"
9,"[0, 9, 17]"
17,"[9, 17]"
17,[17]
17,[17]
0,"[0, 17]"
6,"[5, 17]"
17,"[9, 17]"
17,[17]
17,"[9, 17]"
17,"[9, 17]"
6,"[6, 17]"
17,"[9, 17]"
17,[17]
17,[17]
6,"[6, 17]"
5,"[5, 17]"
17,[17]
17,"[5, 17]"
0,"[0, 15, 17]"
15,"[0, 15, 17]"
5,"[5, 17]"
17,"[0, 17]"
5,"[5, 17]"
17,"[9, 17]"
0,"[0, 8, 17]"
17,[17]
17,[17]
5,"[5, 17]"
17,[17]
17,"[9, 15, 17]"
0,"[0, 15, 17]"
0,"[0, 17]"
17,[17]
0,"[15, 17]"
17,"[0, 15, 17]"
0,[]
0,"[0, 17]"
17,[17]
0,[]
0,[]
17,"[5, 17]"
0,"[0, 17]"
0,"[0, 17]"
0,"[0, 15, 17]"
9,[9]
0,"[0, 15, 17]"
0,"[0, 9, 17]"
17,[17]
17,"[0, 17]"
17,"[0, 17]"
0,[9]
17,"[9, 17]"
0,[17]
0,[9]
0,[17]
0,"[15, 17]"
8,"[0, 17]"
17,"[15, 17]"
8,"[8, 9]"
17,"[9, 17]"
9,[9]
0,"[0, 17]"
0,"[0, 17]"
17,"[9, 17]"
0,"[0, 17]"
17,"[9, 17]"
17,[17]
0,"[0, 15, 17]"
15,"[15, 17]"
17,"[6, 9, 17]"
9,"[9, 15, 17]"
0,"[0, 9, 15, 17]"
0,"[0, 17]"
0,"[0, 17]"
0,"[0, 17]"
17,[17]
17,[17]
8,"[8, 17]"
0,"[0, 17]"
0,"[0, 17]"
17,"[9, 17]"
8,"[8, 17]"
17,"[5, 17]"
0,"[0, 9, 17]"
15,"[0, 15, 17]"
0,"[0, 5, 17]"
15,"[15, 17]"
17,[17]
17,[17]
5,[5]
0,"[0, 17]"
17,"[5, 17]"
17,"[5, 17]"
15,[15]
0,"[0, 17]"
5,"[5, 17]"
0,"[0, 17]"
8,"[10, 17]"
0,"[0, 17]"
9,"[9, 15, 17]"
2,"[2, 17]"
2,[2]
0,"[0, 17]"
17,[17]
17,[17]
17,[17]
17,"[3, 17]"
17,[17]
3,"[3, 17]"
3,"[3, 17]"
0,"[3, 17]"
4,[4]
17,[17]
0,"[0, 17]"
17,"[3, 17]"
2,[2]
17,[17]
4,"[3, 4]"
17,"[3, 17]"
17,"[3, 17]"
0,"[0, 3, 17]"
17,"[3, 17]"
17,"[3, 17]"
17,[17]
11,"[0, 11, 17]"
17,"[2, 17]"
3,"[3, 4, 17]"
2,"[2, 3]"
0,"[0, 17]"
17,"[0, 17]"
11,"[0, 11, 17]"
17,[17]
17,"[3, 17]"
17,[17]
3,"[3, 4, 17]"
17,"[3, 17]"
0,"[0, 17]"
17,"[3, 17]"
0,[5]
17,"[4, 17]"
3,"[3, 17]"
4,"[4, 17]"
17,[17]
17,"[3, 17]"
17,"[3, 17]"
11,"[6, 11]"
17,[17]
0,"[0, 3, 17]"
17,"[3, 17]"
17,"[0, 17]"
2,"[2, 17]"
17,"[2, 17]"
17,"[2, 17]"
11,"[4, 11]"
17,"[0, 17]"
0,"[0, 3, 17]"
4,"[3, 4]"
17,"[3, 4, 17]"
17,[17]
4,"[3, 4]"
0,"[0, 17]"
11,"[11, 17]"
17,"[3, 17]"
17,"[3, 17]"
2,"[2, 4, 7, 17]"
2,"[2, 4]"
2,"[2, 4]"
2,[2]
2,"[2, 4]"
2,"[2, 4]"
2,"[2, 4, 17]"
4,"[2, 4]"
2,"[2, 4]"
2,"[2, 4, 17]"
2,"[2, 4, 17]"
2,"[2, 4, 17]"
4,"[4, 17]"
4,"[2, 4, 17]"
2,[2]
2,"[2, 4, 17]"
2,"[2, 17]"
7,[17]
2,"[2, 17]"
4,[4]
2,[2]
7,"[7, 17]"
4,[4]
4,[4]
2,[2]
2,[2]
2,"[2, 17]"
2,[2]
7,"[7, 17]"
2,[2]
2,[2]
2,[2]
7,"[4, 7, 17]"
2,"[2, 4, 7, 17]"
4,"[4, 7, 17]"
4,"[4, 7, 17]"
2,"[2, 4, 17]"
4,[4]
2,[2]
2,"[2, 4]"
2,[2]
2,[2]
2,"[2, 4, 10, 17]"
2,"[2, 4, 17]"
2,"[2, 4, 17]"
2,"[2, 4, 17]"
2,"[2, 4, 17]"
2,"[2, 4]"
4,"[2, 4, 17]"
2,"[2, 4]"
2,"[2, 4]"
7,"[4, 7, 17]"
2,"[2, 4, 17]"
4,"[2, 4, 17]"
2,"[2, 4]"
4,"[2, 4, 17]"
2,"[2, 4, 17]"
2,"[2, 4, 17]"
2,"[2, 4, 17]"
2,"[2, 4, 17]"
2,"[2, 4, 17]"
2,"[2, 4]"
2,"[2, 4, 17]"
2,"[2, 17]"
2,"[2, 4, 17]"
2,"[2, 4]"
2,"[2, 4, 17]"
7,"[7, 17]"
2,"[2, 4, 17]"
4,"[2, 4, 17]"
2,"[2, 4]"
7,"[7, 17]"
4,"[4, 17]"
2,"[2, 4, 17]"
7,"[7, 17]"
2,"[2, 4, 7, 17]"
7,"[2, 4, 7, 17]"
4,"[2, 4, 17]"
2,"[2, 4, 17]"
2,"[2, 4, 17]"
2,"[2, 4, 17]"
2,"[2, 4, 17]"
7,[17]
2,"[2, 4, 17]"
2,"[2, 4]"
2,"[2, 4]"
2,"[2, 4]"
2,"[2, 4]"
17,"[9, 17]"
0,"[0, 17]"
9,"[9, 17]"
17,"[9, 17]"
17,"[9, 17]"
17,"[10, 17]"
17,"[10, 17]"
17,[17]
17,"[9, 17]"
0,"[0, 10, 17]"
17,[17]
17,"[0, 17]"
17,"[0, 17]"
0,"[0, 6, 17]"
17,[17]
17,[17]
17,[17]
17,[17]
0,"[0, 17]"
0,"[0, 17]"
17,[17]
0,"[0, 17]"
9,[9]
9,"[9, 17]"
17,"[4, 17]"
17,[17]
9,"[9, 17]"
17,"[9, 17]"
17,"[9, 17]"
0,"[0, 17]"
17,"[9, 17]"
0,"[0, 5, 17]"
0,"[0, 17]"
17,[17]
0,"[0, 9, 17]"
0,"[0, 17]"
17,"[9, 17]"
0,"[0, 17]"
17,[17]
9,"[0, 9, 17]"
17,[17]
0,"[0, 17]"
0,"[0, 17]"
17,"[9, 17]"
2,"[2, 4, 10]"
2,"[2, 4]"
2,"[2, 4]"
2,"[2, 4]"
2,"[2, 17]"
2,"[2, 4, 17]"
2,"[2, 4, 17]"
2,"[2, 17]"
2,"[2, 4, 6]"
2,"[2, 17]"
2,"[2, 17]"
2,"[2, 17]"
4,"[10, 17]"
2,"[2, 10, 17]"
2,"[2, 10]"
2,"[2, 10]"
2,"[2, 4, 17]"
2,"[2, 4, 17]"
4,[4]
2,[2]
2,"[2, 17]"
2,"[2, 17]"
4,"[2, 4]"
2,"[2, 17]"
2,"[2, 17]"
2,"[2, 17]"
2,[2]
17,[17]
2,[2]
4,[4]
2,"[2, 4]"
2,"[2, 4, 17]"
2,"[2, 4, 17]"
2,"[2, 4, 6, 17]"
2,"[2, 4, 6, 17]"
2,"[2, 4]"
2,[2]
2,[2]
2,[2]
2,"[2, 17]"
2,"[2, 4]"
17,"[2, 17]"
17,"[2, 17]"
2,"[2, 4]"
2,"[2, 4]"
2,"[2, 4]"
2,"[2, 4]"
2,"[2, 17]"
2,"[2, 4]"
2,"[2, 4]"
2,"[2, 4]"
2,[2]
4,"[2, 4]"
2,"[2, 4]"
2,"[2, 4]"
17,[17]
2,"[2, 4]"
2,[2]
2,[2]
2,"[2, 17]"
2,"[2, 17]"
2,"[2, 17]"
2,"[2, 4]"
2,"[2, 4, 17]"
2,"[2, 17]"
2,"[2, 10]"
2,[2]
2,[2]
17,"[3, 17]"
2,"[2, 3]"
2,[2]
2,"[2, 3]"
17,"[3, 17]"
3,[3]
3,[3]
17,"[3, 17]"
2,"[2, 3, 17]"
3,"[2, 3]"
3,"[2, 3, 17]"
3,"[2, 3, 17]"
3,"[2, 3, 17]"
17,"[3, 17]"
3,"[2, 3, 17]"
2,"[2, 3]"
3,[3]
3,[3]
17,"[3, 17]"
3,[3]
13,"[11, 13, 16, 17]"
0,"[0, 14]"
13,"[11, 13, 16, 17]"
0,"[0, 14]"
13,"[11, 13, 16, 17]"
14,"[14, 17]"
14,"[14, 15]"
15,"[0, 15, 17]"
16,"[11, 13, 14, 16, 17]"
16,"[11, 13, 16, 17]"
14,"[14, 15, 17]"
17,"[0, 14, 17]"
15,"[0, 15, 17]"
15,"[0, 14, 15, 17]"
13,"[11, 13, 17]"
17,"[0, 14, 17]"
15,"[15, 17]"
16,[14]
17,"[0, 14, 15, 17]"
16,[17]
0,"[0, 15]"
14,[14]
16,[17]
14,[14]
17,"[14, 17]"
13,"[11, 13, 17]"
0,"[0, 14]"
15,"[0, 15, 17]"
17,"[0, 14, 17]"
0,"[0, 14, 17]"
0,"[0, 17]"
17,"[4, 17]"
0,"[0, 9, 17]"
17,[17]
0,"[0, 17]"
17,[17]
0,"[0, 17]"
15,"[0, 15, 17]"
17,"[9, 17]"
9,"[0, 9, 17]"
9,"[9, 15, 17]"
0,"[0, 9, 17]"
17,[17]
17,"[9, 17]"
17,"[5, 17]"
17,[17]
17,[17]
17,"[9, 17]"
17,[17]
17,[17]
0,"[0, 9, 17]"
17,[17]
17,"[9, 17]"
17,"[9, 17]"
17,[17]
9,"[9, 17]"
17,[17]
9,"[9, 17]"
9,[9]
17,"[0, 17]"
17,"[9, 17]"
15,"[9, 15, 17]"
0,"[0, 17]"
17,[17]
17,[17]
9,[9]
17,"[9, 17]"
17,[17]
17,[17]
17,"[9, 17]"
17,"[9, 15, 17]"
9,"[0, 9, 17]"
9,"[0, 9, 17]"
17,"[9, 17]"
0,"[0, 17]"
17,[17]
0,"[0, 17]"
17,[17]
0,"[0, 9, 17]"
17,[17]
17,[17]
17,[17]
15,"[15, 17]"
17,[17]
0,"[0, 9, 17]"
17,[17]
17,"[9, 17]"
15,"[15, 17]"
17,[17]
17,[17]
17,[17]
17,"[0, 17]"
0,"[0, 17]"
17,[17]
17,[17]
17,[17]
17,"[0, 17]"
15,"[15, 17]"
0,"[0, 9, 17]"
9,"[0, 9, 17]"
17,[17]
0,"[0, 17]"
17,[17]
17,"[9, 17]"
17,[17]
0,"[0, 15, 17]"
4,"[4, 17]"
2,"[2, 3, 4]"
6,"[6, 17]"
17,"[4, 17]"
2,"[2, 3]"
6,"[6, 17]"
17,[17]
2,"[2, 4]"
2,"[2, 4]"
6,"[6, 17]"
0,"[0, 17]"
15,"[0, 15, 17]"
4,"[3, 4, 17]"
17,"[2, 3, 17]"
4,"[2, 3, 4, 17]"
17,[17]
17,"[9, 15, 17]"
3,"[3, 6, 17]"
4,"[4, 17]"
6,"[6, 17]"
6,"[6, 17]"
17,"[6, 17]"
17,"[6, 17]"
17,"[4, 17]"
17,[17]
17,[17]
9,"[9, 17]"
15,[15]
5,"[5, 17]"
4,"[4, 17]"
9,"[0, 9, 15, 17]"
4,"[4, 17]"
4,"[2, 3, 4, 17]"
4,"[4, 17]"
6,"[6, 17]"
2,[2]
9,[9]
15,"[15, 17]"
6,[6]
15,[15]
17,"[3, 6, 17]"
9,"[9, 17]"
3,"[2, 3, 4, 17]"
0,"[0, 9, 17]"
2,"[2, 3, 17]"
17,"[2, 4, 17]"
17,"[9, 15]"
6,"[3, 6]"
17,"[15, 17]"
6,"[2, 6]"
17,[17]
17,[17]
17,"[6, 17]"
17,"[4, 17]"
17,[17]
0,"[0, 15, 17]"
17,"[2, 4, 17]"
15,"[9, 15, 17]"
5,"[3, 5, 6, 17]"
4,"[4, 17]"
2,"[2, 4, 6, 17]"
17,"[9, 15, 17]"
17,"[9, 15, 17]"
0,"[0, 15, 17]"
17,[17]
4,"[3, 4]"
5,"[3, 5]"
17,"[0, 17]"
6,"[6, 17]"
4,"[2, 3, 4, 17]"
0,"[0, 15, 17]"
6,"[2, 6, 17]"
17,"[3, 4, 17]"
17,"[2, 6, 17]"
17,"[6, 17]"
6,"[6, 17]"
17,"[6, 17]"
6,"[2, 6, 17]"
4,"[4, 17]"
0,"[0, 17]"
4,"[2, 3, 4, 17]"
3,"[2, 3, 6]"
4,"[3, 4, 17]"
17,"[6, 17]"
0,"[0, 17]"
17,[17]
17,"[2, 17]"
17,"[2, 17]"
2,"[2, 4]"
2,[2]
3,"[3, 6, 17]"
17,[17]
0,"[0, 17]"
17,"[3, 4, 17]"
4,"[3, 4]"
6,"[6, 17]"
0,"[0, 15, 17]"
17,"[4, 17]"
5,"[5, 17]"
5,"[5, 17]"
9,"[9, 15]"
6,"[6, 17]"
3,"[3, 4, 17]"
2,"[2, 17]"
2,"[2, 17]"
17,"[6, 17]"
6,"[6, 10]"
7,"[7, 17]"
2,[2]
17,"[10, 17]"
17,"[10, 17]"
2,[2]
17,"[10, 17]"
2,"[2, 10]"
17,"[2, 17]"
10,"[4, 17]"
10,"[4, 6, 17]"
7,"[7, 17]"
17,"[10, 17]"
7,"[7, 17]"
17,"[10, 17]"
6,"[6, 10, 17]"
6,"[2, 6, 10]"
7,"[7, 17]"
10,[10]
17,"[4, 17]"
17,"[4, 17]"
17,"[10, 17]"
17,[17]
6,[6]
2,[2]
2,[2]
17,"[10, 17]"
17,"[10, 17]"
17,[17]
7,"[7, 17]"
17,[17]
17,"[10, 17]"
17,"[10, 17]"
2,"[2, 17]"
17,"[10, 17]"
2,"[2, 10, 17]"
2,"[2, 17]"
17,"[4, 6, 17]"
2,"[2, 4, 17]"
10,"[4, 10, 17]"
17,"[2, 6, 17]"
2,"[2, 10]"
6,"[2, 6, 17]"
17,"[2, 6, 17]"
17,"[10, 17]"
7,"[7, 17]"
17,"[10, 17]"
10,"[2, 10, 17]"
2,"[2, 10, 17]"
17,"[2, 10, 17]"
17,"[6, 17]"
17,"[2, 17]"
10,"[10, 17]"
7,"[7, 17]"
7,"[7, 17]"
7,"[7, 17]"
7,"[7, 17]"
7,"[7, 17]"
10,"[2, 6, 7, 10, 17]"
7,"[7, 10, 17]"
7,"[7, 17]"
2,"[2, 10]"
10,"[6, 10, 17]"
10,"[6, 10, 17]"
17,"[6, 10, 17]"
17,"[10, 17]"
17,"[6, 10, 17]"
17,"[10, 17]"
10,"[6, 10, 17]"
2,"[2, 10]"
7,"[7, 17]"
17,"[10, 17]"
17,"[10, 17]"
7,[17]
17,"[6, 10, 17]"
0,"[0, 9, 17]"
5,[5]
5,[5]
0,"[0, 9, 17]"
0,"[0, 9, 17]"
17,[17]
0,"[0, 17]"
5,[5]
0,"[0, 17]"
0,"[0, 17]"
0,"[0, 17]"
0,"[0, 17]"
17,"[9, 17]"
5,[5]
17,"[5, 17]"
0,"[0, 9, 17]"
0,"[0, 17]"
17,"[0, 9, 17]"
5,"[5, 17]"
17,"[0, 9, 17]"
17,"[14, 17]"
5,"[5, 17]"
15,[15]
5,"[5, 17]"
2,"[2, 17]"
17,"[15, 17]"
5,"[5, 15, 17]"
14,"[2, 14, 17]"
5,"[2, 5, 17]"
17,[17]
5,[5]
14,[14]
17,"[14, 17]"
5,"[5, 17]"
17,"[14, 17]"
5,"[5, 15, 17]"
15,"[15, 17]"
17,"[14, 17]"
17,"[14, 15, 17]"
15,"[15, 17]"
17,"[15, 17]"
15,[15]
17,"[14, 17]"
17,"[14, 17]"
14,"[14, 17]"
15,"[15, 17]"
17,[17]
17,"[14, 17]"
15,"[15, 17]"
17,"[15, 17]"
17,"[14, 17]"
15,"[2, 15, 17]"
9,"[9, 15, 17]"
5,"[5, 17]"
5,[17]
2,"[2, 15, 17]"
9,"[9, 15, 17]"
5,[5]
17,"[15, 17]"
5,"[5, 17]"
17,[17]
5,"[5, 17]"
2,"[2, 5, 15, 17]"
15,[15]
9,"[0, 9, 15, 17]"
5,"[5, 17]"
5,"[2, 5, 14]"
14,"[14, 17]"
17,"[15, 17]"
17,"[15, 17]"
17,"[15, 17]"
5,"[5, 17]"
15,"[15, 17]"
9,"[0, 9, 15]"
15,"[15, 17]"
15,[15]
14,"[14, 17]"
15,"[0, 15]"
15,"[0, 15]"
2,"[2, 5, 17]"
9,"[0, 9]"
17,"[14, 17]"
2,"[2, 5, 17]"
5,"[5, 17]"
5,"[5, 17]"
5,"[5, 17]"
4,"[2, 4]"
2,"[2, 4, 17]"
4,"[4, 17]"
2,"[2, 4]"
17,"[2, 4, 17]"
2,"[2, 4, 17]"
17,[17]
2,"[2, 4, 17]"
2,"[2, 4, 17]"
2,"[2, 4]"
4,"[2, 4, 17]"
2,"[2, 4]"
4,"[2, 4]"
2,"[2, 4]"
2,"[2, 4, 17]"
17,[17]
2,[2]
2,[2]
2,[2]
4,"[4, 17]"
2,"[2, 4, 17]"
4,"[2, 4, 17]"
2,"[2, 4, 17]"
2,"[2, 4]"
2,"[2, 4]"
2,"[2, 4]"
2,"[2, 4]"
4,"[2, 4]"
2,"[2, 4]"
4,"[2, 4]"
2,"[2, 4, 17]"
2,"[2, 4, 5, 17]"
2,"[2, 5, 17]"
2,"[2, 4, 17]"
2,"[2, 4, 17]"
2,"[2, 4]"
4,"[4, 17]"
4,"[2, 4, 17]"
17,"[5, 17]"
2,"[2, 4, 17]"
2,"[2, 4]"
2,[2]
17,"[2, 4, 17]"
4,"[4, 17]"
2,"[2, 4]"
2,[2]
2,[2]
2,[2]
2,[2]
2,[2]
2,"[2, 4]"
2,"[2, 4]"
4,"[4, 17]"
2,"[2, 4]"
2,[2]
2,"[2, 6]"
2,"[2, 4]"
4,"[4, 17]"
2,[2]
4,"[4, 17]"
2,"[2, 4]"
2,"[2, 4]"
2,"[2, 17]"
2,[2]
2,[2]
2,[2]
2,"[2, 4, 17]"
2,"[2, 4, 17]"
2,"[2, 4, 5]"
2,"[2, 4]"
2,"[2, 4]"
4,"[10, 17]"
4,"[10, 17]"
2,"[2, 10]"
2,[2]
2,[2]
2,[2]
2,[2]
2,[2]
2,[2]
2,[2]
2,[2]
2,[2]
2,[2]
4,"[4, 17]"
2,[2]
4,"[4, 17]"
4,"[2, 4, 17]"
2,"[2, 4, 17]"
2,"[2, 17]"
2,"[2, 4]"
2,"[2, 4]"
2,"[2, 17]"
2,"[2, 4]"
2,"[2, 17]"
2,"[2, 10]"
2,"[2, 4]"
2,"[2, 6, 17]"
2,"[2, 4]"
2,"[2, 4]"
2,"[2, 4]"
2,"[2, 17]"
2,"[2, 17]"
2,"[2, 4]"
4,"[4, 17]"
2,"[2, 4, 17]"
2,"[2, 4]"
2,"[2, 4, 17]"
2,"[2, 4, 17]"
2,"[2, 4]"
2,"[2, 6, 17]"
2,"[2, 4]"
2,"[2, 4]"
2,"[2, 4]"
2,"[2, 4, 17]"
2,"[4, 17]"
2,"[2, 4]"
2,"[2, 4, 17]"
2,"[2, 4, 17]"
2,"[2, 4, 17]"
4,"[4, 17]"
2,"[2, 6, 17]"
5,"[5, 17]"
2,"[2, 4]"
4,"[2, 4]"
2,"[2, 4]"
4,"[2, 4]"
4,"[2, 4]"
17,"[15, 17]"
2,"[2, 4]"
0,[17]
17,[17]
2,[2]
0,"[0, 17]"
17,[17]
2,"[2, 4, 17]"
4,"[4, 17]"
5,"[5, 17]"
2,"[2, 17]"
17,"[15, 17]"
2,"[2, 4, 17]"
0,"[0, 9, 15, 17]"
17,"[0, 17]"
0,"[0, 17]"
17,"[9, 17]"
17,"[0, 17]"
4,"[2, 4, 17]"
2,"[2, 4, 17]"
2,"[2, 17]"
2,"[2, 3, 4, 6]"
0,"[0, 17]"
17,"[4, 17]"
4,"[4, 6]"
0,"[0, 9, 17]"
0,"[0, 9, 17]"
9,[9]
2,[2]
9,"[0, 9, 17]"
15,"[9, 15]"
2,"[2, 4]"
2,[2]
17,[17]
15,[15]
4,[4]
17,[17]
4,[4]
15,"[15, 17]"
2,"[2, 17]"
0,"[0, 17]"
17,[17]
2,[2]
2,"[2, 6, 17]"
5,"[2, 4, 5]"
2,"[2, 3, 6]"
2,"[2, 4]"
0,"[0, 17]"
17,"[15, 17]"
5,"[5, 17]"
2,"[2, 3, 4]"
17,"[15, 17]"
0,"[0, 17]"
2,"[2, 3]"
4,"[4, 17]"
17,"[4, 5, 17]"
2,"[2, 4, 17]"
5,"[5, 17]"
17,[17]
0,"[0, 9, 15, 17]"
4,"[4, 17]"
2,"[2, 4]"
9,"[9, 15, 17]"
2,"[2, 4, 17]"
2,"[2, 4, 17]"
2,"[2, 4, 17]"
17,[15]
4,"[2, 4, 17]"
4,"[2, 4, 17]"
17,"[5, 17]"
2,"[2, 4, 17]"
2,"[2, 6, 17]"
17,"[4, 5, 17]"
4,"[2, 4, 17]"
17,[17]
4,"[2, 4, 6, 17]"
4,"[0, 4, 17]"
17,"[9, 17]"
17,[17]
4,"[2, 4]"
2,"[2, 4]"
2,"[2, 4, 17]"
2,"[2, 4, 17]"
4,"[2, 4, 17]"
17,"[0, 17]"
17,"[4, 6, 17]"
17,"[15, 17]"
2,"[2, 4, 17]"
17,"[9, 17]"
2,"[2, 4, 17]"
2,"[2, 10, 17]"
4,"[2, 4]"
4,"[2, 4]"
17,"[0, 17]"
2,"[2, 4, 17]"
4,"[4, 17]"
4,"[4, 17]"
0,[17]
0,"[0, 17]"
0,"[0, 9, 15, 17]"
2,"[2, 4, 17]"
2,[2]
2,"[2, 4, 6, 17]"
4,"[2, 4, 6]"
2,"[2, 4, 17]"
0,"[0, 9, 15, 17]"
17,"[15, 17]"
4,"[2, 4, 6]"
0,"[0, 4, 17]"
15,"[15, 17]"
17,[17]
9,"[9, 17]"
17,[17]
0,"[0, 9, 17]"
0,"[0, 5, 17]"
2,"[2, 4]"
17,"[15, 17]"
2,"[2, 10, 15, 17]"
4,"[4, 17]"
4,"[2, 4]"
0,"[0, 9, 17]"
17,"[4, 17]"
17,"[9, 17]"
4,[4]
4,[4]
2,[2]
2,"[2, 3]"
2,"[2, 3]"
2,[2]
0,"[0, 17]"
17,[17]
2,[2]
4,"[2, 4]"
2,"[2, 4]"
2,"[2, 4]"
2,"[2, 6]"
4,[4]
9,"[0, 9, 17]"
17,"[9, 17]"
4,"[2, 4]"
4,"[4, 6]"
2,"[2, 6, 17]"
2,"[2, 4]"
17,"[15, 17]"
17,"[0, 4, 17]"
2,"[2, 4, 6]"
0,"[0, 17]"
2,"[2, 4]"
2,"[2, 4]"
4,"[4, 17]"
2,"[2, 4]"
4,"[2, 4, 17]"
2,"[2, 4, 6, 17]"
2,"[2, 4]"
4,"[2, 4, 17]"
17,"[4, 6, 17]"
17,"[15, 17]"
17,"[15, 17]"
17,"[15, 17]"
4,"[4, 17]"
17,[17]
2,"[2, 4]"
0,"[0, 4, 17]"
2,"[2, 4, 6, 17]"
0,"[0, 17]"
2,"[2, 4, 17]"
17,"[5, 17]"
15,"[15, 17]"
17,[17]
0,"[0, 17]"
15,[15]
5,"[5, 17]"
4,"[4, 17]"
9,[9]
17,"[15, 17]"
4,"[4, 17]"
0,"[0, 6, 17]"
17,"[0, 17]"
15,"[0, 15, 17]"
17,"[0, 17]"
9,"[0, 9, 17]"
5,"[4, 5, 17]"
15,"[0, 15, 17]"
17,"[9, 17]"
17,"[9, 17]"
0,"[0, 17]"
6,"[6, 9, 17]"
5,"[5, 17]"
17,"[6, 17]"
9,"[6, 9]"
17,"[9, 17]"
4,"[4, 17]"
4,"[4, 6]"
17,"[15, 17]"
17,[17]
0,"[0, 9, 15, 17]"
15,"[15, 17]"
17,"[6, 17]"
17,"[9, 15, 17]"
0,"[0, 15, 17]"
17,"[5, 17]"
15,"[15, 17]"
17,"[9, 15, 17]"
17,"[9, 17]"
17,[17]
0,"[0, 17]"
17,"[5, 17]"
17,[17]
4,"[4, 6, 17]"
17,[17]
6,"[6, 17]"
0,"[0, 17]"
9,"[0, 6, 9, 17]"
0,"[0, 9, 17]"
17,"[0, 17]"
17,"[9, 17]"
9,"[0, 9, 17]"
0,"[0, 17]"
17,"[9, 17]"
17,"[6, 17]"
0,"[0, 15, 17]"
17,"[9, 17]"
17,"[6, 9, 17]"
0,"[0, 9, 17]"
5,"[5, 17]"
5,[5]
6,"[0, 6, 9, 17]"
6,"[6, 17]"
9,"[6, 9, 17]"
17,"[15, 17]"
6,"[0, 6, 17]"
9,"[0, 9, 17]"
0,"[0, 15, 17]"
17,"[6, 17]"
17,"[15, 17]"
17,[17]
9,"[6, 9, 17]"
17,"[5, 17]"
0,"[0, 15, 17]"
17,"[6, 17]"
0,"[0, 15, 17]"
0,"[0, 17]"
6,[6]
17,"[5, 17]"
2,"[2, 6]"
4,"[4, 17]"
17,[4]
4,"[2, 4]"
17,"[3, 4, 17]"
6,[6]
17,"[5, 17]"
17,[17]
2,[2]
4,[17]
2,[2]
6,[6]
2,"[2, 4, 17]"
17,[17]
5,"[5, 17]"
4,"[3, 4, 17]"
5,"[5, 17]"
5,"[4, 5, 17]"
5,"[2, 4, 5, 17]"
5,"[5, 17]"
3,"[3, 4]"
17,"[2, 4, 17]"
17,"[5, 17]"
4,"[2, 4, 5, 17]"
17,"[2, 4, 5, 17]"
2,"[2, 4, 5]"
17,"[2, 4, 17]"
6,[6]
2,"[2, 17]"
4,[4]
17,[17]
6,"[6, 17]"
5,"[5, 17]"
4,"[4, 17]"
3,"[3, 4, 17]"
2,"[2, 17]"
3,"[3, 17]"
4,"[2, 4]"
17,"[5, 17]"
2,"[2, 17]"
17,"[5, 17]"
2,"[2, 17]"
17,[17]
4,"[4, 17]"
17,"[3, 17]"
6,"[2, 3, 6]"
3,"[3, 4]"
6,"[2, 6, 17]"
17,"[4, 17]"
4,"[2, 3, 4]"
6,[6]
6,"[2, 6, 17]"
17,"[4, 17]"
4,"[3, 4]"
17,"[5, 17]"
2,"[2, 4]"
17,"[4, 17]"
17,"[5, 17]"
2,"[2, 17]"
17,"[4, 17]"
17,[17]
5,"[5, 17]"
3,"[3, 4, 17]"
2,"[2, 17]"
5,"[5, 17]"
6,"[6, 17]"
17,"[6, 17]"
5,"[5, 17]"
17,"[6, 17]"
3,"[3, 4, 5, 17]"
6,"[4, 6, 17]"
5,"[5, 17]"
2,"[2, 4, 17]"
2,"[2, 4, 17]"
6,"[6, 17]"
4,"[4, 17]"
5,"[5, 17]"
4,"[4, 17]"
2,"[2, 4, 17]"
3,"[3, 4, 17]"
6,"[3, 6]"
2,"[2, 3, 4]"
5,"[5, 17]"
17,"[5, 17]"
2,"[2, 4, 17]"
17,[17]
2,[2]
6,[6]
2,[2]
3,[3]
6,"[2, 4, 6, 17]"
3,"[3, 6]"
2,"[2, 4]"
17,[17]
5,"[2, 5, 17]"
5,"[5, 17]"
17,"[3, 4, 17]"
2,"[2, 4]"
4,"[2, 4, 17]"
4,"[4, 17]"
4,[4]
4,"[2, 4, 17]"
2,"[2, 17]"
17,[17]
2,"[2, 17]"
5,"[5, 17]"
17,"[3, 17]"
17,[17]
17,"[2, 4, 17]"
2,"[2, 4, 6, 17]"
17,"[5, 17]"
2,"[2, 4, 6]"
2,"[2, 4, 6]"
4,"[2, 4, 17]"
4,"[2, 3, 4]"
17,"[6, 17]"
2,"[2, 4, 6]"
3,"[3, 4, 17]"
17,"[6, 17]"
14,"[14, 15]"
17,"[14, 15, 17]"
13,"[11, 13, 17]"
0,"[0, 9, 15, 17]"
17,"[11, 13, 17]"
17,"[14, 17]"
17,"[14, 17]"
17,"[14, 17]"
13,"[11, 13, 16, 17]"
16,"[5, 16]"
0,"[0, 14]"
17,"[0, 14, 15, 17]"
13,"[11, 16, 17]"
15,"[15, 17]"
17,"[14, 17]"
17,"[0, 14, 15, 17]"
5,"[5, 15, 16, 17]"
14,"[0, 14]"
15,[15]
17,"[14, 17]"
15,"[0, 14, 15]"
13,"[5, 11, 13, 17]"
5,"[5, 15]"
17,[17]
17,"[14, 17]"
15,"[15, 17]"
13,"[5, 11, 13, 16, 17]"
17,[17]
17,"[0, 14, 17]"
16,[5]
17,"[14, 17]"
17,"[14, 15, 17]"
0,[9]
5,[5]
13,"[11, 13, 17]"
17,[17]
14,[14]
16,"[11, 16]"
17,"[14, 17]"
14,"[14, 17]"
17,"[9, 17]"
15,"[9, 15]"
15,"[9, 15]"
16,"[11, 13, 16, 17]"
17,"[11, 13, 16, 17]"
13,"[5, 11, 13, 16, 17]"
17,"[9, 17]"
15,"[9, 14, 15]"
15,[15]
15,[15]
17,"[0, 15, 17]"
5,"[5, 16]"
17,"[15, 17]"
17,"[14, 17]"
5,"[5, 15, 17]"
14,"[14, 17]"
16,"[11, 13, 14, 16, 17]"
0,"[0, 5, 9, 15, 17]"
15,"[9, 15]"
13,"[11, 13, 17]"
17,"[5, 17]"
17,"[5, 17]"
17,"[5, 17]"
17,"[14, 15, 17]"
17,"[14, 17]"
13,"[11, 13, 16, 17]"
17,"[14, 17]"
17,"[14, 17]"
17,"[14, 17]"
0,"[0, 5, 9, 14, 15, 17]"
17,"[14, 17]"
17,"[4, 17]"
17,"[2, 4, 17]"
17,"[2, 17]"
17,"[4, 17]"
17,[17]
17,"[4, 17]"
17,"[4, 17]"
5,"[2, 5, 17]"
17,[17]
17,"[5, 17]"
2,"[2, 17]"
17,[17]
2,"[2, 17]"
5,"[5, 17]"
5,"[0, 5, 17]"
17,"[2, 17]"
17,[17]
2,"[2, 17]"
17,"[4, 17]"
2,"[2, 5]"
17,[17]
17,[17]
17,"[2, 6]"
17,[17]
17,[17]
17,"[4, 17]"
5,"[5, 17]"
17,[17]
17,"[4, 17]"
17,[17]
17,[17]
17,[17]
17,[17]
17,[17]
17,[17]
17,"[4, 17]"
17,"[8, 17]"
5,"[4, 5, 17]"
2,"[2, 17]"
17,[17]
17,[17]
17,"[4, 17]"
17,[17]
17,"[4, 17]"
17,[17]
17,[17]
17,"[2, 17]"
17,[17]
17,[17]
4,"[3, 4]"
3,"[3, 17]"
3,"[3, 17]"
4,"[4, 17]"
4,"[4, 17]"
3,[3]
4,"[10, 17]"
3,[3]
4,"[4, 17]"
4,"[4, 17]"
4,"[4, 17]"
4,"[4, 17]"
4,"[3, 4]"
17,[17]
3,"[3, 17]"
17,[17]
4,"[2, 4]"
4,"[4, 17]"
4,"[4, 17]"
4,"[3, 4, 17]"
3,"[3, 17]"
3,[3]
17,[17]
4,"[4, 17]"
4,"[4, 17]"
3,"[3, 4]"
17,[17]
3,"[3, 17]"
4,"[3, 4, 17]"
4,"[4, 17]"
4,[4]
4,"[4, 17]"
3,[3]
4,[4]
17,[17]
17,"[2, 17]"
2,[2]
1,"[1, 3, 17]"
17,"[9, 17]"
17,[17]
15,"[2, 9, 15, 17]"
17,[17]
17,[17]
15,"[9, 15]"
17,[17]
17,[17]
15,"[2, 15]"
17,[17]
1,"[1, 17]"
2,"[2, 17]"
2,[2]
0,"[0, 17]"
2,[2]
17,"[9, 17]"
17,"[15, 17]"
9,"[9, 17]"
17,"[4, 17]"
0,"[0, 5, 17]"
17,[17]
17,"[3, 17]"
9,"[9, 17]"
17,"[9, 17]"
3,"[3, 17]"
17,"[3, 17]"
3,"[1, 3, 17]"
17,[17]
17,"[0, 17]"
17,"[4, 17]"
17,"[0, 17]"
17,[17]
17,"[15, 17]"
1,"[1, 3, 17]"
9,"[9, 17]"
17,"[3, 17]"
0,"[0, 17]"
2,[2]
3,"[3, 17]"
2,"[2, 4]"
0,"[0, 17]"
17,"[3, 17]"
17,"[3, 17]"
17,[17]
17,"[4, 17]"
2,[2]
17,[17]
0,"[0, 17]"
17,[17]
17,[17]
17,[17]
0,"[0, 17]"
17,[17]
17,[17]
3,"[1, 3]"
15,"[0, 15, 17]"
17,"[1, 17]"
17,[9]
3,"[3, 17]"
9,"[9, 15]"
17,[17]
0,"[0, 17]"
17,[17]
2,[2]
17,[17]
0,"[0, 17]"
17,"[4, 17]"
9,"[9, 17]"
0,"[0, 17]"
17,[17]
17,[17]
2,"[2, 3]"
17,"[4, 17]"
1,"[1, 3]"
1,"[1, 3, 17]"
17,"[3, 17]"
17,"[2, 17]"
17,[17]
2,"[2, 4, 17]"
17,"[4, 17]"
17,"[3, 17]"
0,"[0, 17]"
17,"[2, 17]"
17,[17]
15,"[15, 17]"
17,[17]
17,"[6, 17]"
0,"[0, 6, 10, 17]"
10,"[6, 10, 17]"
10,"[10, 17]"
17,"[10, 17]"
0,"[0, 10, 17]"
2,"[2, 10]"
17,"[10, 17]"
17,[17]
6,"[6, 17]"
2,"[2, 10]"
0,"[0, 10, 17]"
17,"[10, 17]"
10,"[2, 10, 17]"
2,"[0, 2, 10, 17]"
17,"[2, 10, 17]"
5,"[5, 6, 17]"
17,"[10, 17]"
3,"[3, 17]"
17,[17]
17,"[10, 17]"
17,"[10, 17]"
17,[17]
2,"[2, 10]"
0,"[0, 2, 4, 6, 10, 17]"
10,"[2, 10, 17]"
17,"[10, 17]"
2,"[2, 17]"
17,"[8, 17]"
10,"[2, 10]"
5,[5]
2,"[2, 17]"
6,"[6, 17]"
10,"[0, 10, 17]"
17,"[10, 17]"
2,"[2, 17]"
0,"[0, 5, 17]"
6,"[5, 6, 17]"
0,"[0, 2, 10, 17]"
17,"[10, 17]"
0,"[0, 10, 17]"
17,"[10, 17]"
2,"[2, 6, 10]"
17,"[10, 17]"
0,"[0, 2, 10, 17]"
2,"[0, 2, 17]"
17,[17]
0,"[0, 10, 17]"
17,"[6, 10, 17]"
17,"[10, 17]"
0,"[0, 10, 17]"
17,"[10, 17]"
17,"[10, 17]"
17,"[5, 17]"
17,"[10, 17]"
17,[17]
10,"[10, 17]"
17,"[10, 17]"
2,"[2, 10, 17]"
17,"[10, 17]"
17,"[4, 17]"
6,"[2, 6, 10, 17]"
0,"[0, 10, 17]"
17,"[5, 10, 17]"
2,"[2, 6]"
17,[17]
3,"[2, 3, 17]"
10,"[2, 10]"
3,"[3, 17]"
17,[17]
10,"[2, 10, 17]"
0,"[0, 17]"
10,"[10, 17]"
2,[2]
10,"[10, 17]"
0,"[0, 10, 17]"
17,"[4, 17]"
3,"[3, 4, 17]"
6,"[6, 10, 17]"
17,"[10, 17]"
2,[2]
10,[10]
2,[2]
17,[17]
17,"[10, 17]"
17,"[10, 17]"
10,"[10, 17]"
17,"[10, 17]"
6,"[2, 6]"
0,"[0, 6, 10, 17]"
10,"[6, 10, 17]"
17,"[10, 17]"
0,"[0, 10, 17]"
10,"[4, 17]"
2,"[2, 10]"
17,[17]
17,"[10, 17]"
10,"[6, 17]"
6,"[6, 10, 17]"
17,[17]
17,"[3, 17]"
17,[17]
17,"[10, 17]"
6,"[6, 10]"
0,"[0, 10, 17]"
0,"[0, 10, 17]"
17,[17]
10,"[10, 17]"
17,[17]
17,[17]
17,[17]
10,"[6, 10]"
17,"[10, 17]"
17,[17]
6,[6]
17,[17]
17,[17]
17,[17]
10,[10]
2,[2]
17,"[10, 17]"
2,"[2, 4]"
17,"[10, 17]"
17,"[10, 17]"
5,"[5, 17]"
6,"[2, 6]"
10,[10]
17,"[10, 17]"
17,[17]
17,"[10, 17]"
3,"[3, 17]"
5,"[5, 6, 17]"
2,"[2, 10, 17]"
17,[17]
2,"[2, 6]"
17,"[4, 17]"
17,[17]
10,"[2, 10]"
17,"[4, 17]"
6,"[5, 6]"
6,"[5, 6]"
17,[17]
5,"[5, 17]"
10,"[10, 17]"
10,"[0, 10, 17]"
0,"[0, 10, 17]"
17,"[5, 17]"
17,"[6, 10, 17]"
17,"[4, 17]"
2,[2]
17,"[1, 17]"
17,[17]
17,"[4, 17]"
10,"[6, 10, 17]"
17,[10]
17,"[10, 17]"
10,"[2, 10]"
17,"[2, 17]"
10,"[10, 17]"
0,"[0, 10, 17]"
17,[17]
17,[17]
17,[17]
6,"[5, 6]"
17,"[6, 17]"
6,"[6, 10, 17]"
2,"[2, 10]"
5,"[5, 6, 17]"
17,"[5, 17]"
5,"[5, 17]"
2,"[1, 2, 10]"
5,"[1, 5, 17]"
7,"[6, 7, 17]"
17,[17]
1,"[1, 17]"
17,[17]
7,"[1, 17]"
6,"[1, 4, 6, 10, 17]"
7,"[1, 4, 6, 7, 10, 17]"
10,"[2, 6, 10]"
17,"[1, 5, 17]"
10,"[9, 10, 17]"
7,"[1, 7, 17]"
17,"[5, 17]"
10,"[6, 7, 10, 17]"
6,"[5, 6, 10]"
7,"[1, 6, 7, 17]"
17,"[1, 17]"
1,"[1, 17]"
17,[17]
1,"[1, 17]"
1,[17]
17,"[1, 17]"
2,"[1, 2, 10]"
17,"[1, 4]"
17,"[1, 17]"
7,"[6, 7, 17]"
6,"[0, 4, 6, 17]"
17,"[5, 17]"
7,"[6, 7, 17]"
7,"[1, 7, 17]"
5,"[5, 6, 17]"
2,"[2, 6, 10]"
17,[17]
10,"[2, 6, 10]"
5,"[5, 17]"
10,"[10, 17]"
6,[6]
1,[1]
17,[17]
2,"[2, 10, 17]"
7,"[7, 10, 17]"
7,"[2, 7, 17]"
17,"[1, 17]"
17,"[5, 17]"
11,"[1, 6, 11]"
17,"[1, 17]"
1,"[1, 3, 17]"
17,"[1, 17]"
17,[17]
17,[17]
17,"[1, 17]"
17,"[1, 8, 17]"
17,[17]
11,"[3, 11]"
17,"[1, 17]"
17,"[1, 17]"
17,"[1, 17]"
11,"[1, 11]"
17,"[1, 4, 17]"
17,"[1, 17]"
1,"[1, 3, 4, 17]"
17,[17]
17,"[1, 17]"
17,"[1, 17]"
1,"[1, 3, 6]"
17,"[1, 17]"
17,"[4, 17]"
17,"[1, 17]"
17,[17]
17,"[1, 17]"
4,[4]
11,"[1, 6, 11, 17]"
1,"[1, 17]"
4,"[3, 4, 17]"
17,"[3, 17]"
11,"[3, 11]"
17,"[1, 4, 17]"
17,[17]
17,"[4, 17]"
1,"[1, 3, 4, 17]"
17,"[1, 3, 17]"
17,"[1, 3, 17]"
17,"[1, 3, 17]"
17,"[1, 3, 4, 17]"
17,[17]
17,"[3, 17]"
11,"[3, 11]"
4,"[3, 4]"
17,"[3, 17]"
17,[17]
17,"[3, 17]"
17,"[3, 17]"
17,"[3, 17]"
11,"[1, 11]"
17,"[1, 17]"
17,"[1, 17]"
17,[17]
4,"[1, 4]"
17,"[1, 17]"
17,"[2, 3, 17]"
17,"[3, 17]"
17,"[3, 17]"
4,"[4, 17]"
4,"[4, 17]"
11,[11]
4,"[4, 17]"
17,"[1, 17]"
4,"[2, 4, 17]"
6,"[2, 4, 6]"
17,[17]
2,"[2, 4, 17]"
2,"[2, 4, 17]"
4,"[2, 4, 17]"
2,"[2, 4, 17]"
2,"[2, 4, 5, 17]"
6,"[2, 6, 17]"
17,"[4, 17]"
2,"[2, 4]"
6,[6]
2,"[2, 17]"
17,[17]
2,"[2, 17]"
17,[17]
2,"[2, 4, 17]"
2,"[2, 17]"
17,[17]
6,[6]
6,"[4, 6]"
2,"[2, 4, 6, 17]"
17,[17]
6,"[2, 4, 6]"
17,[17]
17,[17]
2,[2]
2,"[2, 4, 6, 17]"
17,[17]
2,"[2, 4, 17]"
2,"[2, 4, 17]"
2,[2]
17,"[4, 17]"
4,"[4, 17]"
17,"[4, 17]"
2,"[2, 4, 17]"
2,"[2, 4]"
17,[17]
4,"[2, 4, 17]"
17,"[4, 17]"
2,"[2, 4]"
6,"[4, 6, 17]"
2,"[2, 4]"
6,"[5, 6, 17]"
17,[17]
2,"[2, 4, 17]"
2,"[2, 4, 17]"
2,"[2, 4, 6, 17]"
2,"[2, 4, 17]"
2,[2]
4,[4]
17,[17]
17,[17]
17,[17]
2,"[2, 4]"
2,[2]
2,"[2, 17]"
2,[2]
17,[17]
2,"[2, 4]"
2,"[2, 4]"
2,"[2, 4]"
17,[17]
17,"[4, 17]"
17,"[14, 17]"
0,"[0, 9, 15, 17]"
17,[17]
17,[17]
17,"[14, 17]"
13,"[11, 13, 14, 17]"
13,"[8, 11, 13, 17]"
8,"[8, 11, 13, 14, 17]"
13,"[11, 13, 14, 17]"
17,"[15, 17]"
17,"[9, 15, 17]"
17,"[14, 17]"
17,"[9, 17]"
14,"[11, 13, 14, 17]"
5,"[5, 15, 17]"
17,"[14, 17]"
17,"[15, 17]"
8,"[8, 11, 13, 17]"
17,"[15, 17]"
0,"[0, 17]"
14,"[14, 17]"
17,"[9, 17]"
15,"[9, 15, 17]"
17,"[0, 17]"
16,"[14, 16]"
0,"[0, 15, 17]"
16,"[11, 14, 16]"
15,[15]
17,[17]
17,"[9, 17]"
17,"[9, 14, 15, 17]"
15,"[15, 17]"
13,"[11, 13, 14, 17]"
14,"[14, 17]"
17,"[9, 15, 17]"
17,[17]
17,"[14, 17]"
16,"[11, 14, 16, 17]"
0,"[0, 9, 15, 17]"
8,"[8, 14, 17]"
17,"[14, 17]"
5,[5]
8,"[8, 17]"
15,"[15, 17]"
14,[14]
8,"[8, 14, 17]"
17,"[14, 17]"
17,"[14, 17]"
17,"[9, 15, 17]"
17,"[14, 17]"
17,"[14, 17]"
17,[17]
17,"[14, 17]"
16,[11]
15,[15]
17,"[14, 17]"
5,"[5, 9, 17]"
5,"[5, 9, 17]"
17,"[9, 17]"
13,"[11, 13, 14, 17]"
16,"[16, 17]"
5,"[5, 17]"
17,[17]
0,"[0, 9, 17]"
14,"[14, 17]"
17,[17]
17,"[14, 17]"
17,[17]
17,[17]
17,"[15, 17]"
15,"[15, 17]"
17,"[0, 17]"
14,"[14, 17]"
15,"[15, 17]"
5,"[5, 17]"
5,"[5, 17]"
5,"[5, 17]"
15,"[15, 17]"
14,"[14, 17]"
5,"[5, 17]"
17,[17]
17,[17]
17,[17]
5,[5]
17,[17]
17,[17]
17,[17]
5,[5]
5,[5]
5,"[5, 17]"
17,"[15, 17]"
17,"[14, 17]"
9,[9]
17,[17]
14,"[14, 17]"
14,"[14, 17]"
14,"[14, 17]"
5,"[5, 14, 17]"
9,"[9, 15, 17]"
17,"[14, 17]"
17,"[6, 9, 15, 17]"
9,"[9, 17]"
17,"[15, 17]"
15,"[9, 15, 17]"
17,[17]
17,"[15, 17]"
17,[17]
17,"[15, 17]"
17,[17]
5,"[5, 17]"
17,"[15, 17]"
17,"[9, 17]"
17,"[14, 17]"
5,"[5, 17]"
17,[17]
17,"[15, 17]"
17,[17]
17,"[15, 17]"
15,"[9, 15, 17]"
5,"[5, 17]"
17,[17]
17,"[15, 17]"
17,"[14, 17]"
5,"[5, 17]"
17,"[15, 17]"
14,"[14, 17]"
14,"[14, 17]"
17,[17]
15,[15]
5,"[5, 17]"
9,[9]
5,"[5, 17]"
17,"[14, 17]"
17,[17]
17,"[5, 15, 17]"
5,"[5, 17]"
17,"[15, 17]"
17,"[14, 17]"
17,"[14, 17]"
5,[5]
17,[17]
15,"[15, 17]"
15,"[15, 17]"
17,[17]
17,[17]
17,"[15, 17]"
14,"[14, 17]"
5,"[5, 17]"
5,"[5, 17]"
17,"[15, 17]"
17,"[14, 17]"
17,"[9, 17]"
17,"[14, 17]"
15,"[9, 15, 17]"
14,"[14, 17]"
14,[14]
9,"[9, 15, 17]"
0,"[0, 17]"
17,"[9, 17]"
0,"[0, 9, 17]"
17,[17]
17,"[9, 17]"
17,"[9, 17]"
17,[9]
9,"[0, 9, 17]"
9,"[0, 9, 17]"
0,"[0, 17]"
17,"[9, 17]"
0,"[0, 5, 9, 17]"
0,"[0, 5, 9, 17]"
17,"[0, 9, 17]"
17,"[9, 17]"
17,"[0, 9, 17]"
17,"[9, 17]"
0,"[0, 9, 17]"
17,"[9, 17]"
17,"[9, 17]"
17,"[9, 17]"
17,[17]
17,"[9, 17]"
0,"[0, 17]"
9,"[9, 17]"
17,[17]
17,[17]
0,"[0, 9, 17]"
17,[17]
17,[17]
0,"[0, 17]"
17,[17]
17,"[9, 17]"
17,[17]
17,[17]
17,[17]
9,"[9, 17]"
0,"[0, 17]"
0,"[0, 9, 17]"
0,"[0, 17]"
17,[17]
0,"[0, 17]"
17,[17]
17,"[0, 5, 17]"
17,"[0, 9, 17]"
17,"[0, 5, 9, 17]"
17,"[0, 17]"
9,"[9, 17]"
0,"[0, 17]"
17,"[0, 17]"
0,"[0, 17]"
4,[4]
2,[2]
7,"[4, 7, 17]"
4,"[2, 4]"
2,"[2, 4]"
2,"[2, 4]"
2,"[2, 4]"
4,"[4, 17]"
2,"[2, 4]"
2,[2]
2,[2]
7,"[7, 17]"
2,[2]
2,[2]
2,"[2, 17]"
2,"[2, 17]"
2,"[2, 17]"
2,"[2, 4, 17]"
2,"[2, 4, 17]"
2,"[2, 4]"
2,"[2, 4]"
2,"[2, 4]"
2,"[2, 4]"
7,"[2, 4, 7, 17]"
2,[2]
2,[2]
2,[2]
7,"[7, 17]"
2,[2]
2,[2]
2,[2]
4,[4]
2,"[2, 17]"
4,"[2, 4, 17]"
2,"[2, 4, 17]"
7,"[2, 4, 7, 17]"
2,"[2, 4, 17]"
2,"[2, 17]"
2,"[2, 4]"
4,"[4, 17]"
4,"[4, 17]"
4,"[2, 4]"
2,"[2, 4]"
2,"[2, 4]"
2,"[2, 4]"
2,"[2, 17]"
2,"[2, 4]"
2,"[2, 4, 6]"
2,"[2, 4]"
4,"[2, 4]"
2,"[2, 4]"
2,"[2, 4, 6]"
4,"[2, 4]"
2,"[2, 4]"
2,"[2, 4]"
2,"[2, 4, 17]"
2,"[2, 4, 17]"
2,"[2, 4]"
2,"[2, 4]"
2,"[2, 4]"
2,"[2, 4]"
2,[2]
2,"[2, 4]"
2,[2]
4,"[2, 4]"
2,"[2, 4, 17]"
2,"[2, 4, 17]"
4,"[4, 17]"
4,[4]
2,"[2, 4]"
2,"[2, 17]"
2,[2]
4,[4]
4,[4]
2,"[2, 4]"
2,"[2, 4]"
2,"[2, 4]"
4,"[4, 17]"
4,"[2, 4]"
2,"[2, 4, 17]"
2,"[2, 4]"
2,"[2, 4]"
4,"[2, 4]"
2,"[2, 17]"
4,[4]
2,[2]
2,[2]
2,[2]
4,"[3, 4]"
2,"[2, 4, 6, 17]"
2,"[2, 6, 17]"
3,"[3, 6]"
17,"[0, 17]"
6,"[3, 6]"
2,[2]
17,"[3, 17]"
3,"[3, 6, 17]"
2,"[2, 4, 6]"
3,"[3, 6, 17]"
6,"[6, 17]"
6,"[3, 6, 17]"
6,"[3, 5, 6]"
3,"[3, 5, 6]"
4,"[3, 4, 7, 17]"
6,"[3, 6]"
4,"[3, 4]"
4,[4]
5,"[5, 17]"
6,"[3, 6]"
6,"[3, 6]"
17,[17]
6,"[5, 6]"
17,"[5, 17]"
17,"[5, 17]"
17,"[6, 17]"
5,"[5, 17]"
3,"[3, 17]"
17,"[3, 17]"
4,[4]
6,[6]
2,[2]
17,[17]
17,[17]
6,"[3, 6]"
17,[17]
5,"[3, 5]"
5,"[5, 17]"
5,[5]
4,"[4, 15, 17]"
17,"[2, 3, 17]"
9,"[9, 17]"
16,"[16, 17]"
4,"[4, 17]"
17,"[1, 17]"
17,[17]
15,"[9, 14, 15]"
17,[17]
17,"[15, 17]"
17,[17]
13,"[11, 13, 17]"
17,"[5, 17]"
13,"[11, 13, 15, 17]"
17,[17]
16,"[11, 13, 15, 16, 17]"
14,"[15, 17]"
13,"[11, 13, 16, 17]"
5,[17]
17,[17]
9,"[9, 15, 17]"
6,"[6, 17]"
17,"[15, 17]"
10,"[0, 1, 10, 17]"
0,"[0, 14, 17]"
17,"[1, 17]"
15,"[4, 15, 17]"
0,"[0, 15, 17]"
17,"[1, 5, 17]"
0,"[0, 5, 9, 17]"
6,"[1, 6, 17]"
5,"[5, 17]"
17,"[1, 17]"
17,"[5, 17]"
17,"[10, 17]"
17,"[1, 17]"
17,[17]
15,"[14, 15, 17]"
17,"[1, 17]"
6,"[1, 6, 17]"
17,[17]
1,"[1, 10]"
6,"[6, 11, 17]"
17,"[1, 10, 17]"
17,"[5, 17]"
1,"[1, 10, 17]"
17,"[1, 17]"
17,"[4, 17]"
0,"[0, 15, 17]"
17,"[1, 17]"
2,"[2, 10, 17]"
16,"[16, 17]"
17,"[1, 17]"
17,"[3, 17]"
17,"[4, 17]"
2,"[2, 10]"
5,[5]
0,"[0, 17]"
3,"[3, 17]"
17,"[4, 5, 17]"
0,"[0, 17]"
6,"[6, 17]"
0,"[0, 9, 17]"
9,"[9, 15]"
17,"[1, 17]"
17,"[1, 17]"
6,"[6, 17]"
17,"[1, 17]"
14,"[14, 17]"
17,[17]
17,"[3, 17]"
17,"[1, 17]"
10,"[2, 10]"
15,"[15, 17]"
3,"[3, 17]"
3,"[3, 17]"
17,"[1, 17]"
17,"[1, 17]"
17,"[1, 10, 17]"
17,"[1, 17]"
17,[17]
17,"[1, 17]"
0,"[0, 17]"
0,"[0, 5, 17]"
17,[17]
0,"[10, 17]"
4,"[4, 17]"
17,"[4, 5, 17]"
17,"[2, 3, 17]"
14,"[0, 14, 15, 17]"
17,[4]
17,"[0, 17]"
1,"[1, 4, 17]"
17,"[1, 17]"
1,"[1, 4, 17]"
15,"[14, 15, 17]"
15,"[14, 15, 17]"
17,"[0, 17]"
0,"[0, 17]"
17,[17]
17,[17]
17,[17]
17,"[1, 17]"
17,"[3, 17]"
17,"[3, 10, 17]"
9,[9]
0,"[0, 14, 17]"
17,[17]
17,"[6, 17]"
3,"[3, 17]"
6,"[6, 17]"
6,"[6, 17]"
0,"[0, 17]"
6,"[6, 17]"
17,"[1, 17]"
17,[17]
5,"[5, 17]"
2,"[2, 4, 17]"
17,"[2, 3, 17]"
17,[17]
17,[17]
17,"[2, 3, 17]"
13,"[11, 13, 17]"
17,[17]
3,"[3, 17]"
16,"[16, 17]"
9,"[0, 9, 17]"
0,"[0, 14, 17]"
5,"[5, 17]"
17,"[3, 17]"
17,"[1, 17]"
17,"[1, 17]"
6,"[6, 17]"
17,"[4, 17]"
17,[17]
5,"[5, 17]"
4,"[4, 5]"
0,"[0, 5, 14, 17]"
1,"[1, 17]"
17,"[3, 17]"
17,[17]
17,"[4, 17]"
0,"[0, 17]"
17,"[0, 17]"
0,"[0, 17]"
17,"[4, 17]"
15,"[15, 17]"
16,"[16, 17]"
2,"[2, 17]"
17,"[4, 17]"
17,"[1, 17]"
10,"[2, 10]"
5,"[5, 17]"
0,"[0, 14, 17]"
17,"[1, 17]"
17,"[2, 3, 17]"
17,"[5, 17]"
17,"[1, 17]"
17,"[10, 17]"
2,"[2, 10, 17]"
14,"[14, 15, 17]"
15,"[15, 17]"
17,[17]
5,"[5, 17]"
17,[17]
15,"[9, 15, 17]"
17,"[0, 9, 17]"
0,"[0, 17]"
15,"[14, 15]"
0,"[0, 14]"
10,"[1, 10]"
17,[17]
17,"[0, 17]"
13,"[11, 13, 17]"
17,[17]
0,"[0, 17]"
4,"[4, 17]"
0,"[0, 17]"
17,"[10, 17]"
5,"[5, 14]"
0,"[0, 14]"
10,"[1, 10]"
0,"[0, 15, 17]"
17,[17]
17,"[1, 17]"
17,"[15, 17]"
17,[17]
17,"[16, 17]"
17,[17]
17,[17]
17,"[5, 17]"
17,"[1, 17]"
14,"[14, 17]"
17,"[16, 17]"
17,"[16, 17]"
17,"[3, 9, 17]"
17,"[0, 17]"
5,"[5, 14]"
11,"[11, 17]"
17,[17]
17,[17]
17,"[11, 17]"
17,"[14, 17]"
5,"[5, 17]"
17,"[11, 17]"
15,"[11, 13, 14, 15, 17]"
14,"[14, 15, 17]"
17,"[14, 17]"
8,"[8, 17]"
17,"[15, 17]"
17,"[14, 17]"
17,[17]
17,"[14, 17]"
5,[5]
13,"[11, 13, 17]"
17,"[0, 11, 17]"
17,[17]
5,"[5, 17]"
13,"[11, 17]"
11,"[11, 17]"
13,"[11, 15]"
8,"[0, 8, 17]"
17,[17]
13,"[11, 17]"
17,[17]
17,[17]
17,[17]
17,"[15, 17]"
15,"[15, 17]"
13,"[11, 13, 15, 17]"
5,[5]
5,[5]
5,"[5, 17]"
17,[17]
17,"[14, 17]"
17,"[5, 17]"
17,[17]
17,[17]
5,"[5, 11]"
14,"[14, 15, 17]"
5,[5]
17,"[14, 15, 17]"
14,"[14, 15]"
13,"[11, 13, 15, 17]"
11,"[11, 13, 17]"
14,"[14, 15]"
5,"[5, 17]"
17,"[14, 15, 17]"
5,"[5, 17]"
5,"[5, 17]"
5,"[5, 17]"
13,"[11, 13, 17]"
15,[15]
17,[17]
17,"[14, 17]"
17,[17]
11,[11]
17,"[5, 17]"
17,[17]
17,"[15, 17]"
15,"[14, 15]"
17,[17]
5,[5]
17,[17]
17,[17]
5,"[5, 17]"
17,[17]
17,[17]
17,[17]
11,"[0, 11, 17]"
17,"[14, 17]"
17,"[14, 17]"
15,"[0, 15, 17]"
17,[17]
17,[17]
17,[17]
8,"[0, 8, 17]"
17,"[15, 17]"
17,"[15, 17]"
15,"[15, 17]"
17,[17]
15,"[15, 17]"
17,"[14, 17]"
14,"[14, 15]"
5,"[5, 17]"
13,"[11, 13, 16, 17]"
17,[17]
17,[17]
17,[17]
15,[15]
17,[17]
17,[17]
8,"[8, 14]"
8,"[8, 14, 17]"
17,"[14, 17]"
17,"[5, 17]"
13,"[4, 11, 13, 15, 17]"
17,[17]
17,"[4, 17]"
10,"[3, 10, 17]"
17,"[9, 15, 17]"
3,"[3, 4]"
17,"[15, 17]"
17,"[5, 17]"
17,"[10, 17]"
17,"[3, 17]"
15,"[0, 5, 9, 15, 17]"
2,"[2, 10, 17]"
17,[17]
17,"[15, 17]"
1,"[1, 3, 6, 10]"
17,[17]
2,"[2, 10, 17]"
17,"[2, 17]"
10,"[2, 10, 17]"
4,"[3, 4]"
17,[17]
17,[17]
17,[17]
17,[17]
17,"[15, 17]"
17,"[2, 17]"
17,"[15, 17]"
17,[17]
17,[10]
17,"[0, 17]"
17,"[0, 17]"
17,"[0, 2, 17]"
17,"[2, 17]"
10,"[2, 10]"
2,"[2, 10]"
17,"[10, 17]"
17,"[10, 17]"
17,[17]
17,[17]
5,"[5, 10, 17]"
17,"[2, 10, 17]"
17,"[10, 17]"
17,"[2, 17]"
4,"[3, 4]"
5,"[5, 15]"
17,[17]
5,"[5, 15]"
17,"[2, 17]"
17,[17]
17,"[15, 17]"
17,"[15, 17]"
17,[17]
17,"[2, 10, 17]"
15,"[0, 5, 15, 17]"
17,"[2, 10, 17]"
17,"[2, 3, 10, 17]"
17,"[5, 15, 17]"
17,"[2, 17]"
17,"[2, 10, 17]"
17,"[10, 17]"
10,"[2, 10]"
17,[17]
17,[17]
17,"[10, 17]"
17,"[10, 17]"
15,"[0, 15, 17]"
17,"[15, 17]"
4,"[3, 4]"
2,"[2, 10, 17]"
17,"[2, 17]"
10,"[3, 10]"
17,[17]
1,"[1, 3]"
17,"[0, 2, 17]"
17,[17]
17,"[2, 17]"
3,"[3, 6, 17]"
2,"[2, 4]"
17,[17]
17,"[8, 17]"
17,"[5, 17]"
10,"[10, 17]"
17,"[6, 10, 17]"
17,"[0, 17]"
17,[17]
17,[17]
17,[17]
17,"[10, 17]"
2,"[2, 4]"
17,"[1, 17]"
17,"[3, 17]"
2,"[2, 4]"
17,"[3, 6, 17]"
17,"[1, 17]"
17,[17]
17,"[0, 17]"
17,[17]
17,"[3, 6, 17]"
5,"[5, 10, 17]"
2,"[2, 4, 17]"
17,"[9, 10, 17]"
17,[17]
1,[1]
17,[17]
17,[17]
17,[17]
1,"[1, 2, 3, 4, 10, 17]"
2,"[2, 10, 17]"
3,"[3, 6, 17]"
10,"[2, 5, 10, 17]"
17,[17]
17,"[2, 17]"
17,[17]
4,"[3, 4, 17]"
2,"[2, 10, 17]"
1,"[1, 3, 17]"
17,"[10, 17]"
17,"[5, 17]"
17,"[10, 17]"
17,[17]
3,"[3, 6, 17]"
15,"[0, 15, 17]"
17,"[10, 17]"
17,"[0, 17]"
17,"[1, 17]"
17,"[2, 10, 17]"
17,[17]
17,"[5, 17]"
17,"[0, 17]"
2,"[2, 17]"
10,"[2, 10]"
17,"[2, 17]"
17,"[2, 17]"
17,"[10, 17]"
17,"[2, 17]"
17,"[10, 17]"
17,[17]
17,"[15, 17]"
17,[17]
17,"[10, 17]"
17,"[2, 10, 17]"
17,[17]
17,"[10, 17]"
17,[17]
15,"[15, 17]"
17,[17]
2,"[2, 17]"
17,"[4, 10, 17]"
17,"[0, 17]"
17,"[4, 17]"
17,"[8, 17]"
17,[17]
17,"[5, 15, 17]"
17,[17]
17,"[2, 4, 17]"
17,"[15, 17]"
17,[17]
2,[2]
17,[17]
17,"[15, 17]"
5,[5]
2,"[2, 10]"
17,[17]
3,"[3, 6]"
17,"[1, 10, 17]"
17,[17]
17,[17]
2,[2]
17,[17]
17,"[10, 17]"
17,[17]
17,"[10, 17]"
10,"[2, 10, 17]"
17,"[10, 17]"
17,[17]
17,[17]
4,"[4, 17]"
17,[17]
17,"[2, 10, 17]"
17,"[15, 17]"
15,"[9, 15, 17]"
15,"[15, 17]"
17,[17]
17,"[15, 17]"
17,"[15, 17]"
17,[17]
17,"[9, 17]"
17,"[15, 17]"
5,"[5, 17]"
15,"[9, 15]"
17,[17]
0,[0]
17,"[0, 17]"
17,[17]
17,"[15, 17]"
0,"[9, 15, 17]"
17,[17]
17,[17]
0,[0]
17,[17]
17,"[15, 17]"
5,"[5, 15, 17]"
17,"[15, 17]"
0,[0]
15,[15]
17,[17]
17,[17]
5,"[5, 17]"
5,"[5, 14, 15]"
17,"[5, 15, 17]"
5,"[5, 14, 15]"
15,"[5, 9, 15]"
17,"[15, 17]"
5,"[5, 9, 17]"
17,[15]
5,"[5, 15, 17]"
5,"[5, 15, 17]"
17,"[15, 17]"
17,"[15, 17]"
5,"[5, 15, 17]"
17,"[15, 17]"
17,"[15, 17]"
2,"[2, 17]"
8,"[8, 17]"
17,[17]
4,"[4, 17]"
17,"[4, 17]"
17,"[4, 17]"
17,"[4, 17]"
3,"[3, 4, 17]"
8,"[2, 4, 8, 17]"
4,"[4, 8, 17]"
8,"[4, 8, 17]"
4,"[4, 8, 17]"
4,"[3, 4]"
2,"[2, 8, 17]"
4,"[2, 3, 4, 17]"
17,[17]
17,"[4, 17]"
17,[17]
17,[17]
3,"[3, 4, 17]"
3,"[3, 17]"
8,"[2, 4, 8]"
3,"[3, 4, 17]"
4,"[2, 4, 6, 17]"
3,"[2, 3, 17]"
2,"[2, 3, 17]"
4,"[2, 3, 4, 8, 17]"
17,[17]
17,[17]
17,[17]
3,[3]
17,[17]
4,"[2, 4, 17]"
17,"[2, 4, 17]"
4,"[4, 17]"
17,"[4, 17]"
17,"[4, 17]"
17,[17]
2,"[2, 4, 8, 17]"
8,"[2, 8, 17]"
4,"[2, 3, 4, 17]"
2,"[2, 4]"
2,"[2, 4]"
3,"[3, 4, 17]"
17,"[3, 17]"
8,"[2, 3, 4, 8, 17]"
2,"[2, 4, 17]"
3,"[3, 4, 17]"
3,[3]
3,[3]
8,"[2, 8, 17]"
17,"[3, 17]"
8,"[2, 8]"
4,[4]
4,"[2, 3, 4, 17]"
3,[3]
4,"[2, 4, 17]"
2,"[2, 4]"
3,[3]
4,"[4, 17]"
17,"[3, 17]"
4,"[4, 17]"
3,"[3, 17]"
2,"[2, 4]"
4,"[2, 4]"
8,"[2, 8, 17]"
3,"[3, 17]"
4,"[3, 4]"
4,[4]
3,"[3, 4, 17]"
4,"[3, 4, 17]"
2,"[2, 4]"
17,"[0, 1, 17]"
17,"[1, 17]"
17,"[0, 1, 17]"
11,"[6, 11, 17]"
17,"[1, 17]"
11,"[6, 11, 17]"
11,"[11, 17]"
8,[17]
17,[17]
8,"[8, 14]"
17,"[1, 17]"
8,"[8, 17]"
14,[14]
6,[6]
17,[17]
15,[15]
8,"[8, 17]"
17,"[1, 17]"
17,[17]
0,"[16, 17]"
14,[14]
17,[17]
17,[17]
17,[17]
7,"[7, 17]"
17,"[14, 17]"
17,"[14, 17]"
17,"[1, 17]"
7,"[7, 17]"
11,"[6, 11, 17]"
17,"[1, 17]"
0,"[0, 17]"
17,"[14, 17]"
8,"[8, 17]"
17,[17]
6,"[1, 6]"
14,"[14, 17]"
1,"[1, 17]"
11,"[6, 11, 17]"
8,"[8, 14]"
3,"[3, 5, 17]"
8,"[8, 17]"
17,"[14, 17]"
3,"[3, 5]"
8,"[6, 8, 17]"
17,"[6, 8, 17]"
15,"[15, 17]"
17,"[0, 1, 17]"
14,"[14, 17]"
8,"[8, 14, 17]"
1,"[1, 17]"
17,"[1, 17]"
6,"[1, 6]"
0,"[0, 16]"
11,"[11, 17]"
17,[17]
17,[17]
17,"[1, 17]"
17,[17]
6,[6]
17,[17]
7,"[7, 17]"
17,[17]
17,[17]
0,[0]
15,"[15, 17]"
15,"[15, 17]"
17,[17]
17,"[15, 17]"
17,"[0, 17]"
11,"[11, 17]"
11,"[1, 11]"
14,"[14, 15, 17]"
17,"[1, 17]"
8,"[8, 11, 14]"
17,"[1, 17]"
17,"[1, 17]"
17,"[1, 17]"
17,"[14, 17]"
8,"[5, 8, 17]"
8,"[5, 8, 17]"
17,"[5, 17]"
11,"[1, 11, 17]"
3,"[3, 5]"
11,"[1, 11, 17]"
7,"[7, 17]"
11,"[6, 11, 17]"
8,"[8, 17]"
8,"[8, 11, 14, 17]"
17,"[14, 17]"
17,"[14, 15, 17]"
11,"[11, 15, 17]"
11,"[8, 11]"
17,[17]
1,"[1, 6, 17]"
3,"[1, 3, 5, 17]"
17,"[1, 17]"
17,"[1, 17]"
1,"[1, 17]"
1,"[1, 17]"
3,"[3, 17]"
17,"[6, 11, 17]"
11,"[6, 11, 14, 17]"
6,"[1, 6, 11]"
17,"[1, 17]"
15,"[0, 15]"
17,[17]
11,"[6, 11]"
17,"[1, 17]"
7,"[5, 17]"
17,"[1, 17]"
17,"[14, 17]"
17,"[6, 17]"
8,"[8, 17]"
0,"[0, 9, 15, 17]"
0,"[0, 17]"
9,[9]
0,"[0, 17]"
17,[17]
0,"[0, 17]"
17,[17]
15,[15]
17,[17]
17,[17]
17,[17]
17,[17]
0,"[0, 17]"
0,"[0, 17]"
0,"[0, 17]"
0,"[0, 17]"
17,[17]
17,[17]
17,[17]
17,[17]
17,"[0, 5, 17]"
9,"[0, 5, 6, 9, 15, 17]"
0,"[0, 5, 6, 9, 17]"
17,"[0, 6, 9, 17]"
0,"[0, 17]"
0,"[0, 17]"
0,"[0, 15, 17]"
0,"[0, 15, 17]"
17,"[15, 17]"
17,[17]
15,"[6, 15, 17]"
17,"[5, 17]"
0,"[0, 17]"
0,"[0, 15, 17]"
0,"[0, 17]"
17,[17]
17,[17]
17,[17]
9,"[9, 17]"
0,"[0, 17]"
0,"[0, 17]"
17,"[6, 17]"
17,[17]
9,[9]
0,[]
17,[17]
0,"[0, 17]"
17,[17]
0,"[0, 5, 9, 17]"
17,"[0, 17]"
15,"[9, 15, 17]"
17,"[0, 17]"
15,"[9, 15, 17]"
0,"[0, 15, 17]"
17,"[9, 17]"
17,"[9, 15, 17]"
17,[17]
17,[17]
9,[9]
17,[17]
17,[17]
17,[17]
0,"[0, 17]"
17,"[15, 17]"
17,"[0, 17]"
17,"[15, 17]"
0,"[0, 9, 17]"
15,"[9, 15]"
17,"[9, 17]"
17,"[9, 17]"
17,"[9, 17]"
17,[17]
17,[17]
0,"[0, 17]"
17,[17]
17,[17]
17,"[15, 17]"
8,"[14, 17]"
14,"[14, 17]"
17,"[9, 15, 17]"
17,"[15, 17]"
14,"[14, 16]"
14,"[14, 17]"
15,"[15, 17]"
0,"[0, 17]"
13,"[11, 13, 16, 17]"
17,"[14, 17]"
17,[17]
17,"[14, 17]"
17,"[14, 17]"
17,[17]
0,"[0, 15]"
8,"[8, 14, 17]"
17,[17]
15,"[15, 17]"
17,[17]
0,"[0, 14, 17]"
17,"[14, 17]"
13,"[11, 13, 16, 17]"
5,"[5, 15, 17]"
17,"[16, 17]"
13,"[11, 13, 16, 17]"
17,"[15, 17]"
5,"[5, 17]"
17,"[14, 17]"
17,[17]
15,"[9, 15, 17]"
0,"[0, 14, 17]"
16,"[11, 13, 14, 17]"
17,"[14, 17]"
14,"[14, 17]"
8,"[8, 14, 17]"
17,"[15, 17]"
16,"[16, 17]"
17,"[9, 17]"
17,"[15, 17]"
14,"[14, 16]"
16,"[14, 16]"
17,"[14, 17]"
17,"[14, 17]"
16,"[14, 16]"
15,"[9, 14, 15]"
5,"[5, 9, 16]"
0,"[9, 14, 15]"
13,"[5, 11, 13, 16, 17]"
17,[17]
13,"[11, 13, 17]"
17,"[14, 17]"
16,[16]
8,"[8, 17]"
17,"[14, 17]"
8,"[8, 14, 17]"
17,"[14, 17]"
17,"[14, 17]"
17,"[9, 17]"
17,"[14, 17]"
5,"[5, 16]"
5,"[5, 15]"
15,"[15, 17]"
17,[17]
17,[17]
17,[17]
5,"[5, 17]"
17,[17]
17,[17]
17,[17]
5,"[5, 17]"
5,"[5, 17]"
17,"[16, 17]"
5,"[0, 5, 17]"
17,"[9, 17]"
17,[17]
5,"[5, 17]"
17,[17]
7,"[2, 7, 17]"
2,"[2, 17]"
4,"[4, 17]"
2,"[2, 4, 17]"
2,[2]
2,[2]
0,"[0, 17]"
17,[17]
4,[4]
17,[17]
4,"[2, 4, 17]"
2,"[2, 7, 17]"
5,"[5, 17]"
0,"[0, 5, 10, 17]"
2,"[0, 2, 10, 17]"
4,"[4, 17]"
2,"[2, 7, 17]"
2,"[2, 4, 17]"
0,"[0, 5, 17]"
2,"[2, 17]"
17,"[4, 17]"
17,[17]
0,"[0, 5, 17]"
4,[4]
17,"[8, 17]"
0,"[0, 5, 7, 17]"
0,[17]
2,"[2, 17]"
7,[17]
2,"[2, 7, 17]"
0,"[0, 17]"
17,"[0, 10, 17]"
2,"[0, 2, 17]"
8,"[0, 8, 17]"
4,"[4, 17]"
2,"[2, 4, 5]"
2,"[2, 17]"
0,"[0, 5, 17]"
4,"[4, 17]"
2,"[0, 2, 5, 17]"
5,"[0, 5, 17]"
6,"[6, 17]"
5,"[0, 5, 17]"
8,"[8, 17]"
2,"[2, 17]"
5,"[0, 5, 17]"
7,[17]
2,"[2, 4, 10, 17]"
2,"[2, 4, 17]"
6,"[4, 6, 17]"
5,"[5, 8, 17]"
7,"[2, 7, 17]"
8,"[8, 17]"
0,"[0, 5, 17]"
2,[2]
2,[2]
2,[2]
4,"[2, 4, 17]"
2,"[0, 2, 17]"
2,"[0, 2, 4, 17]"
0,"[0, 5, 17]"
2,"[2, 4, 17]"
17,"[4, 17]"
2,"[2, 17]"
17,"[8, 17]"
5,"[0, 5, 17]"
4,"[2, 4]"
6,[6]
17,[17]
2,[2]
2,"[2, 17]"
17,[17]
4,"[4, 17]"
5,"[0, 5, 17]"
0,"[0, 5, 17]"
2,"[2, 4, 17]"
5,"[0, 5, 8, 17]"
2,"[2, 17]"
2,[2]
0,"[0, 17]"
6,"[6, 17]"
0,"[0, 17]"
2,"[2, 7, 17]"
2,"[2, 7, 17]"
8,"[8, 17]"
17,[17]
2,"[2, 7, 17]"
2,"[2, 17]"
0,"[0, 7, 17]"
2,"[2, 4, 17]"
2,"[2, 4, 17]"
17,"[4, 17]"
5,"[5, 8, 17]"
2,"[0, 2, 7, 17]"
2,"[2, 4, 6, 17]"
2,"[0, 2, 7, 17]"
8,"[5, 8, 17]"
2,"[2, 17]"
5,"[0, 5, 17]"
7,[2]
17,"[2, 4, 17]"
6,"[4, 6, 7, 17]"
2,"[2, 4]"
2,"[2, 4, 17]"
17,"[2, 17]"
17,[17]
0,"[0, 2, 5, 17]"
4,"[2, 4]"
2,"[2, 8, 17]"
2,"[2, 8, 17]"
2,"[2, 4]"
2,"[2, 4]"
4,"[2, 4, 17]"
4,"[2, 4]"
2,"[2, 4, 17]"
2,"[2, 4]"
2,"[2, 4]"
4,"[2, 4]"
2,"[2, 4]"
2,"[2, 4, 17]"
2,"[2, 4]"
2,"[2, 4]"
2,"[2, 4, 8, 17]"
2,"[2, 17]"
2,"[2, 17]"
2,"[2, 17]"
4,"[2, 4, 17]"
4,"[2, 4]"
2,"[2, 4, 17]"
17,"[6, 17]"
2,"[2, 4, 17]"
2,"[2, 4, 17]"
17,"[4, 17]"
2,"[2, 4]"
17,"[2, 17]"
4,"[2, 4, 17]"
2,"[2, 4]"
2,"[2, 4]"
17,"[10, 17]"
2,"[2, 4]"
17,"[4, 17]"
4,"[2, 4]"
17,[17]
17,[2]
2,"[2, 4]"
17,[17]
2,"[2, 4]"
17,"[2, 4, 17]"
2,"[2, 4, 17]"
4,"[4, 17]"
2,"[2, 4, 17]"
2,[2]
17,"[2, 4, 17]"
17,"[2, 4, 17]"
4,"[2, 4, 17]"
2,"[2, 4, 17]"
17,"[2, 17]"
2,[2]
17,[17]
17,[17]
17,[17]
17,[17]
17,"[4, 17]"
2,"[2, 4, 17]"
17,"[4, 17]"
2,"[2, 4, 17]"
2,"[2, 4, 17]"
17,"[2, 4]"
2,"[2, 10]"
2,[2]
2,"[2, 4]"
15,"[6, 15, 17]"
7,"[7, 17]"
7,"[3, 7, 17]"
17,[17]
4,"[3, 17]"
2,"[2, 4, 17]"
6,"[0, 6, 15, 17]"
17,[17]
2,"[2, 4, 17]"
6,"[0, 6, 15, 17]"
17,"[5, 15, 17]"
17,"[3, 17]"
17,"[3, 17]"
2,"[2, 4, 17]"
0,"[0, 9, 17]"
6,"[6, 15]"
4,"[2, 4]"
3,"[2, 4]"
5,"[5, 17]"
2,"[2, 4, 17]"
5,"[3, 5]"
17,[17]
2,"[2, 4, 17]"
17,[17]
0,"[0, 17]"
7,"[7, 17]"
15,"[6, 9, 15]"
0,"[0, 9, 17]"
5,"[5, 17]"
0,"[0, 17]"
2,"[2, 4]"
5,"[5, 17]"
17,[17]
17,[17]
6,"[6, 9]"
7,"[7, 17]"
4,"[3, 4, 17]"
0,"[0, 17]"
15,"[6, 9, 15, 17]"
2,"[2, 4, 17]"
4,"[2, 4, 17]"
9,"[0, 6, 9, 17]"
17,"[9, 15, 17]"
0,"[0, 17]"
4,"[2, 4, 17]"
17,"[9, 17]"
17,[17]
17,[17]
4,"[4, 17]"
4,"[4, 17]"
0,"[0, 17]"
0,"[0, 17]"
0,"[0, 17]"
0,"[0, 17]"
3,"[3, 4]"
9,"[6, 9]"
3,"[3, 6]"
15,"[6, 15]"
5,"[3, 5]"
17,[17]
17,[17]
15,"[6, 15]"
0,"[0, 17]"
9,"[0, 6, 9, 17]"
5,"[3, 5]"
4,"[3, 4]"
0,"[0, 17]"
4,[4]
2,[2]
6,[6]
2,"[2, 4]"
17,"[3, 17]"
5,"[3, 5]"
4,"[3, 4]"
9,"[9, 15]"
0,"[0, 9, 17]"
5,"[5, 17]"
6,"[3, 6, 17]"
3,"[3, 6, 17]"
0,"[0, 17]"
17,[17]
5,"[5, 17]"
3,"[3, 4]"
7,"[7, 17]"
2,"[2, 4, 17]"
2,"[2, 4, 17]"
0,"[0, 17]"
0,"[0, 17]"
0,"[0, 9, 15, 17]"
5,"[3, 5]"
17,"[0, 17]"
5,"[5, 17]"
17,"[0, 17]"
17,"[6, 17]"
6,"[3, 6]"
2,"[2, 4, 5, 17]"
9,"[6, 9]"
2,"[2, 4, 17]"
17,"[0, 17]"
17,[17]
17,[15]
5,[5]
0,"[0, 17]"
0,"[0, 17]"
6,"[0, 6, 17]"
2,"[2, 4, 17]"
6,"[3, 6, 17]"
5,"[5, 17]"
2,"[2, 4, 17]"
6,"[6, 17]"
17,"[5, 17]"
17,"[5, 17]"
17,"[8, 17]"
17,[17]
5,"[5, 8, 17]"
17,[17]
17,[17]
17,[17]
17,[17]
5,"[5, 17]"
17,[17]
17,[17]
17,[17]
17,[17]
17,[17]
17,[17]
17,[17]
17,[17]
5,"[5, 17]"
17,[17]
5,"[5, 17]"
17,[17]
17,[17]
17,[17]
17,"[5, 17]"
5,"[5, 17]"
17,[17]
17,[17]
17,[17]
17,"[8, 17]"
5,"[5, 17]"
17,[17]
17,[17]
17,[17]
17,[17]
17,[17]
17,[17]
17,[17]
17,[17]
17,[17]
17,[17]
17,"[5, 17]"
17,[17]
17,[17]
5,"[5, 17]"
5,"[5, 17]"
17,"[5, 17]"
5,"[5, 17]"
17,[17]
17,[17]
17,[17]
17,[17]
17,[17]
17,"[5, 17]"
17,[17]
17,[17]
17,[17]
5,"[5, 17]"
17,[17]
17,[17]
17,"[5, 17]"
17,[17]
15,"[15, 17]"
5,"[5, 17]"
15,"[6, 15, 17]"
5,[5]
6,"[6, 17]"
6,"[6, 15, 17]"
17,"[0, 17]"
15,"[6, 9, 15, 17]"
6,"[6, 15, 17]"
9,"[6, 9, 17]"
9,"[0, 9, 17]"
0,"[0, 17]"
15,"[9, 15, 17]"
0,"[0, 17]"
5,"[5, 17]"
17,"[15, 17]"
17,"[5, 15, 17]"
15,"[6, 15, 17]"
17,"[5, 6, 17]"
17,[17]
0,"[0, 17]"
0,"[0, 17]"
17,"[15, 17]"
17,"[0, 17]"
5,"[5, 17]"
6,[6]
0,"[0, 17]"
6,[6]
9,[9]
5,[5]
5,[5]
0,"[0, 17]"
17,[17]
5,[5]
0,"[0, 17]"
9,"[9, 17]"
9,"[0, 9, 17]"
5,"[5, 17]"
17,[17]
0,"[0, 15, 17]"
17,[17]
5,"[5, 17]"
0,"[0, 9, 17]"
0,"[0, 17]"
5,"[5, 17]"
4,[4]
17,"[4, 17]"
3,"[3, 17]"
4,"[3, 4]"
11,"[4, 5, 10, 11, 17]"
17,"[4, 10, 17]"
2,[2]
17,[17]
2,"[2, 17]"
17,"[2, 6, 17]"
17,"[4, 17]"
17,[17]
17,[17]
11,[11]
2,[2]
3,[3]
2,[2]
17,[17]
3,"[3, 4]"
4,"[3, 4, 17]"
2,[2]
3,[3]
2,[2]
17,[17]
2,[2]
3,[3]
2,"[2, 17]"
3,"[3, 4, 17]"
2,"[2, 17]"
3,"[3, 4]"
17,"[3, 4, 17]"
17,"[4, 17]"
17,"[6, 17]"
17,[17]
11,"[6, 11, 17]"
3,"[3, 4]"
4,[4]
11,[11]
4,"[4, 17]"
3,[3]
17,[17]
11,[11]
17,"[4, 17]"
2,"[2, 4]"
17,[17]
17,"[8, 17]"
5,"[5, 17]"
17,[17]
6,"[6, 9, 17]"
17,"[5, 17]"
17,"[6, 9, 17]"
17,"[5, 17]"
17,[17]
6,"[6, 17]"
17,[17]
17,"[5, 17]"
17,"[0, 17]"
6,"[0, 6, 17]"
0,"[0, 17]"
0,"[0, 9, 17]"
17,[17]
17,[17]
17,[17]
17,[17]
17,"[0, 9, 17]"
17,"[5, 17]"
5,"[5, 17]"
6,"[0, 6, 17]"
9,"[0, 9, 17]"
17,[17]
17,"[0, 9, 17]"
5,"[0, 5, 17]"
17,[17]
17,[17]
17,[17]
17,[17]
6,"[6, 9]"
17,"[7, 17]"
9,"[6, 9]"
0,"[0, 9, 17]"
17,[17]
17,[17]
17,[17]
17,[17]
17,[17]
17,[17]
17,"[5, 17]"
5,"[5, 17]"
17,[17]
17,[17]
17,"[9, 17]"
5,"[5, 17]"
5,"[5, 17]"
17,[17]
17,[17]
5,[5]
17,[17]
9,[9]
17,[17]
17,[17]
5,"[5, 17]"
0,"[0, 5, 6, 9, 17]"
5,"[0, 5, 17]"
17,[17]
0,"[0, 5, 17]"
17,[17]
9,"[0, 9, 17]"
17,"[2, 17]"
17,"[4, 17]"
6,"[2, 6]"
3,"[3, 6, 17]"
17,"[3, 17]"
17,"[3, 17]"
6,"[6, 17]"
17,"[3, 17]"
6,"[3, 6]"
2,"[2, 4]"
17,"[3, 17]"
2,"[2, 4]"
4,"[3, 4, 17]"
4,"[3, 4, 17]"
6,"[3, 6]"
6,"[6, 17]"
17,"[6, 17]"
4,"[3, 4, 17]"
2,"[2, 17]"
4,"[3, 4, 17]"
4,[4]
3,[3]
2,[2]
2,[2]
2,"[2, 17]"
3,"[3, 6]"
17,"[3, 17]"
4,"[3, 4]"
6,"[6, 17]"
4,[4]
17,"[4, 17]"
2,[2]
6,[6]
3,[3]
6,"[3, 6]"
4,"[3, 4]"
17,"[3, 17]"
4,"[3, 4, 17]"
2,"[2, 4]"
3,"[3, 17]"
4,"[2, 3, 4]"
4,"[3, 4, 17]"
4,"[2, 3, 4]"
17,"[3, 17]"
17,[17]
17,"[3, 17]"
2,"[2, 4]"
4,"[3, 4]"
2,"[2, 4]"
4,"[3, 4]"
17,"[3, 17]"
17,"[3, 17]"
4,"[2, 3, 4]"
17,[17]
17,[17]
6,"[6, 17]"
3,"[3, 17]"
2,"[2, 4]"
2,"[2, 4, 17]"
3,"[3, 4, 17]"
17,"[3, 17]"
17,"[2, 4, 17]"
4,"[2, 4, 17]"
2,"[2, 4, 7, 17]"
17,"[2, 3, 17]"
17,"[4, 7, 17]"
2,"[2, 3, 4, 6]"
17,"[3, 4, 6, 17]"
2,"[2, 4, 17]"
2,"[2, 3, 4, 17]"
17,"[2, 3, 4, 17]"
4,"[2, 4, 17]"
2,"[2, 4]"
17,"[2, 3, 17]"
4,"[2, 4, 17]"
2,"[2, 4, 17]"
4,"[2, 4, 17]"
6,"[3, 6, 17]"
4,"[2, 4]"
17,"[6, 17]"
4,"[2, 4]"
4,"[4, 17]"
2,"[2, 17]"
3,"[3, 17]"
17,"[3, 17]"
6,"[3, 6, 17]"
2,"[2, 4]"
4,"[2, 3, 4, 17]"
4,[4]
17,"[4, 17]"
2,[2]
4,"[2, 4]"
17,[17]
3,[3]
2,[2]
2,[2]
2,[2]
4,[4]
2,"[2, 3, 4, 17]"
4,"[2, 3, 4]"
2,"[2, 17]"
2,"[2, 4]"
4,"[2, 4]"
17,[17]
2,"[2, 4]"
2,"[2, 4, 17]"
2,"[2, 4]"
3,"[2, 3, 17]"
2,"[2, 4]"
2,"[2, 4]"
4,"[4, 6]"
17,[17]
2,"[2, 4]"
17,"[2, 17]"
4,"[2, 4, 17]"
17,"[2, 17]"
17,"[2, 17]"
2,"[2, 4]"
6,"[3, 6]"
17,"[2, 3]"
6,"[3, 6]"
2,"[2, 4, 17]"
17,[17]
14,"[14, 17]"
13,"[11, 13, 17]"
14,"[14, 17]"
17,"[15, 17]"
5,"[5, 17]"
15,"[9, 15, 17]"
17,"[14, 17]"
0,"[0, 14, 17]"
0,"[0, 15, 17]"
17,"[5, 17]"
15,"[9, 15, 17]"
17,"[15, 17]"
17,"[15, 17]"
17,"[14, 17]"
5,"[5, 17]"
5,[5]
14,"[14, 17]"
17,[17]
17,"[14, 17]"
14,"[14, 17]"
5,"[5, 14, 17]"
17,"[14, 17]"
17,[17]
13,"[11, 13, 17]"
5,"[5, 17]"
13,"[11, 13, 17]"
17,"[14, 17]"
5,[5]
17,[17]
17,"[14, 17]"
17,"[15, 17]"
13,"[11, 13, 17]"
17,"[14, 17]"
17,"[14, 17]"
5,[5]
17,"[5, 17]"
17,[17]
17,[17]
14,"[14, 15, 17]"
5,"[5, 14]"
17,"[15, 17]"
17,[17]
5,[5]
17,"[14, 15, 17]"
15,"[15, 17]"
5,"[5, 15, 17]"
15,"[9, 15, 17]"
17,[17]
17,[17]
13,"[11, 13, 17]"
17,[17]
15,"[15, 17]"
17,[17]
17,"[16, 17]"
0,"[0, 17]"
17,[17]
17,[17]
13,"[11, 13, 16, 17]"
0,"[15, 17]"
8,"[8, 14, 17]"
0,[17]
17,"[14, 16, 17]"
0,"[5, 17]"
17,"[14, 17]"
17,"[15, 17]"
17,"[14, 17]"
8,"[8, 14]"
17,[17]
8,"[8, 17]"
8,"[8, 17]"
16,"[14, 16]"
8,"[8, 17]"
8,"[8, 14, 17]"
17,"[14, 17]"
13,"[11, 17]"
16,[16]
17,"[14, 17]"
8,"[8, 14]"
17,"[15, 17]"
8,"[8, 17]"
15,"[15, 17]"
15,"[15, 17]"
17,"[15, 17]"
8,"[8, 17]"
15,"[15, 17]"
14,"[14, 17]"
14,"[14, 16, 17]"
8,"[8, 17]"
5,[5]
14,[14]
8,"[8, 17]"
16,[16]
17,[17]
15,"[15, 17]"
13,"[11, 16]"
17,[17]
13,"[11, 16]"
14,[14]
5,"[5, 17]"
5,"[5, 17]"
17,"[15, 17]"
17,"[14, 17]"
17,"[14, 17]"
8,"[8, 17]"
0,"[0, 17]"
0,"[0, 17]"
17,"[14, 17]"
17,"[16, 17]"
16,"[14, 16]"
16,"[15, 16]"
17,"[14, 17]"
17,"[14, 17]"
17,[17]
17,[17]
17,[17]
8,[8]
17,[17]
5,[5]
5,[5]
17,[17]
8,"[8, 14, 17]"
15,"[9, 15]"
17,"[14, 17]"
14,"[14, 17]"
8,"[8, 14, 17]"
13,"[11, 13, 17]"
17,"[14, 16, 17]"
17,"[3, 17]"
17,"[3, 17]"
17,[17]
9,"[9, 15, 17]"
17,[17]
4,"[4, 17]"
0,"[0, 17]"
15,"[0, 5, 15, 17]"
17,[17]
15,"[5, 15, 17]"
17,"[0, 17]"
0,"[0, 17]"
17,[17]
9,"[0, 9, 17]"
0,"[0, 17]"
17,[17]
17,"[3, 17]"
17,"[4, 17]"
17,[17]
17,"[4, 17]"
4,"[4, 17]"
4,"[4, 17]"
5,[5]
15,[15]
0,"[0, 17]"
0,"[0, 5, 9, 17]"
5,"[5, 17]"
17,"[0, 3, 17]"
0,"[0, 17]"
15,"[0, 5, 9, 15, 17]"
17,[17]
0,"[0, 17]"
0,"[0, 15, 17]"
17,"[3, 17]"
0,"[0, 5, 17]"
17,"[3, 17]"
0,"[0, 5, 15, 17]"
17,"[4, 17]"
17,[17]
17,[17]
17,[17]
17,[17]
0,"[0, 17]"
17,[17]
0,"[0, 17]"
17,"[4, 17]"
0,"[0, 17]"
17,[17]
17,"[4, 17]"
9,"[0, 9, 17]"
0,"[0, 15, 17]"
5,"[5, 17]"
17,[17]
17,[17]
0,"[0, 17]"
17,"[15, 17]"
17,"[3, 17]"
0,"[0, 17]"
0,"[0, 5, 17]"
17,"[15, 17]"
17,"[5, 17]"
17,[17]
0,"[0, 15, 17]"
17,"[10, 17]"
17,[17]
17,"[0, 3, 17]"
0,"[0, 17]"
17,"[5, 17]"
9,"[9, 17]"
17,[17]
17,[17]
4,"[4, 17]"
0,"[0, 17]"
17,[3]
17,"[4, 17]"
0,"[0, 17]"
0,"[0, 15, 17]"
17,"[4, 17]"
17,[17]
9,[9]
17,[17]
17,[17]
4,[4]
17,[17]
17,"[4, 17]"
17,"[3, 5, 17]"
17,"[5, 17]"
0,"[0, 9, 17]"
17,"[5, 17]"
17,[17]
17,"[3, 5, 17]"
17,"[3, 15, 17]"
0,"[0, 17]"
17,[17]
17,"[0, 17]"
17,"[0, 17]"
1,[1]
17,"[0, 17]"
5,"[1, 5]"
17,"[1, 17]"
17,[17]
5,"[5, 17]"
1,"[1, 17]"
11,"[1, 6, 11]"
5,"[5, 17]"
17,"[1, 17]"
17,"[1, 17]"
17,"[1, 6, 17]"
17,"[1, 17]"
11,"[1, 11]"
17,"[1, 6, 17]"
17,"[0, 17]"
17,"[1, 17]"
17,"[1, 17]"
11,"[1, 11]"
17,[17]
17,[17]
17,[17]
11,[11]
17,[17]
11,"[1, 11]"
1,"[1, 6]"
17,[17]
17,"[0, 17]"
17,[17]
17,"[1, 17]"
17,"[1, 17]"
17,[17]
17,"[5, 17]"
17,"[1, 17]"
1,"[1, 17]"
1,"[1, 17]"
17,[17]
17,"[0, 1, 17]"
17,[17]
5,"[5, 17]"
17,"[5, 17]"
17,"[1, 6, 17]"
17,"[1, 17]"
17,"[1, 17]"
17,"[1, 17]"
17,"[1, 17]"
5,"[5, 17]"
0,"[0, 17]"
17,"[0, 17]"
0,"[0, 9, 10, 15, 17]"
0,"[0, 9, 17]"
17,[17]
6,"[6, 15]"
0,"[0, 17]"
2,"[2, 9]"
6,"[6, 15]"
6,"[6, 15]"
0,"[0, 17]"
9,"[0, 9, 17]"
2,"[2, 4, 17]"
15,"[0, 9, 15, 17]"
0,"[0, 17]"
9,"[0, 9, 15, 17]"
2,"[2, 4]"
0,"[0, 17]"
17,"[15, 17]"
15,"[15, 17]"
17,"[4, 17]"
17,"[4, 17]"
0,"[4, 17]"
0,"[0, 5, 17]"
4,"[2, 4, 17]"
0,"[0, 17]"
15,[15]
0,"[0, 17]"
0,"[0, 17]"
9,[9]
4,"[0, 4, 17]"
9,"[0, 9, 17]"
17,"[0, 17]"
9,"[0, 9, 17]"
17,"[4, 17]"
6,"[6, 9, 15]"
0,"[0, 9, 17]"
6,"[9, 15, 17]"
0,"[0, 9, 15, 17]"
17,"[4, 17]"
0,"[0, 5, 9, 17]"
0,"[0, 5, 9, 15, 17]"
2,"[2, 4, 17]"
0,"[0, 17]"
15,[15]
2,"[2, 17]"
15,[15]
9,[9]
2,[2]
0,"[0, 17]"
9,"[9, 17]"
0,"[0, 17]"
2,"[2, 17]"
17,[17]
2,[2]
4,[4]
2,"[2, 10]"
4,"[4, 17]"
0,"[0, 17]"
17,"[15, 17]"
4,"[4, 17]"
9,"[9, 17]"
2,"[2, 4, 17]"
2,"[2, 4, 17]"
4,"[2, 4, 17]"
2,"[2, 4, 17]"
2,"[2, 4, 17]"
2,"[2, 4, 17]"
2,"[2, 4]"
2,"[2, 11]"
2,"[2, 4, 11]"
2,"[2, 4]"
4,"[2, 4]"
4,"[2, 4]"
4,"[2, 4, 17]"
2,"[2, 4]"
2,"[2, 4]"
4,"[2, 4, 17]"
9,"[9, 17]"
17,[17]
17,[17]
17,[17]
17,[17]
0,"[0, 5, 17]"
17,"[0, 17]"
9,"[0, 9, 17]"
17,[17]
0,"[0, 5, 17]"
17,"[0, 17]"
17,[17]
17,"[0, 5, 17]"
17,"[9, 17]"
0,"[0, 5, 17]"
0,"[0, 17]"
0,"[0, 17]"
9,"[9, 17]"
0,"[0, 17]"
9,"[9, 17]"
9,"[0, 5, 9, 17]"
9,"[0, 5, 9, 17]"
17,[17]
17,"[9, 17]"
17,"[9, 17]"
17,[17]
17,"[9, 17]"
17,[17]
17,[17]
17,[17]
17,[17]
9,"[0, 9, 17]"
0,"[0, 9, 17]"
17,"[0, 17]"
17,[17]
17,"[5, 17]"
9,"[5, 9, 17]"
17,[17]
0,"[0, 5, 9, 17]"
17,[17]
9,"[0, 9, 17]"
17,"[9, 17]"
17,[17]
17,"[0, 17]"
0,"[0, 17]"
9,"[0, 9, 17]"
17,"[0, 17]"
17,"[0, 17]"
11,"[1, 6, 11]"
7,"[1, 7, 10, 17]"
10,"[1, 7, 10, 17]"
11,"[1, 6, 11, 17]"
2,"[1, 2, 6, 10]"
1,"[1, 17]"
1,"[1, 17]"
7,"[7, 17]"
1,"[1, 17]"
2,"[2, 10, 17]"
2,"[2, 10]"
5,"[5, 17]"
7,"[7, 17]"
6,"[6, 17]"
11,"[6, 8, 11, 13, 17]"
1,[1]
6,[6]
6,[6]
10,"[10, 17]"
5,"[5, 17]"
17,"[1, 6, 11, 17]"
10,"[6, 10, 11, 17]"
10,"[6, 10, 11, 17]"
11,"[1, 6, 11, 17]"
2,"[2, 10, 17]"
10,"[2, 10]"
5,"[1, 5, 17]"
11,"[10, 11]"
7,"[7, 10, 17]"
5,"[5, 7, 17]"
1,"[1, 17]"
17,"[1, 17]"
17,"[1, 17]"
17,"[6, 17]"
7,"[7, 17]"
2,[2]
5,[5]
6,[6]
17,[17]
6,[6]
1,"[1, 17]"
17,"[3, 17]"
17,"[2, 17]"
2,"[2, 6]"
17,"[2, 6, 17]"
3,"[3, 7, 17]"
17,"[10, 17]"
1,"[1, 10, 17]"
1,"[1, 3]"
17,"[10, 17]"
17,"[3, 10, 17]"
11,"[11, 17]"
6,[6]
10,[10]
6,[6]
17,"[15, 17]"
6,"[2, 6, 10, 17]"
17,"[6, 17]"
4,"[3, 4]"
17,[17]
17,"[1, 17]"
17,[17]
17,[17]
17,[17]
2,"[2, 17]"
10,"[2, 10]"
17,"[4, 17]"
17,"[2, 17]"
17,"[3, 17]"
17,"[0, 2, 15, 17]"
17,"[0, 5, 15, 17]"
17,"[6, 17]"
17,"[3, 17]"
17,[17]
17,"[10, 17]"
10,"[3, 10, 17]"
10,"[3, 10]"
17,"[5, 17]"
4,"[4, 17]"
3,"[3, 17]"
17,"[5, 15, 17]"
10,"[10, 17]"
2,"[2, 10, 17]"
15,"[0, 15, 17]"
2,"[2, 10, 17]"
17,"[3, 10, 17]"
17,"[2, 17]"
17,"[10, 17]"
17,"[3, 17]"
17,"[10, 17]"
17,"[2, 6, 17]"
2,"[2, 6, 17]"
17,"[5, 17]"
17,"[10, 17]"
17,[17]
17,[17]
10,"[2, 10]"
4,[4]
2,"[2, 10, 17]"
17,"[2, 6, 17]"
17,"[10, 17]"
2,"[2, 17]"
17,"[3, 10, 17]"
17,"[2, 6, 10, 17]"
6,"[6, 10]"
2,"[2, 17]"
5,"[5, 15, 17]"
17,"[1, 17]"
11,"[6, 11, 17]"
17,"[4, 17]"
17,"[2, 17]"
17,"[3, 17]"
4,"[3, 4]"
17,"[15, 17]"
2,"[2, 6]"
10,"[10, 11, 17]"
2,"[2, 11]"
4,"[3, 4]"
17,"[5, 17]"
10,"[6, 10, 17]"
5,"[5, 17]"
3,[3]
2,"[2, 10, 17]"
17,"[11, 17]"
11,"[6, 11, 17]"
17,"[6, 17]"
17,[3]
17,"[6, 17]"
17,"[0, 10, 17]"
2,"[2, 10, 17]"
6,"[6, 17]"
17,"[10, 17]"
17,"[6, 17]"
17,"[6, 17]"
3,"[3, 17]"
5,"[5, 17]"
17,"[10, 17]"
1,[1]
17,"[2, 17]"
17,"[6, 17]"
5,"[5, 15]"
17,"[3, 17]"
2,"[2, 10, 17]"
15,"[0, 5, 15, 17]"
17,"[6, 10, 17]"
17,"[3, 5, 17]"
17,"[3, 6, 10, 17]"
15,"[6, 9, 15]"
17,"[10, 17]"
17,"[10, 17]"
17,"[2, 3, 17]"
17,[17]
17,"[3, 17]"
2,"[2, 3, 17]"
17,"[3, 17]"
11,"[10, 11, 17]"
15,"[4, 15, 17]"
17,"[10, 17]"
3,"[3, 4]"
1,"[1, 2]"
17,"[5, 17]"
17,"[10, 17]"
2,"[2, 17]"
17,"[3, 17]"
10,"[2, 10, 17]"
17,"[2, 6, 17]"
17,"[10, 17]"
2,[2]
5,"[5, 17]"
17,[17]
10,"[10, 17]"
11,"[11, 17]"
17,"[10, 17]"
17,"[1, 10, 17]"
17,"[3, 17]"
2,"[2, 10, 17]"
2,"[2, 10, 17]"
17,[17]
17,"[5, 17]"
2,"[2, 4, 17]"
7,"[7, 17]"
2,[2]
2,[2]
5,"[5, 17]"
10,"[1, 10, 17]"
5,"[1, 5, 10, 17]"
2,"[1, 2, 10, 17]"
17,"[1, 10, 17]"
1,"[1, 6, 17]"
2,"[1, 2, 10, 17]"
0,"[0, 2, 10, 17]"
5,"[5, 10]"
1,"[1, 6]"
5,"[5, 10, 17]"
5,[5]
17,[17]
17,"[1, 17]"
17,[17]
0,"[0, 17]"
17,"[1, 17]"
17,[17]
10,"[1, 10]"
17,"[1, 17]"
1,[1]
17,"[1, 17]"
17,"[1, 17]"
7,"[7, 17]"
17,"[1, 17]"
17,"[7, 17]"
17,[17]
5,"[5, 17]"
17,[17]
17,[17]
5,[5]
0,"[0, 17]"
7,"[7, 17]"
10,[10]
0,"[0, 17]"
1,[1]
17,"[4, 17]"
17,"[1, 6, 17]"
17,"[4, 17]"
6,"[1, 6, 17]"
17,"[4, 17]"
17,"[1, 17]"
2,"[1, 2, 17]"
5,"[5, 17]"
17,[17]
17,"[1, 17]"
6,"[6, 17]"
17,"[4, 17]"
10,"[1, 10, 17]"
5,"[5, 17]"
7,[17]
7,"[7, 17]"
17,"[1, 10, 17]"
6,"[1, 6]"
0,"[0, 2, 10, 17]"
10,"[1, 2, 10]"
17,[17]
1,"[1, 17]"
6,"[6, 17]"
17,"[1, 17]"
6,"[6, 17]"
2,"[2, 4, 17]"
2,"[2, 4]"
2,"[2, 4, 17]"
2,"[2, 4, 17]"
2,"[2, 4, 17]"
2,"[2, 4, 17]"
17,"[2, 4, 17]"
2,"[2, 4, 17]"
2,"[2, 17]"
2,"[2, 10]"
0,"[0, 2, 4, 17]"
2,"[2, 4, 17]"
2,"[2, 4, 17]"
17,[17]
2,[2]
2,[2]
4,[4]
4,[4]
2,[2]
4,"[2, 4]"
2,"[2, 4]"
2,[2]
0,"[0, 17]"
2,"[2, 17]"
0,"[0, 17]"
4,[4]
2,"[2, 4]"
2,"[2, 4]"
2,"[2, 4]"
2,"[2, 17]"
2,"[2, 4]"
2,"[2, 4, 17]"
2,"[2, 4]"
17,[17]
17,[17]
2,"[2, 4]"
2,"[2, 4]"
0,"[0, 2, 17]"
2,"[2, 4, 17]"
2,"[2, 4]"
2,"[2, 4, 17]"
17,"[2, 4, 17]"
4,"[2, 4]"
2,"[2, 4]"
17,"[1, 17]"
1,"[1, 17]"
2,"[2, 10, 17]"
5,"[5, 17]"
17,"[6, 10]"
17,[17]
17,[17]
17,[17]
17,"[10, 17]"
6,"[6, 17]"
5,"[5, 17]"
17,"[10, 17]"
17,"[10, 17]"
2,"[1, 2, 4]"
17,[17]
17,"[1, 6, 17]"
17,[17]
17,"[1, 5, 17]"
17,"[10, 17]"
6,"[1, 6, 10]"
17,"[6, 10, 17]"
10,"[1, 6, 10, 17]"
6,"[1, 6, 17]"
17,"[1, 5, 17]"
10,"[10, 17]"
17,"[10, 17]"
5,"[5, 17]"
17,"[1, 5, 17]"
17,[17]
17,"[10, 17]"
6,"[6, 17]"
10,"[10, 17]"
17,"[1, 17]"
2,"[1, 2, 4]"
17,"[2, 17]"
5,"[5, 17]"
17,"[2, 6, 17]"
5,"[5, 17]"
6,"[1, 6, 17]"
17,"[6, 10, 17]"
5,"[5, 17]"
5,"[5, 17]"
17,[17]
10,"[10, 17]"
5,"[5, 17]"
17,[17]
5,"[5, 17]"
2,"[2, 17]"
17,"[6, 17]"
2,"[2, 4]"
5,"[5, 17]"
17,[17]
10,"[2, 10]"
17,"[1, 17]"
5,"[5, 17]"
17,"[1, 6, 17]"
17,[17]
5,"[5, 17]"
17,[17]
17,"[4, 17]"
17,"[1, 17]"
17,"[1, 4, 17]"
1,"[1, 4, 17]"
17,"[4, 17]"
1,"[1, 2, 17]"
5,"[1, 5]"
17,"[10, 17]"
1,"[1, 6]"
5,"[5, 17]"
17,"[10, 17]"
17,"[1, 17]"
1,"[1, 6, 17]"
17,"[6, 17]"
4,"[2, 4, 17]"
2,"[2, 17]"
10,"[2, 10]"
2,"[2, 10]"
15,"[9, 15]"
9,"[0, 9, 17]"
2,"[2, 9]"
17,"[2, 9]"
15,"[15, 17]"
2,"[2, 10]"
0,"[0, 9, 17]"
0,"[0, 17]"
17,"[9, 17]"
2,"[2, 10]"
17,[17]
2,"[2, 4, 17]"
17,"[10, 17]"
2,"[2, 4, 17]"
2,"[2, 4, 17]"
2,"[2, 4, 17]"
2,"[2, 4]"
2,"[15, 17]"
0,"[0, 2, 10, 17]"
2,"[2, 4, 17]"
2,"[2, 10, 17]"
17,"[2, 17]"
9,"[0, 9, 17]"
0,"[0, 4, 17]"
2,"[2, 17]"
17,[17]
2,[2]
9,[9]
17,[17]
17,[17]
15,"[0, 9, 15, 17]"
17,[17]
0,"[0, 17]"
10,"[10, 17]"
0,"[0, 2, 17]"
2,"[2, 10, 17]"
15,"[0, 15, 17]"
0,"[0, 4, 17]"
15,"[0, 9, 15, 17]"
2,"[2, 4]"
17,"[0, 17]"
2,"[2, 4]"
0,"[0, 2, 17]"
0,"[0, 17]"
10,[10]
0,"[0, 17]"
17,"[0, 17]"
2,"[2, 4]"
2,"[2, 10, 17]"
17,"[2, 9, 17]"
2,"[2, 4]"
17,"[9, 17]"
4,"[2, 4]"
0,"[0, 2, 9, 15, 17]"
17,"[2, 10, 17]"
17,[17]
2,"[0, 2, 5, 10, 17]"
2,"[2, 17]"
4,"[2, 4, 17]"
2,"[0, 2, 10, 17]"
2,"[9, 17]"
2,"[2, 10]"
17,"[0, 4, 17]"
2,"[2, 10]"
2,[2]
2,"[2, 4, 17]"
0,"[0, 15, 17]"
2,"[2, 4, 17]"
0,"[0, 17]"
2,"[2, 15, 17]"
17,"[9, 17]"
0,"[0, 9, 17]"
2,"[2, 4]"
10,"[2, 10]"
0,"[0, 2, 4, 17]"
0,"[0, 2, 17]"
4,"[2, 4]"
10,"[5, 10]"
0,"[0, 17]"
0,"[0, 17]"
0,"[0, 17]"
4,"[2, 4]"
2,"[2, 17]"
2,"[2, 4, 17]"
0,"[0, 17]"
0,"[0, 2, 10, 17]"
2,"[2, 17]"
17,"[9, 17]"
17,"[2, 10, 17]"
17,"[9, 17]"
0,"[0, 9, 17]"
2,"[2, 4]"
0,"[0, 4, 17]"
6,"[6, 17]"
5,"[5, 17]"
2,"[2, 10, 17]"
5,"[5, 17]"
17,"[4, 17]"
2,"[2, 10, 17]"
5,[5]
17,[17]
17,[17]
17,[17]
17,[17]
1,[1]
17,[17]
17,[17]
1,[1]
5,"[0, 5, 17]"
5,"[5, 17]"
10,"[6, 10]"
17,"[5, 17]"
2,"[2, 17]"
17,"[10, 17]"
5,"[5, 17]"
10,"[10, 17]"
17,"[10, 17]"
17,"[10, 17]"
5,[5]
2,[2]
10,"[10, 17]"
17,[17]
17,"[4, 17]"
17,"[4, 17]"
2,"[2, 4, 17]"
17,"[4, 17]"
17,"[10, 17]"
2,"[2, 6, 17]"
17,"[10, 17]"
5,"[5, 17]"
6,"[1, 6, 17]"
17,"[10, 17]"
17,[17]
5,[5]
10,[10]
6,[6]
17,[17]
2,[2]
2,"[2, 17]"
17,[17]
1,"[1, 2, 10]"
17,[17]
17,"[1, 17]"
17,[17]
17,"[1, 17]"
10,"[10, 17]"
1,"[1, 2, 10, 17]"
1,"[1, 2, 10, 17]"
1,"[1, 17]"
6,"[1, 6]"
17,"[4, 6, 17]"
6,"[1, 6]"
17,"[4, 6, 17]"
17,"[4, 6, 17]"
5,"[5, 17]"
5,"[0, 5, 17]"
2,"[2, 4]"
10,"[4, 17]"
17,[17]
17,[17]
5,"[0, 5, 17]"
17,[17]
1,"[1, 6, 17]"
17,"[4, 17]"
17,[17]
17,[17]
17,"[0, 17]"
17,"[10, 17]"
17,"[10, 17]"
17,"[10, 17]"
17,"[5, 17]"
6,"[1, 6, 17]"
10,"[10, 17]"
5,"[0, 5, 17]"
10,"[2, 10, 17]"
17,"[6, 10, 17]"
17,[17]
17,"[4, 17]"
5,"[5, 17]"
17,"[5, 17]"
6,"[6, 17]"
1,"[1, 6]"
17,"[4, 17]"
17,"[4, 17]"
6,"[1, 6]"
5,"[5, 17]"
2,"[2, 10]"
17,[17]
6,"[1, 6, 17]"
17,[17]
17,"[1, 17]"
1,"[1, 6, 10]"
5,"[1, 5]"
1,"[1, 2, 6]"
5,"[5, 17]"
5,"[5, 17]"
17,[17]
5,"[5, 17]"
17,"[1, 17]"
17,[17]
17,"[1, 17]"
17,[17]
17,"[1, 17]"
11,"[1, 6, 11, 17]"
17,[17]
3,"[2, 17]"
5,"[5, 17]"
17,[17]
3,[3]
17,[17]
1,[1]
17,[17]
17,[17]
17,"[1, 17]"
5,"[1, 5, 17]"
17,"[1, 17]"
3,"[1, 17]"
5,"[5, 17]"
1,"[1, 17]"
17,[17]
3,"[1, 3]"
17,"[1, 17]"
5,"[5, 17]"
5,"[1, 5, 17]"
5,"[1, 5, 17]"
17,"[1, 17]"
1,"[1, 17]"
11,"[1, 6, 11, 17]"
5,"[1, 5, 17]"
11,"[1, 11, 17]"
17,"[1, 17]"
1,"[1, 11]"
17,"[1, 17]"
17,"[1, 17]"
1,[1]
17,[17]
17,[17]
17,[17]
11,"[1, 11, 17]"
17,"[1, 17]"
3,"[1, 3, 17]"
11,"[1, 11, 17]"
17,"[1, 17]"
17,"[1, 17]"
17,"[4, 17]"
17,[17]
5,"[5, 17]"
17,"[4, 17]"
10,"[5, 10]"
17,"[4, 17]"
17,[17]
17,[17]
5,"[4, 5]"
2,[2]
6,"[6, 17]"
5,"[5, 8]"
5,"[5, 17]"
17,"[1, 17]"
1,"[1, 17]"
17,"[8, 17]"
17,"[10, 17]"
17,[17]
17,[17]
17,[17]
17,[17]
8,"[1, 8]"
17,"[1, 17]"
17,"[5, 17]"
17,[17]
17,"[1, 17]"
17,"[5, 17]"
17,[17]
2,[2]
1,"[1, 17]"
17,"[1, 17]"
17,"[1, 17]"
5,"[5, 17]"
6,"[5, 6, 17]"
2,"[2, 5, 17]"
17,"[1, 6, 11, 17]"
1,"[1, 17]"
17,"[1, 17]"
17,"[8, 17]"
17,"[1, 17]"
5,"[1, 5]"
17,"[5, 17]"
17,"[1, 17]"
2,[2]
17,[17]
10,"[10, 17]"
8,"[1, 8, 17]"
5,"[5, 8, 17]"
17,"[1, 4, 17]"
17,"[1, 17]"
17,"[1, 17]"
8,"[1, 8, 17]"
10,"[10, 17]"
6,"[5, 6]"
6,"[5, 6]"
17,"[1, 17]"
10,"[8, 10]"
17,"[5, 17]"
17,"[1, 17]"
17,[17]
17,[17]
6,"[5, 6, 17]"
17,"[1, 17]"
17,"[1, 17]"
17,"[1, 17]"
8,"[1, 8]"
17,"[1, 17]"
1,"[1, 17]"
5,"[5, 8]"
17,"[5, 17]"
1,"[1, 4, 6]"
17,"[5, 17]"
5,"[5, 17]"
17,"[1, 6, 17]"
10,"[6, 10]"
5,"[1, 5]"
2,[2]
8,"[1, 8, 17]"
5,"[5, 17]"
17,"[1, 17]"
5,"[5, 17]"
17,"[5, 17]"
5,"[5, 17]"
6,"[6, 17]"
5,[5]
5,[5]
5,"[5, 17]"
5,[5]
5,[5]
5,[5]
5,[5]
5,[5]
6,[6]
17,[17]
17,[17]
5,"[5, 17]"
5,[5]
5,[5]
17,"[5, 17]"
5,[5]
5,[5]
5,[5]
5,"[5, 17]"
5,"[5, 17]"
5,"[5, 17]"
6,"[6, 17]"
6,"[6, 17]"
5,"[5, 17]"
5,"[5, 17]"
6,"[6, 17]"
17,"[5, 17]"
5,"[5, 17]"
5,"[1, 5, 17]"
6,[6]
6,[6]
2,[2]
2,"[2, 17]"
2,[2]
6,[6]
4,[4]
2,"[2, 17]"
2,[2]
2,[2]
2,[2]
2,[2]
2,[2]
2,"[2, 17]"
4,"[2, 4, 17]"
2,[2]
2,"[2, 17]"
2,[2]
2,[2]
2,[2]
2,[2]
4,[4]
2,[2]
2,[2]
2,"[2, 17]"
6,"[6, 17]"
2,"[2, 17]"
2,"[2, 17]"
2,"[2, 17]"
2,"[2, 17]"
6,"[6, 17]"
2,[17]
2,[2]
2,[2]
2,[2]
2,[2]
2,[2]
2,[2]
4,"[2, 10]"
2,[2]
2,"[2, 17]"
2,"[2, 17]"
2,[2]
2,"[2, 17]"
2,[2]
4,"[4, 17]"
2,"[2, 17]"
2,[2]
5,[5]
4,"[4, 17]"
17,"[2, 4, 17]"
2,"[2, 4, 17]"
6,"[2, 6]"
6,"[2, 6]"
2,[2]
6,[6]
2,[2]
2,[2]
2,[2]
2,[2]
4,[4]
2,[2]
2,[2]
5,[5]
2,"[2, 6, 17]"
2,"[2, 4]"
17,[17]
5,[5]
17,[17]
2,[2]
2,"[2, 4]"
2,[2]
2,"[2, 4]"
2,[2]
2,[2]
2,[2]
2,"[2, 6]"
2,"[2, 6]"
2,"[2, 4]"
4,"[2, 4]"
2,"[2, 6]"
2,"[2, 4]"
2,[2]
2,[2]
2,"[2, 4]"
2,"[2, 4]"
4,"[2, 4, 17]"
2,"[2, 4]"
2,"[2, 4]"
2,"[2, 17]"
17,"[2, 4, 17]"
6,"[2, 5, 6]"
2,"[2, 5]"
2,"[2, 5]"
2,[2]
4,[4]
2,"[2, 4]"
2,"[2, 4]"
2,"[2, 4]"
6,"[2, 6, 17]"
2,"[2, 4]"
5,"[2, 5, 17]"
2,[2]
2,"[2, 4]"
5,"[2, 5]"
2,"[2, 5]"
2,[2]
17,"[2, 17]"
2,"[2, 4]"
2,"[2, 4]"
2,"[2, 4, 17]"
2,"[2, 4]"
2,"[2, 4, 17]"
13,"[11, 13, 17]"
14,"[14, 17]"
0,"[0, 17]"
17,"[0, 17]"
13,"[11, 13, 17]"
14,[14]
17,[17]
17,"[14, 17]"
17,[17]
15,[15]
17,"[5, 17]"
14,"[14, 17]"
17,"[14, 17]"
5,"[5, 14, 17]"
5,"[5, 14, 17]"
17,"[14, 17]"
5,"[5, 17]"
13,"[5, 11, 13, 17]"
5,"[5, 17]"
17,"[14, 17]"
17,[17]
15,[15]
17,[17]
17,[17]
17,[17]
17,[17]
17,"[14, 17]"
13,"[11, 13, 17]"
15,"[15, 17]"
15,"[15, 17]"
0,"[0, 15]"
0,"[0, 15]"
17,"[5, 17]"
17,[17]
14,"[14, 17]"
0,"[0, 17]"
5,"[5, 17]"
14,"[5, 14]"
13,"[11, 13, 17]"
17,"[14, 17]"
17,"[14, 17]"
17,"[15, 17]"
5,"[5, 14, 17]"
17,[17]
17,[17]
5,"[5, 14, 17]"
5,"[5, 17]"
17,"[5, 17]"
15,"[15, 17]"
17,"[5, 17]"
0,"[0, 14]"
17,"[14, 17]"
5,"[5, 14, 17]"
2,[2]
4,"[2, 4, 17]"
2,"[2, 4, 17]"
17,"[2, 4, 17]"
2,[2]
2,[2]
4,"[2, 4, 17]"
2,[2]
2,"[2, 17]"
2,[17]
2,[2]
5,"[5, 17]"
2,"[2, 17]"
2,[2]
2,[2]
2,[2]
17,"[10, 17]"
2,[2]
2,[2]
2,[2]
2,"[2, 4, 17]"
17,"[2, 4, 17]"
17,"[2, 17]"
2,"[2, 17]"
2,[2]
2,[2]
2,[2]
2,[2]
2,"[2, 17]"
2,[2]
2,[2]
2,[2]
2,[2]
2,[2]
2,[2]
2,[2]
5,"[5, 10, 17]"
2,"[2, 10, 17]"
2,"[2, 10, 17]"
2,"[2, 10, 17]"
2,"[2, 10, 17]"
2,[2]
2,[2]
4,[4]
2,[2]
2,[2]
2,[2]
2,"[2, 10]"
2,"[2, 17]"
4,"[2, 10, 17]"
2,"[2, 17]"
5,"[4, 5, 17]"
17,"[4, 17]"
2,"[2, 17]"
4,"[4, 17]"
2,"[2, 17]"
5,"[2, 5, 17]"
5,"[5, 17]"
2,"[2, 17]"
2,[2]
11,"[2, 11]"
17,"[11, 17]"
11,"[6, 11]"
17,"[1, 17]"
17,[17]
2,"[2, 6, 17]"
17,"[1, 17]"
17,"[1, 5, 17]"
11,"[1, 6, 11, 17]"
17,[17]
5,[5]
17,"[1, 17]"
11,"[11, 17]"
6,"[5, 6]"
1,[1]
17,"[5, 17]"
17,"[1, 5, 17]"
17,"[1, 4, 5]"
6,"[1, 6, 17]"
17,[17]
1,"[1, 17]"
11,"[6, 17]"
6,"[1, 6, 17]"
17,"[1, 6, 17]"
11,"[2, 6]"
6,[6]
17,"[1, 17]"
6,[6]
17,"[1, 17]"
11,[11]
2,[2]
17,"[1, 17]"
1,[1]
17,"[1, 17]"
1,[1]
17,"[6, 17]"
11,"[11, 17]"
5,"[1, 5]"
17,"[1, 17]"
11,"[11, 17]"
17,"[1, 17]"
5,"[1, 5]"
2,[2]
2,"[2, 11]"
17,"[1, 17]"
17,"[1, 6, 17]"
2,"[1, 2, 6, 17]"
17,"[1, 6, 17]"
1,"[1, 17]"
11,"[1, 6, 11, 17]"
17,"[6, 17]"
5,"[1, 5, 17]"
17,"[6, 11, 17]"
17,"[5, 6, 17]"
5,"[1, 5]"
4,"[4, 17]"
17,"[4, 17]"
17,[17]
2,"[2, 4]"
2,"[2, 17]"
2,"[2, 4]"
2,"[2, 4, 17]"
17,"[4, 17]"
17,[17]
2,"[5, 17]"
2,"[2, 6, 17]"
2,"[2, 4]"
2,"[2, 4]"
2,"[2, 6, 17]"
17,"[4, 17]"
2,"[2, 17]"
17,[17]
2,"[2, 17]"
2,"[2, 17]"
2,"[2, 17]"
17,"[4, 17]"
2,"[2, 4, 10]"
4,"[2, 4, 17]"
17,"[4, 17]"
17,[17]
2,"[2, 4]"
2,"[2, 4]"
17,[17]
17,[17]
2,[2]
2,"[2, 17]"
17,[17]
2,"[2, 17]"
2,"[2, 4, 17]"
2,"[2, 17]"
17,"[4, 17]"
2,"[2, 4]"
2,"[2, 4, 17]"
17,"[10, 17]"
2,[2]
4,"[4, 17]"
17,"[4, 17]"
17,"[4, 17]"
17,"[4, 17]"
2,"[2, 4]"
2,"[2, 4]"
2,"[2, 17]"
2,"[2, 4]"
17,"[4, 17]"
2,"[2, 17]"
2,[2]
17,[17]
17,[17]
17,"[4, 17]"
4,[4]
17,[17]
2,[2]
2,"[2, 4]"
2,"[2, 4]"
17,"[2, 4, 17]"
17,"[4, 17]"
2,"[2, 4]"
17,"[2, 17]"
17,[17]
17,"[4, 17]"
2,[2]
17,[17]
17,[17]
17,"[2, 6, 17]"
2,"[2, 4, 17]"
17,"[10, 17]"
17,"[10, 17]"
2,"[2, 4]"
17,"[4, 17]"
2,"[2, 3, 4]"
17,[17]
17,[17]
17,"[4, 17]"
17,"[2, 17]"
4,"[4, 17]"
2,"[2, 4]"
17,[17]
2,"[4, 10, 17]"
2,"[2, 4, 10, 17]"
17,"[4, 17]"
17,[17]
2,"[2, 17]"
17,[17]
2,"[2, 10]"
17,"[6, 17]"
17,"[4, 17]"
17,"[4, 17]"
2,"[2, 5]"
17,[17]
14,"[14, 15, 16]"
16,"[14, 16, 17]"
17,"[16, 17]"
15,"[15, 17]"
9,"[9, 17]"
9,[9]
13,"[11, 13, 17]"
14,"[14, 16]"
5,"[5, 14, 17]"
16,"[14, 16]"
13,"[11, 13, 17]"
17,"[9, 15, 17]"
14,[14]
17,[17]
15,"[14, 15]"
15,"[14, 15]"
16,[14]
17,[17]
17,"[15, 17]"
15,"[9, 15, 17]"
13,"[11, 13, 17]"
14,[14]
16,"[14, 16]"
17,"[15, 17]"
17,"[15, 17]"
9,"[14, 15]"
17,[17]
15,"[15, 17]"
5,"[5, 17]"
14,"[14, 17]"
13,"[11, 13, 17]"
9,"[4, 9, 17]"
17,[17]
9,"[9, 17]"
5,"[5, 14, 17]"
17,"[14, 16, 17]"
13,"[11, 13, 16, 17]"
16,"[14, 16, 17]"
5,"[5, 14, 16, 17]"
14,"[0, 14, 16, 17]"
17,[17]
0,"[5, 14]"
15,"[9, 15]"
0,"[14, 15]"
5,"[5, 17]"
17,"[16, 17]"
0,"[0, 17]"
17,"[16, 17]"
17,"[16, 17]"
5,"[5, 17]"
17,[17]
5,"[5, 17]"
5,[5]
0,"[0, 17]"
5,[5]
14,"[14, 17]"
17,[17]
5,"[5, 14, 17]"
17,"[14, 17]"
16,"[14, 16]"
16,"[14, 16]"
15,[15]
16,"[14, 16]"
17,"[16, 17]"
17,"[16, 17]"
15,"[9, 15]"
17,"[16, 17]"
0,[0]
15,"[9, 15]"
17,[17]
17,[17]
0,[0]
5,[5]
0,"[5, 17]"
5,"[5, 14, 17]"
17,[17]
5,"[5, 14, 17]"
5,"[5, 15]"
0,"[0, 5, 17]"
17,"[16, 17]"
14,"[14, 17]"
14,"[14, 16]"
0,"[0, 15, 17]"
17,[17]
17,[17]
0,"[0, 17]"
5,[5]
17,[17]
17,"[14, 17]"
5,[5]
5,"[5, 17]"
0,"[0, 17]"
17,"[14, 17]"
14,[14]
5,"[16, 17]"
15,"[5, 15]"
0,[17]
0,[17]
16,"[14, 16, 17]"
17,"[14, 17]"
0,"[0, 5, 17]"
0,"[0, 15, 17]"
16,"[14, 16, 17]"
2,"[2, 4, 6]"
4,"[2, 4, 17]"
2,"[2, 4, 17]"
4,"[2, 4, 17]"
2,"[2, 4, 17]"
4,"[2, 4]"
6,"[2, 6]"
6,[6]
2,[2]
2,"[2, 4, 17]"
2,"[2, 4, 17]"
2,"[2, 4, 6, 17]"
2,"[2, 4, 17]"
6,"[2, 17]"
4,"[2, 4, 17]"
2,"[2, 4, 6, 17]"
2,"[2, 4, 6, 17]"
6,"[2, 4, 6, 17]"
2,"[2, 4]"
2,"[2, 4]"
2,"[2, 10]"
2,"[2, 4]"
4,"[2, 4, 17]"
2,"[2, 4]"
6,"[2, 6, 17]"
2,"[2, 4, 17]"
2,"[2, 4]"
2,[2]
2,"[2, 4, 17]"
4,"[4, 17]"
2,"[2, 4, 17]"
2,"[2, 4]"
2,"[0, 2, 6, 17]"
2,"[2, 4]"
2,"[2, 17]"
2,"[2, 6]"
2,"[2, 4]"
2,[2]
4,"[2, 4]"
2,[2]
4,[4]
2,"[2, 4]"
2,"[2, 4]"
6,"[6, 17]"
2,"[2, 4, 17]"
4,"[4, 17]"
2,"[2, 4, 17]"
6,"[2, 4, 6]"
2,"[2, 4]"
2,"[2, 4]"
2,"[2, 4, 17]"
4,[4]
2,[2]
2,[2]
2,[2]
2,[2]
2,[2]
4,"[2, 4, 17]"
4,"[2, 4]"
4,"[2, 4, 17]"
6,"[2, 6]"
2,"[2, 4, 17]"
2,"[2, 17]"
2,"[2, 4]"
2,"[2, 4]"
2,[2]
2,[2]
2,"[2, 4, 17]"
6,"[6, 17]"
2,"[2, 4]"
4,"[2, 4, 17]"
4,"[4, 6, 17]"
15,"[15, 17]"
0,"[0, 17]"
0,"[0, 17]"
0,"[0, 17]"
0,"[0, 17]"
0,"[0, 5, 17]"
17,[15]
9,"[0, 9, 15, 17]"
0,"[0, 17]"
9,"[9, 17]"
17,[17]
0,"[0, 17]"
0,"[0, 17]"
0,"[0, 17]"
9,"[9, 17]"
0,"[0, 17]"
0,"[0, 15, 17]"
0,"[0, 17]"
0,"[0, 9, 17]"
0,"[0, 17]"
0,"[0, 9, 17]"
9,[9]
0,"[0, 17]"
0,"[0, 17]"
0,"[0, 17]"
0,"[0, 17]"
0,"[0, 17]"
15,"[0, 5, 15, 17]"
0,"[0, 17]"
0,"[0, 17]"
17,[17]
17,[17]
17,[17]
9,"[9, 15]"
17,[17]
0,"[0, 17]"
0,"[0, 17]"
0,"[0, 17]"
0,"[0, 17]"
0,"[0, 17]"
0,"[0, 17]"
0,"[0, 17]"
15,"[9, 15]"
0,"[0, 9, 17]"
15,"[9, 15]"
17,[17]
0,"[0, 17]"
9,"[9, 17]"
17,[17]
17,"[15, 17]"
15,"[15, 17]"
9,"[0, 9, 17]"
0,"[0, 17]"
9,[9]
17,"[0, 17]"
0,"[0, 9, 17]"
1,"[1, 17]"
11,"[6, 11, 17]"
17,"[6, 17]"
11,"[6, 10, 11, 17]"
17,[17]
5,"[5, 17]"
6,"[6, 11, 17]"
17,"[1, 17]"
17,"[1, 17]"
5,"[5, 11]"
5,"[5, 17]"
17,"[1, 17]"
5,"[5, 17]"
17,"[1, 17]"
7,"[7, 17]"
11,[11]
10,[10]
17,[17]
5,[5]
17,"[1, 17]"
2,"[2, 10]"
17,"[10, 17]"
17,"[1, 17]"
17,"[1, 17]"
17,"[1, 17]"
5,"[5, 17]"
17,"[6, 17]"
17,"[1, 17]"
17,[17]
17,[17]
11,[11]
7,"[7, 17]"
17,"[1, 17]"
6,"[2, 6, 11]"
17,"[1, 17]"
17,"[1, 5, 17]"
17,"[1, 7, 17]"
10,"[6, 10]"
1,"[1, 17]"
6,"[6, 11]"
17,[17]
7,"[7, 11, 17]"
1,[1]
6,"[6, 17]"
10,[10]
11,[11]
17,[17]
17,[17]
17,"[10, 17]"
2,"[2, 10, 17]"
2,"[2, 11]"
2,"[2, 10, 17]"
10,"[6, 10, 11]"
17,"[1, 17]"
1,"[1, 17]"
5,"[5, 17]"
11,"[10, 11]"
17,"[5, 17]"
17,"[4, 17]"
17,"[1, 17]"
11,"[4, 11, 17]"
11,"[2, 3, 11, 17]"
5,[5]
10,"[10, 17]"
17,[17]
6,"[6, 17]"
5,[5]
11,[11]
1,[1]
7,"[7, 17]"
5,[5]
7,"[7, 17]"
2,[2]
11,"[11, 17]"
1,[1]
17,"[0, 17]"
11,"[1, 11]"
6,"[1, 6]"
17,"[0, 17]"
0,"[0, 17]"
17,"[1, 17]"
4,"[4, 17]"
0,"[0, 1, 17]"
4,"[1, 4, 17]"
4,"[4, 17]"
17,[17]
17,"[0, 17]"
11,"[6, 11]"
17,[17]
11,"[0, 5, 6, 11, 17]"
0,"[0, 5, 6, 11, 17]"
6,"[0, 1, 5, 6, 17]"
17,"[0, 17]"
0,"[1, 6, 17]"
17,"[1, 17]"
0,"[0, 17]"
17,[17]
0,"[0, 17]"
17,[17]
6,"[6, 11]"
0,"[0, 6, 17]"
4,"[4, 17]"
17,"[1, 17]"
17,"[0, 17]"
17,[17]
0,"[0, 17]"
17,[17]
4,[4]
1,[1]
17,[17]
11,"[1, 11, 17]"
11,"[1, 11, 17]"
6,"[6, 11]"
0,"[0, 11, 17]"
1,"[1, 5, 17]"
17,[17]
17,"[0, 17]"
6,"[0, 6, 17]"
17,"[1, 17]"
1,[1]
1,"[1, 17]"
0,"[0, 17]"
17,"[1, 17]"
17,[17]
17,[17]
15,[15]
17,[17]
15,"[15, 17]"
17,[17]
17,"[15, 17]"
17,[17]
17,"[15, 17]"
17,"[15, 17]"
17,"[15, 17]"
15,"[15, 17]"
17,"[15, 17]"
15,"[15, 17]"
15,"[15, 17]"
15,"[15, 17]"
15,"[15, 17]"
17,[17]
17,"[15, 17]"
17,"[15, 17]"
17,"[15, 17]"
17,"[15, 17]"
15,"[15, 17]"
17,[17]
17,"[15, 17]"
15,"[15, 17]"
15,"[15, 17]"
15,"[15, 17]"
17,[17]
17,[17]
17,[17]
17,"[15, 17]"
15,[15]
15,"[15, 17]"
17,[17]
17,[17]
15,"[15, 17]"
17,[17]
15,"[15, 17]"
15,"[15, 17]"
15,"[15, 17]"
15,[15]
17,[17]
15,[15]
15,[15]
17,"[15, 17]"
16,"[16, 17]"
16,"[5, 16]"
15,"[5, 15]"
0,"[0, 17]"
6,"[6, 16, 17]"
17,"[16, 17]"
17,"[5, 17]"
15,"[15, 17]"
17,[17]
17,"[14, 17]"
6,"[6, 16]"
16,"[16, 17]"
5,"[0, 5, 17]"
17,"[0, 17]"
5,"[0, 5, 17]"
5,"[0, 5, 17]"
17,"[5, 15, 17]"
5,"[0, 5, 15, 17]"
14,"[14, 16, 17]"
17,[17]
14,"[14, 16]"
0,"[0, 5]"
17,"[15, 17]"
16,"[16, 17]"
17,[17]
17,[17]
17,[17]
15,"[15, 17]"
17,"[16, 17]"
17,[17]
17,[17]
15,"[9, 15]"
17,[17]
15,"[9, 15]"
6,"[6, 16]"
16,"[6, 16]"
17,[17]
15,"[9, 15]"
17,"[15, 17]"
17,[17]
14,"[14, 16]"
14,"[14, 17]"
0,"[0, 17]"
6,"[6, 16]"
17,[17]
17,[17]
17,[17]
15,"[9, 15, 17]"
17,[17]
17,"[5, 17]"
17,"[5, 17]"
17,"[5, 17]"
5,"[5, 17]"
0,"[4, 15, 17]"
6,"[4, 6, 16, 17]"
17,[17]
5,"[0, 5, 17]"
17,[17]
0,[0]
17,[17]
14,"[5, 14, 16, 17]"
17,"[0, 5, 15, 17]"
17,"[5, 16, 17]"
17,"[5, 16, 17]"
17,"[5, 16, 17]"
15,"[0, 5, 9, 15, 17]"
5,"[5, 16, 17]"
15,"[0, 5, 15, 17]"
17,"[14, 17]"
5,"[5, 15]"
17,"[5, 16, 17]"
17,[17]
17,"[5, 17]"
17,"[16, 17]"
15,"[9, 15]"
17,[17]
17,"[15, 17]"
5,"[5, 17]"
17,"[5, 17]"
5,"[0, 5, 17]"
17,"[10, 17]"
10,"[10, 17]"
0,"[0, 5, 17]"
2,"[2, 6, 10, 17]"
17,"[3, 4, 17]"
10,"[10, 17]"
17,"[6, 10, 17]"
6,"[6, 17]"
17,"[3, 17]"
17,"[10, 17]"
17,"[6, 10, 17]"
17,"[10, 17]"
2,"[2, 10]"
17,"[3, 17]"
3,"[3, 5, 17]"
17,"[4, 17]"
3,"[3, 5, 17]"
2,"[2, 10, 17]"
17,"[4, 17]"
17,"[2, 17]"
17,"[6, 10, 17]"
17,"[10, 17]"
0,"[0, 17]"
17,"[10, 17]"
7,"[3, 7, 17]"
17,[17]
10,"[10, 17]"
0,"[5, 17]"
17,[17]
17,"[10, 17]"
17,"[10, 17]"
17,"[4, 17]"
17,"[10, 17]"
7,"[3, 7, 17]"
6,[6]
17,"[10, 17]"
17,[17]
17,"[4, 6, 17]"
17,"[6, 17]"
17,"[5, 17]"
10,"[10, 17]"
10,"[2, 10, 17]"
0,"[0, 17]"
17,[17]
7,"[7, 17]"
17,[17]
2,[2]
2,"[2, 17]"
17,[17]
17,"[4, 17]"
0,"[0, 17]"
0,"[0, 17]"
17,[17]
17,"[4, 17]"
17,"[1, 17]"
17,[17]
17,"[6, 10, 17]"
6,[6]
0,"[0, 10, 17]"
2,"[0, 2, 17]"
17,"[2, 17]"
17,[17]
0,"[0, 17]"
0,"[0, 17]"
0,"[0, 2, 10, 17]"
17,"[6, 17]"
17,"[10, 17]"
3,"[3, 17]"
17,"[5, 17]"
17,[17]
4,"[0, 4, 17]"
17,[17]
17,[17]
3,"[3, 5]"
2,"[2, 17]"
10,"[2, 10]"
17,"[10, 17]"
0,"[0, 4, 17]"
10,"[2, 10, 17]"
17,"[3, 17]"
17,"[2, 10, 17]"
17,"[10, 17]"
2,"[2, 10, 17]"
17,"[3, 17]"
17,[17]
10,"[10, 17]"
17,[17]
4,[4]
17,[17]
17,"[1, 17]"
17,"[10, 17]"
0,"[0, 2, 10, 17]"
17,"[10, 17]"
0,"[0, 10, 17]"
10,"[10, 17]"
17,"[10, 17]"
17,[17]
0,"[0, 17]"
17,"[3, 5, 17]"
6,"[6, 10, 17]"
6,"[6, 10, 17]"
17,"[4, 6, 17]"
10,"[10, 17]"
17,"[10, 17]"
7,"[3, 7, 17]"
7,"[3, 7, 17]"
0,"[0, 2, 10, 17]"
17,"[10, 17]"
17,[17]
17,"[10, 17]"
17,"[4, 17]"
17,"[5, 17]"
17,"[3, 17]"
17,"[4, 17]"
17,"[4, 6, 17]"
0,"[0, 10, 17]"
17,"[4, 9, 17]"
0,"[0, 10, 17]"
17,"[4, 17]"
0,"[0, 5, 17]"
2,"[2, 4, 17]"
0,"[0, 4, 5, 17]"
3,"[3, 5]"
17,"[6, 17]"
17,"[3, 17]"
17,"[2, 17]"
4,"[3, 4]"
2,"[2, 4]"
17,"[3, 17]"
17,"[2, 17]"
2,"[2, 4, 5]"
6,"[5, 6, 10]"
2,"[2, 4, 17]"
17,[17]
2,"[2, 4]"
17,"[4, 17]"
2,"[2, 4, 17]"
6,"[6, 17]"
2,"[2, 17]"
2,"[2, 4, 17]"
17,[17]
4,"[4, 17]"
2,[2]
2,"[2, 4]"
2,"[2, 4]"
4,[4]
0,"[0, 17]"
2,[2]
2,"[2, 17]"
2,"[2, 4]"
2,"[2, 4]"
2,"[2, 10, 17]"
17,"[2, 17]"
2,"[2, 17]"
6,"[4, 6, 17]"
17,"[2, 4, 17]"
2,"[2, 4]"
2,"[2, 10]"
17,"[4, 6, 17]"
17,[17]
2,[2]
2,[2]
2,[2]
2,[2]
2,"[2, 17]"
2,"[2, 4, 17]"
17,"[2, 17]"
17,[17]
17,"[2, 17]"
17,"[4, 17]"
2,"[2, 4, 5, 17]"
2,"[2, 4, 17]"
4,"[2, 4]"
2,"[2, 4, 17]"
6,[6]
2,[2]
2,[2]
2,[2]
17,[17]
17,"[4, 17]"
2,[2]
2,[2]
17,"[4, 17]"
2,[2]
17,[17]
2,[2]
2,[2]
2,"[2, 17]"
17,"[4, 17]"
17,"[4, 17]"
17,"[4, 17]"
17,"[10, 17]"
17,[17]
2,[2]
2,[2]
2,[2]
2,"[2, 17]"
0,"[0, 5, 17]"
4,"[4, 17]"
2,"[2, 17]"
17,[17]
2,"[2, 10, 17]"
17,"[4, 6, 17]"
0,"[0, 6, 17]"
17,"[4, 17]"
2,"[2, 17]"
2,"[2, 4]"
17,"[4, 17]"
17,[17]
17,"[4, 17]"
4,"[2, 4]"
0,"[0, 2, 17]"
2,[2]
2,[2]
17,[17]
2,[2]
2,"[2, 10, 17]"
17,[17]
6,"[6, 17]"
2,"[2, 17]"
0,"[0, 2, 17]"
4,"[4, 17]"
17,"[10, 17]"
17,[17]
17,[17]
17,[17]
17,[17]
17,[17]
17,[17]
17,"[4, 17]"
17,"[4, 17]"
17,"[4, 17]"
17,"[4, 17]"
17,[17]
17,[17]
17,[17]
17,[17]
17,[17]
17,"[4, 17]"
4,"[4, 17]"
17,[17]
0,"[0, 17]"
4,[17]
17,[17]
17,[17]
17,[17]
17,[17]
17,[17]
17,[17]
17,"[0, 5, 17]"
0,"[0, 17]"
17,[17]
17,[17]
17,"[4, 17]"
17,"[4, 17]"
4,"[4, 17]"
0,"[0, 17]"
17,"[4, 17]"
17,[17]
17,"[4, 17]"
17,"[4, 17]"
17,"[4, 17]"
17,"[4, 17]"
17,[17]
17,"[4, 17]"
17,"[4, 17]"
17,"[4, 17]"
4,"[4, 17]"
17,"[4, 17]"
17,[17]
17,"[10, 17]"
17,[17]
17,[17]
17,[17]
17,[17]
17,"[9, 17]"
17,"[4, 9, 17]"
17,[17]
17,"[4, 9, 17]"
17,"[4, 9, 17]"
17,"[4, 17]"
17,[17]
0,"[0, 17]"
17,"[4, 17]"
17,"[4, 17]"
17,"[4, 17]"
4,"[4, 17]"
17,"[4, 17]"
17,[17]
17,"[4, 17]"
17,[17]
17,[17]
4,"[4, 17]"
17,[17]
17,[17]
17,"[4, 17]"
4,"[4, 17]"
4,"[4, 17]"
17,[17]
17,"[4, 17]"
17,[17]
17,[17]
0,"[0, 17]"
17,[17]
17,[17]
17,[17]
17,[17]
17,[17]
17,[17]
17,[17]
17,"[10, 17]"
17,[17]
17,[17]
17,"[0, 17]"
17,[17]
4,"[4, 17]"
17,[17]
17,[17]
17,[17]
17,[17]
17,"[15, 17]"
4,"[4, 17]"
17,[17]
17,[17]
17,[17]
17,[17]
5,[5]
0,"[0, 17]"
5,[5]
17,[17]
17,[17]
9,"[9, 17]"
17,[17]
0,"[0, 17]"
17,[15]
15,"[15, 17]"
17,[17]
17,"[15, 17]"
17,"[9, 17]"
9,[9]
17,[17]
15,"[9, 15]"
17,"[0, 17]"
17,[17]
15,"[9, 15]"
17,"[15, 17]"
15,"[9, 15]"
17,"[15, 17]"
17,[17]
5,"[5, 17]"
0,"[0, 15, 17]"
17,[17]
17,"[4, 17]"
17,"[0, 17]"
17,[17]
17,[17]
0,"[0, 17]"
0,"[0, 9, 15, 17]"
17,[17]
9,[9]
17,"[5, 17]"
17,[17]
17,[17]
17,[17]
17,[17]
17,[17]
0,"[0, 17]"
5,[5]
0,"[0, 17]"
4,[4]
17,[17]
0,"[0, 17]"
17,[17]
17,[17]
4,"[4, 17]"
17,[17]
9,"[0, 9, 17]"
17,[17]
17,"[4, 17]"
17,"[15, 17]"
17,[17]
17,[17]
15,"[0, 15, 17]"
17,[17]
9,"[0, 9, 15, 17]"
17,"[15, 17]"
17,"[9, 17]"
0,"[0, 9, 17]"
17,"[4, 17]"
5,"[5, 17]"
0,"[0, 15, 17]"
4,"[4, 17]"
4,[4]
17,[17]
3,[3]
4,"[3, 4]"
4,"[3, 4]"
4,"[3, 4]"
3,[3]
3,"[3, 4]"
4,[4]
4,[4]
4,"[3, 4]"
4,"[3, 4]"
4,[4]
4,[4]
3,[3]
3,[3]
4,[4]
2,"[2, 3]"
2,"[2, 3]"
2,"[2, 3, 17]"
3,"[3, 17]"
2,"[2, 3, 17]"
2,"[2, 3]"
4,"[2, 4]"
4,"[2, 4]"
4,"[2, 4]"
4,[4]
4,"[2, 3, 4, 17]"
6,"[2, 5, 6, 17]"
4,"[4, 17]"
11,"[0, 6, 11, 17]"
3,"[3, 5, 17]"
4,[4]
2,"[2, 3]"
3,"[3, 4]"
3,"[2, 3]"
2,"[2, 3]"
3,"[3, 17]"
0,"[0, 8, 17]"
4,"[3, 4, 17]"
11,"[11, 17]"
3,"[3, 17]"
0,"[0, 17]"
0,"[0, 6, 17]"
4,"[3, 4]"
4,"[3, 4]"
0,"[0, 17]"
4,"[3, 4]"
6,"[4, 6, 8, 17]"
4,"[3, 4]"
2,"[3, 17]"
0,"[4, 5, 17]"
2,[17]
4,"[3, 4]"
2,"[2, 3]"
3,"[2, 3, 4, 17]"
17,[17]
4,"[4, 17]"
2,"[2, 3, 4, 17]"
4,"[3, 4, 17]"
11,"[11, 17]"
17,"[2, 17]"
2,"[2, 3, 17]"
2,"[2, 3]"
0,"[0, 4, 17]"
6,"[6, 8]"
4,"[3, 4, 17]"
2,"[3, 4, 17]"
0,"[0, 4, 17]"
4,"[3, 4, 6, 17]"
2,"[2, 3]"
4,"[4, 17]"
4,"[3, 4]"
3,[3]
3,[3]
4,"[3, 4]"
3,"[2, 3, 17]"
2,"[2, 3, 17]"
4,"[3, 4]"
4,"[3, 4, 17]"
3,"[2, 3, 17]"
3,"[3, 17]"
2,"[2, 3, 17]"
0,"[0, 17]"
4,"[3, 4]"
11,[11]
4,[4]
4,"[2, 4, 17]"
2,"[2, 3, 4]"
4,"[3, 4]"
0,"[0, 5, 6, 17]"
2,"[2, 3]"
4,"[2, 3, 4]"
2,"[2, 3, 4]"
17,[17]
4,"[3, 4, 17]"
4,"[3, 4]"
3,"[3, 4, 17]"
11,"[11, 17]"
4,"[4, 11, 17]"
2,"[2, 3, 5]"
4,"[3, 4, 5, 17]"
3,"[2, 3, 5, 17]"
4,"[2, 3, 4, 5, 17]"
3,"[2, 3, 17]"
4,"[3, 4]"
0,"[0, 6, 17]"
4,[4]
4,"[3, 4]"
4,"[4, 17]"
17,[17]
4,[4]
4,[4]
2,"[2, 3]"
2,"[2, 3, 4]"
2,"[3, 17]"
3,"[3, 4]"
3,"[3, 4]"
4,"[4, 6]"
3,[17]
4,[4]
2,"[2, 3]"
4,"[3, 17]"
4,"[3, 17]"
17,"[3, 17]"
4,"[3, 4]"
6,"[6, 8, 17]"
6,"[6, 8, 17]"
2,"[2, 3, 4]"
4,"[3, 4]"
3,"[3, 4, 17]"
4,"[3, 4]"
2,"[2, 3, 4]"
2,"[2, 3, 17]"
4,"[3, 4]"
17,[17]
2,"[1, 2, 17]"
17,"[1, 17]"
0,"[0, 17]"
0,"[0, 17]"
17,[17]
17,"[1, 17]"
7,"[7, 17]"
17,"[1, 17]"
17,"[1, 17]"
6,"[6, 17]"
6,[6]
17,"[1, 17]"
17,[17]
17,"[1, 17]"
0,"[0, 1, 17]"
2,"[2, 17]"
17,"[1, 17]"
11,"[6, 11, 17]"
0,"[0, 1, 5, 17]"
17,"[0, 1, 17]"
1,"[0, 1, 17]"
17,"[0, 5, 17]"
17,"[0, 1, 17]"
17,"[1, 17]"
1,"[1, 17]"
17,"[6, 17]"
17,[17]
6,"[6, 17]"
17,"[6, 17]"
17,"[1, 17]"
6,"[1, 2, 6]"
2,"[2, 17]"
17,"[1, 17]"
17,"[1, 17]"
17,"[5, 17]"
0,"[0, 7, 17]"
17,[17]
0,"[0, 1, 5, 6, 17]"
17,"[1, 6, 17]"
17,"[6, 17]"
17,"[1, 17]"
17,"[1, 17]"
17,"[1, 17]"
6,"[6, 17]"
17,[17]
17,[17]
11,[11]
0,"[0, 4, 5, 17]"
0,"[0, 5, 17]"
7,[17]
17,"[1, 4, 17]"
11,"[6, 11]"
0,"[0, 1, 17]"
7,"[0, 1, 7, 17]"
2,"[1, 2, 17]"
17,"[1, 17]"
17,"[2, 17]"
1,"[1, 17]"
17,[17]
17,"[1, 17]"
17,"[1, 2, 17]"
17,[17]
0,"[0, 1, 17]"
17,[17]
7,"[0, 7, 17]"
1,"[1, 17]"
11,"[6, 11, 17]"
17,"[5, 17]"
17,"[1, 17]"
1,"[1, 17]"
7,"[1, 7, 17]"
11,"[6, 11]"
17,[17]
2,"[1, 2]"
17,"[1, 17]"
17,[17]
17,"[1, 17]"
11,"[3, 6, 11, 17]"
5,"[5, 9]"
17,"[1, 17]"
4,"[4, 10]"
9,[9]
9,"[0, 9, 17]"
2,[2]
17,"[9, 17]"
3,[3]
15,"[9, 15]"
4,"[4, 10]"
17,"[1, 17]"
17,[17]
4,"[4, 6, 17]"
17,"[15, 17]"
17,"[1, 17]"
8,"[3, 8, 17]"
1,"[1, 17]"
3,"[1, 3]"
17,"[1, 17]"
9,"[0, 9, 17]"
17,"[6, 17]"
4,"[4, 6, 17]"
11,"[6, 11]"
17,"[1, 17]"
17,"[0, 17]"
9,"[0, 9, 17]"
1,"[1, 17]"
11,"[6, 11]"
0,"[0, 17]"
8,"[3, 8, 17]"
10,"[10, 17]"
0,"[0, 17]"
17,"[1, 15, 17]"
10,"[1, 10, 17]"
17,"[0, 9, 17]"
3,"[1, 3, 6]"
17,"[1, 17]"
10,"[2, 10, 17]"
2,"[1, 2, 4, 17]"
1,"[1, 17]"
0,"[0, 9, 15, 17]"
17,"[6, 17]"
17,[17]
5,[5]
4,"[4, 17]"
17,[17]
4,"[4, 10]"
17,[17]
17,[17]
8,"[8, 17]"
15,[15]
9,"[9, 17]"
17,[17]
8,[8]
17,[17]
17,[17]
2,"[2, 17]"
8,"[8, 17]"
8,"[1, 8, 17]"
17,"[1, 9, 17]"
4,"[2, 4, 17]"
2,"[2, 4, 17]"
8,"[3, 8, 17]"
17,"[5, 17]"
17,"[1, 9, 17]"
5,"[5, 9, 15, 17]"
8,"[1, 8, 17]"
11,"[11, 17]"
2,"[2, 6]"
2,"[2, 11]"
0,[0]
11,"[2, 11]"
17,"[1, 17]"
3,[3]
17,[17]
2,"[2, 17]"
2,"[1, 2, 4]"
17,"[0, 17]"
17,"[1, 17]"
17,"[1, 10, 17]"
17,[17]
17,"[10, 17]"
1,"[1, 17]"
5,[5]
17,[17]
2,"[2, 6]"
17,"[1, 17]"
17,"[10, 17]"
17,"[3, 17]"
17,"[1, 17]"
10,"[1, 10, 17]"
11,"[3, 11]"
0,"[0, 5]"
17,"[1, 17]"
15,"[5, 15]"
17,"[9, 17]"
17,[17]
2,"[2, 4, 17]"
17,"[9, 17]"
4,"[2, 4]"
0,"[0, 17]"
0,"[0, 17]"
17,"[0, 17]"
17,"[1, 17]"
17,"[1, 17]"
2,"[2, 17]"
2,"[1, 2]"
17,"[1, 17]"
17,"[0, 9, 17]"
8,"[3, 8, 17]"
2,"[2, 10]"
17,"[1, 17]"
15,"[5, 15]"
1,"[1, 10]"
4,"[4, 10]"
17,"[5, 17]"
17,"[5, 6, 17]"
17,[17]
5,"[5, 17]"
17,"[1, 17]"
2,"[2, 10]"
11,"[6, 11, 17]"
0,"[0, 1, 17]"
5,[5]
5,"[5, 15]"
17,"[15, 17]"
17,"[1, 4, 17]"
17,"[11, 17]"
8,"[8, 17]"
17,"[5, 17]"
17,"[0, 2, 17]"
17,"[1, 3, 17]"
17,"[0, 17]"
0,"[0, 5, 17]"
17,"[1, 17]"
17,"[1, 17]"
17,"[1, 17]"
5,"[5, 17]"
5,"[5, 17]"
4,"[2, 4, 17]"
0,[0]
2,"[2, 10]"
17,[17]
17,"[1, 17]"
17,"[0, 17]"
5,"[5, 9]"
3,"[3, 4]"
11,"[3, 11, 17]"
4,"[2, 4]"
10,[10]
2,[2]
17,[17]
4,[4]
2,"[2, 10]"
4,[4]
4,[4]
17,[17]
0,"[0, 17]"
17,[17]
10,"[10, 17]"
17,"[10, 17]"
17,[17]
10,"[10, 17]"
2,"[2, 10]"
4,"[2, 10]"
2,"[2, 10]"
2,[3]
2,"[2, 10, 17]"
17,[17]
4,"[4, 17]"
10,"[10, 17]"
10,"[10, 17]"
2,"[3, 10]"
2,"[2, 10]"
2,"[2, 4]"
10,[4]
17,[17]
2,"[2, 4]"
10,[4]
4,"[2, 4, 17]"
4,"[4, 17]"
17,"[4, 17]"
10,"[2, 10, 17]"
4,"[4, 17]"
17,"[10, 17]"
4,"[3, 10, 17]"
2,[2]
17,[17]
17,"[10, 17]"
10,[10]
5,"[5, 17]"
4,[4]
2,"[2, 10, 17]"
4,[4]
6,[6]
4,[4]
0,"[0, 17]"
10,"[10, 17]"
17,"[2, 10, 17]"
10,[10]
2,"[2, 4]"
5,"[5, 17]"
10,"[10, 17]"
17,[17]
5,[5]
10,[10]
2,[2]
6,[6]
10,"[10, 17]"
10,"[10, 17]"
10,"[10, 17]"
17,[17]
6,"[6, 17]"
4,[10]
10,"[10, 17]"
10,[10]
17,"[2, 17]"
4,"[2, 4]"
10,[10]
6,"[4, 6]"
4,"[2, 4]"
2,"[2, 17]"
4,[4]
4,[4]
6,"[6, 17]"
17,[17]
17,"[4, 17]"
2,[2]
2,[2]
17,[17]
17,"[10, 17]"
2,[2]
4,"[4, 17]"
2,"[2, 4]"
10,"[7, 10, 17]"
17,"[4, 17]"
17,"[10, 17]"
2,"[2, 4, 17]"
17,"[2, 10, 17]"
2,"[2, 10]"
6,"[6, 10, 17]"
4,"[2, 4]"
0,"[5, 10, 17]"
2,"[2, 4, 17]"
17,"[10, 17]"
10,"[2, 10, 17]"
5,"[5, 17]"
6,"[6, 17]"
10,"[10, 17]"
2,"[2, 3, 4]"
0,"[0, 10, 17]"
17,"[5, 17]"
5,"[5, 17]"
6,"[6, 10]"
2,"[2, 3, 4, 17]"
2,"[2, 10]"
10,"[10, 17]"
17,"[10, 17]"
17,[17]
2,"[2, 10]"
17,"[10, 17]"
2,"[2, 10, 17]"
2,"[2, 17]"
4,"[2, 4]"
10,"[2, 10]"
6,"[2, 6, 10]"
10,[10]
17,"[10, 17]"
4,[4]
17,"[10, 17]"
10,"[10, 17]"
2,"[2, 17]"
4,"[2, 4, 17]"
2,"[2, 10]"
4,"[4, 17]"
10,"[0, 10, 17]"
17,[17]
6,"[6, 10]"
2,[2]
10,[10]
2,"[2, 4]"
17,[2]
2,"[2, 4, 17]"
2,"[2, 10]"
2,[2]
10,"[10, 17]"
10,"[10, 17]"
2,"[2, 10]"
10,[10]
2,"[2, 10, 17]"
17,[17]
17,"[10, 17]"
17,"[6, 17]"
6,"[6, 17]"
10,"[2, 10]"
2,"[2, 4, 17]"
4,"[4, 17]"
10,"[2, 10]"
6,"[4, 6]"
6,"[6, 17]"
2,"[2, 4]"
17,[17]
2,"[2, 4]"
17,"[10, 17]"
4,"[2, 4, 17]"
4,[4]
10,"[10, 17]"
4,"[2, 4]"
10,"[5, 10, 17]"
2,"[2, 5, 10, 17]"
6,"[5, 6, 17]"
6,"[5, 6, 17]"
4,"[4, 5]"
6,"[6, 10]"
0,"[0, 17]"
2,"[2, 17]"
10,"[4, 17]"
10,"[0, 4, 17]"
4,[4]
6,"[2, 4, 6]"
2,"[2, 4]"
17,"[4, 17]"
10,"[10, 17]"
17,"[10, 17]"
2,"[2, 5, 17]"
2,[2]
2,[2]
2,"[0, 2, 17]"
2,"[0, 2, 17]"
2,[2]
2,"[2, 6]"
2,"[2, 4, 6]"
2,"[2, 4, 6]"
2,"[2, 4, 6]"
2,"[2, 4]"
6,"[2, 4, 6]"
4,"[2, 4, 17]"
2,"[2, 4, 17]"
2,"[2, 4, 6, 17]"
2,"[2, 4, 17]"
2,"[2, 17]"
4,"[2, 4]"
2,"[2, 4]"
2,[2]
2,"[2, 4]"
2,[2]
2,"[2, 4]"
2,"[2, 17]"
6,[6]
2,"[2, 4]"
2,"[2, 4, 5, 17]"
2,"[2, 5, 6, 17]"
2,"[2, 4, 5, 6, 17]"
2,"[2, 5, 17]"
2,"[2, 4]"
2,[2]
2,"[2, 4]"
2,[2]
2,"[2, 4]"
2,"[2, 4, 17]"
2,"[2, 4]"
4,"[2, 4]"
4,"[2, 4]"
6,"[2, 6]"
2,"[2, 6, 17]"
6,"[5, 6, 17]"
2,"[2, 5, 17]"
2,"[2, 5, 17]"
2,"[2, 5, 17]"
2,"[2, 4]"
4,"[2, 4]"
2,"[2, 4]"
6,"[2, 4, 6]"
2,"[2, 4]"
17,[17]
6,[17]
6,[6]
0,"[0, 17]"
17,[17]
17,[17]
0,"[0, 17]"
6,"[6, 17]"
17,[17]
0,"[0, 17]"
17,[17]
6,[17]
0,"[5, 17]"
6,[17]
0,"[5, 17]"
17,"[9, 17]"
9,[17]
17,"[9, 17]"
17,"[9, 17]"
17,"[9, 17]"
9,[9]
15,"[9, 15]"
15,"[9, 15]"
17,[17]
17,[17]
17,[17]
17,[17]
0,"[0, 17]"
17,[17]
17,[17]
9,[9]
17,"[9, 17]"
9,[9]
0,"[0, 17]"
9,"[9, 17]"
17,[17]
2,"[2, 9, 17]"
15,"[1, 9, 15, 17]"
15,"[9, 15, 17]"
17,[17]
9,"[9, 17]"
17,[17]
17,[17]
17,[17]
9,"[0, 9, 17]"
17,[17]
9,[9]
0,"[0, 15, 17]"
9,"[0, 9, 17]"
17,[17]
9,"[9, 17]"
17,"[9, 17]"
9,[9]
17,"[9, 17]"
0,"[0, 2, 9, 17]"
0,"[0, 17]"
17,"[9, 17]"
2,"[2, 9]"
17,[17]
0,"[0, 9, 17]"
0,"[0, 9, 17]"
17,"[9, 17]"
0,"[0, 9, 17]"
9,"[9, 17]"
17,"[9, 15, 17]"
2,"[2, 15]"
0,"[0, 9, 15, 17]"
9,"[9, 17]"
9,"[2, 9, 17]"
2,"[2, 9]"
0,"[0, 10, 17]"
17,"[9, 17]"
17,[17]
17,[17]
17,[17]
15,"[9, 15, 17]"
0,"[0, 9, 17]"
0,"[0, 9, 15, 17]"
0,"[0, 15, 17]"
17,"[0, 17]"
17,[17]
17,[17]
17,"[10, 17]"
0,"[0, 15, 17]"
17,"[4, 17]"
17,[17]
9,"[0, 9, 17]"
17,[17]
0,"[0, 9, 17]"
17,"[9, 17]"
0,"[0, 9, 17]"
17,[17]
0,[9]
0,"[0, 9, 17]"
0,"[0, 17]"
0,"[0, 17]"
2,"[2, 9]"
17,[17]
17,"[9, 17]"
17,"[9, 17]"
17,[17]
17,"[1, 17]"
17,[17]
17,[17]
5,"[5, 17]"
6,"[6, 17]"
17,"[1, 17]"
17,[17]
7,"[6, 7, 17]"
5,"[5, 17]"
5,[5]
17,[17]
17,"[1, 17]"
17,"[1, 17]"
17,[17]
7,"[1, 6, 7, 17]"
17,[17]
17,[17]
17,"[6, 7, 17]"
17,[17]
17,[17]
7,"[7, 17]"
17,[17]
17,"[1, 17]"
5,"[5, 17]"
17,[17]
1,"[1, 17]"
17,"[1, 17]"
17,[17]
7,"[7, 17]"
17,"[1, 17]"
6,"[6, 17]"
17,[17]
17,"[1, 17]"
6,"[6, 17]"
6,"[6, 17]"
17,[17]
6,"[6, 17]"
17,"[1, 17]"
1,"[1, 17]"
7,"[6, 17]"
17,"[6, 17]"
1,"[1, 6, 17]"
17,"[6, 17]"
1,"[1, 17]"
1,"[1, 17]"
17,[17]
5,"[5, 17]"
17,"[1, 17]"
17,"[4, 17]"
2,"[2, 3, 4]"
15,"[8, 15]"
2,"[2, 3, 5]"
2,"[2, 3]"
17,[17]
17,[17]
17,[17]
17,[17]
17,"[2, 4, 17]"
15,"[9, 15, 17]"
17,[17]
2,"[2, 5]"
15,"[15, 17]"
17,[17]
17,[17]
17,"[4, 17]"
2,"[2, 3, 4]"
9,"[9, 17]"
17,[17]
4,"[4, 17]"
17,[17]
17,[17]
4,[4]
17,"[4, 17]"
17,[17]
17,[17]
5,"[2, 5]"
17,[17]
4,[4]
2,"[2, 3]"
17,"[4, 17]"
17,[17]
4,"[4, 17]"
17,[17]
17,[17]
17,[17]
17,[17]
4,"[2, 4]"
5,"[2, 5, 17]"
9,"[9, 17]"
15,"[15, 17]"
17,[17]
17,[17]
5,[5]
2,"[2, 3]"
9,"[9, 17]"
2,"[2, 5, 17]"
17,[17]
17,"[5, 17]"
17,[17]
2,"[2, 3, 5, 17]"
17,"[6, 17]"
9,"[8, 9, 15, 17]"
4,"[2, 4, 17]"
17,"[8, 17]"
4,"[4, 17]"
17,"[4, 17]"
17,"[2, 4, 17]"
17,[17]
17,"[4, 17]"
17,[17]
9,"[9, 17]"
2,"[2, 3, 17]"
5,"[2, 3, 5]"
15,"[9, 15, 17]"
17,[17]
17,[17]
5,"[5, 17]"
17,[17]
17,[17]
17,[17]
14,"[14, 15]"
17,[17]
17,"[14, 17]"
17,"[14, 17]"
17,[17]
17,[17]
15,[15]
0,"[0, 17]"
15,"[9, 15]"
14,[14]
15,[15]
17,"[14, 17]"
17,[17]
14,[14]
0,"[0, 17]"
17,"[14, 17]"
17,"[14, 17]"
17,[17]
17,"[15, 17]"
17,"[0, 14, 17]"
14,"[0, 14, 17]"
0,"[0, 14]"
17,"[14, 17]"
17,[17]
0,"[0, 9, 15, 17]"
17,"[14, 17]"
17,"[14, 17]"
17,[17]
17,"[14, 17]"
15,"[15, 17]"
17,"[14, 17]"
17,"[14, 17]"
17,"[14, 17]"
17,"[14, 17]"
17,"[0, 14, 17]"
15,"[15, 17]"
17,[17]
17,[17]
17,"[14, 17]"
0,[0]
14,"[14, 17]"
17,"[14, 17]"
17,"[14, 17]"
17,[10]
10,"[4, 17]"
17,"[2, 17]"
17,[17]
17,[17]
2,"[2, 3]"
17,"[2, 17]"
6,"[6, 17]"
4,"[3, 4]"
6,"[6, 17]"
10,"[10, 17]"
17,"[0, 17]"
17,"[2, 10, 17]"
7,"[7, 10, 17]"
17,[17]
17,"[7, 17]"
17,[17]
0,"[0, 17]"
3,[3]
7,"[7, 17]"
17,"[2, 3, 17]"
2,"[2, 3, 17]"
17,[17]
17,"[4, 17]"
0,"[7, 17]"
3,"[2, 3]"
3,"[3, 10]"
17,"[10, 17]"
17,"[10, 17]"
17,"[2, 17]"
7,"[3, 10, 17]"
3,"[3, 17]"
4,"[4, 17]"
2,[2]
17,"[8, 10, 17]"
2,"[2, 17]"
17,"[10, 17]"
17,[17]
4,"[4, 17]"
17,"[3, 17]"
2,"[2, 17]"
17,[17]
2,"[2, 17]"
17,[17]
2,[2]
4,"[3, 4]"
0,"[0, 17]"
7,"[7, 10, 17]"
6,[6]
7,"[7, 17]"
2,[2]
6,[6]
17,[17]
17,[17]
3,"[2, 3]"
10,"[2, 10]"
17,[17]
17,"[2, 10, 17]"
7,"[2, 7, 17]"
10,"[2, 10, 17]"
17,[17]
17,"[10, 17]"
17,"[7, 17]"
7,"[3, 7, 10, 17]"
2,"[2, 17]"
0,"[0, 17]"
6,"[6, 17]"
17,"[3, 4, 17]"
6,"[2, 6, 10]"
17,"[10, 17]"
17,[2]
10,[10]
2,"[2, 3, 4, 17]"
4,"[4, 17]"
2,"[2, 4]"
2,[2]
3,[3]
17,[17]
17,[17]
17,"[3, 6, 17]"
17,"[2, 7, 17]"
2,[2]
2,[2]
6,[6]
17,"[10, 17]"
3,[3]
2,"[2, 17]"
17,"[4, 17]"
2,"[2, 6]"
17,"[10, 17]"
2,[2]
17,"[0, 17]"
4,"[4, 17]"
2,"[2, 3, 17]"
6,"[6, 17]"
2,"[2, 17]"
2,"[2, 6]"
10,"[3, 10, 17]"
17,"[4, 17]"
3,"[3, 4, 10]"
2,"[2, 4]"
17,[17]
17,[17]
17,[17]
3,"[2, 3]"
17,"[10, 17]"
17,"[10, 17]"
7,"[7, 10, 17]"
17,"[4, 17]"
17,"[2, 10]"
6,"[2, 6]"
10,"[2, 10]"
6,"[6, 7, 17]"
6,"[6, 10, 17]"
2,"[2, 7, 17]"
2,"[2, 17]"
10,"[10, 17]"
17,[17]
6,"[3, 6, 10]"
17,"[2, 6, 10, 17]"
7,"[7, 17]"
2,"[2, 3]"
17,"[7, 17]"
2,[2]
17,"[4, 17]"
17,"[4, 17]"
17,"[10, 17]"
6,"[3, 6]"
2,"[2, 3, 10]"
7,"[2, 7, 17]"
17,"[4, 17]"
17,[17]
2,"[2, 17]"
6,"[3, 6, 17]"
17,"[10, 17]"
6,"[3, 6]"
17,"[2, 17]"
6,"[2, 6, 15, 17]"
4,"[2, 4, 17]"
17,"[3, 10, 17]"
6,"[3, 6, 17]"
6,"[6, 17]"
0,"[0, 17]"
7,"[7, 17]"
17,"[3, 17]"
2,"[2, 3, 4]"
2,[2]
7,"[7, 17]"
7,"[2, 7, 17]"
17,"[7, 17]"
17,[17]
6,"[6, 7, 17]"
7,"[7, 17]"
2,"[2, 17]"
17,[17]
7,"[7, 17]"
3,[3]
2,[2]
4,[4]
17,"[2, 3, 7, 10, 17]"
4,"[2, 4, 17]"
6,"[6, 7, 17]"
2,"[2, 7, 17]"
17,"[2, 10, 17]"
6,"[3, 6, 10]"
6,"[2, 6, 17]"
2,[2]
2,"[2, 4]"
4,"[3, 4, 17]"
10,"[10, 17]"
6,"[6, 17]"
10,"[10, 17]"
17,"[4, 17]"
17,"[1, 17]"
3,"[1, 3, 17]"
17,"[5, 17]"
0,"[0, 3, 17]"
17,"[1, 2, 17]"
17,"[1, 17]"
17,"[1, 17]"
17,"[4, 17]"
4,"[3, 4]"
6,"[6, 11]"
1,"[1, 6]"
17,[17]
0,"[0, 1, 17]"
11,"[1, 11]"
17,[17]
2,"[2, 4]"
2,"[2, 17]"
6,"[3, 6]"
17,[17]
17,"[3, 6, 17]"
17,[17]
17,[17]
17,[17]
17,[17]
11,"[11, 17]"
17,"[0, 17]"
2,"[2, 3, 17]"
3,"[1, 2, 3, 17]"
11,"[6, 11]"
17,"[1, 17]"
17,"[5, 17]"
0,"[0, 17]"
17,"[1, 17]"
17,"[1, 17]"
17,"[5, 17]"
17,[17]
6,"[3, 6]"
17,"[4, 17]"
4,"[2, 4]"
1,"[1, 17]"
0,"[0, 6, 17]"
17,[17]
2,"[0, 2, 4, 17]"
2,"[1, 2, 17]"
17,"[1, 17]"
3,"[2, 3, 4]"
2,"[2, 17]"
17,"[3, 17]"
2,"[2, 3]"
17,"[2, 17]"
6,"[3, 6]"
1,"[1, 3, 17]"
0,"[0, 2, 17]"
17,"[2, 17]"
3,"[3, 4]"
0,"[0, 11, 17]"
4,"[3, 4]"
17,"[3, 17]"
17,"[3, 17]"
0,"[0, 5, 17]"
17,[17]
0,"[0, 17]"
17,[17]
17,"[4, 17]"
17,"[1, 17]"
17,[17]
17,"[1, 2, 17]"
17,"[2, 17]"
17,[17]
17,"[1, 17]"
17,[17]
17,[17]
17,[17]
2,[2]
17,"[3, 17]"
4,"[3, 4, 17]"
4,"[3, 4, 17]"
6,"[2, 3, 6]"
17,"[1, 17]"
0,"[0, 17]"
1,[1]
17,[17]
1,[1]
11,"[11, 17]"
17,"[1, 2, 17]"
17,"[1, 17]"
17,"[2, 4, 17]"
2,"[2, 3]"
3,"[3, 17]"
11,"[11, 17]"
17,"[1, 17]"
17,"[1, 17]"
0,"[0, 17]"
17,"[5, 17]"
17,[17]
17,[17]
5,"[5, 17]"
17,[17]
17,[17]
17,[]
17,[17]
17,[17]
5,"[5, 17]"
17,[17]
5,"[5, 17]"
17,[17]
17,[17]
17,[17]
5,"[5, 17]"
17,"[5, 17]"
17,[17]
17,[17]
17,[17]
17,[17]
17,[17]
5,"[5, 17]"
17,"[5, 17]"
17,[17]
17,[17]
17,"[5, 17]"
17,"[6, 17]"
17,[17]
17,[17]
17,[17]
17,[17]
17,[17]
17,[17]
17,[17]
17,[17]
17,[17]
17,[17]
17,[17]
17,[17]
16,"[11, 13, 16, 17]"
15,"[0, 5, 9, 14, 15, 17]"
17,"[14, 15, 17]"
13,"[11, 13, 16, 17]"
15,"[5, 14, 15, 17]"
14,"[0, 5, 14, 15, 16, 17]"
17,"[0, 14, 15, 17]"
16,"[11, 13, 14, 16, 17]"
17,"[14, 17]"
17,"[14, 16, 17]"
17,"[14, 15, 17]"
13,"[11, 13, 14, 16, 17]"
13,"[11, 13, 17]"
17,"[14, 15, 17]"
17,"[14, 17]"
17,"[16, 17]"
0,"[0, 14]"
17,"[14, 15, 17]"
16,"[16, 17]"
17,"[14, 17]"
17,"[14, 17]"
17,"[14, 17]"
17,[17]
13,"[11, 13, 16, 17]"
0,"[0, 14]"
17,"[16, 17]"
17,"[14, 17]"
14,"[14, 17]"
5,"[5, 15]"
15,"[5, 15]"
14,"[14, 17]"
5,"[5, 17]"
17,"[14, 17]"
17,"[14, 17]"
15,"[14, 15, 17]"
0,"[0, 17]"
17,"[14, 17]"
17,"[14, 17]"
5,[5]
17,"[14, 17]"
5,"[5, 17]"
17,"[14, 17]"
5,[5]
13,"[11, 13, 17]"
16,[16]
17,[17]
17,"[14, 15, 17]"
14,"[14, 17]"
14,"[14, 15, 17]"
17,"[15, 17]"
16,"[5, 16, 17]"
17,"[14, 17]"
0,"[0, 5, 14, 17]"
0,"[0, 17]"
15,"[15, 17]"
2,"[2, 4, 17]"
4,"[2, 4]"
5,"[2, 5]"
6,"[5, 6]"
6,[6]
2,"[2, 5]"
17,"[4, 17]"
6,"[4, 6]"
17,"[5, 17]"
2,"[2, 5]"
2,"[2, 17]"
2,"[2, 4]"
17,"[5, 17]"
2,"[2, 4]"
17,"[5, 17]"
2,"[2, 4, 17]"
2,"[2, 4]"
4,"[2, 4, 17]"
6,"[2, 6, 17]"
2,"[2, 4]"
2,"[2, 4]"
2,"[2, 4, 17]"
17,"[5, 17]"
2,"[2, 4, 17]"
2,"[2, 4]"
2,"[2, 4]"
5,"[2, 4, 5]"
2,"[2, 4, 17]"
2,"[2, 4, 17]"
2,"[2, 10]"
6,"[5, 6]"
4,[4]
2,"[2, 17]"
2,"[2, 4]"
5,"[5, 17]"
2,"[2, 4]"
17,"[2, 17]"
2,"[2, 17]"
2,"[2, 4, 5]"
2,[2]
5,"[5, 17]"
5,"[4, 5]"
17,"[2, 17]"
2,[2]
6,[6]
17,[17]
2,[2]
2,"[2, 4]"
5,"[2, 5, 17]"
2,"[2, 4, 17]"
5,"[5, 17]"
2,"[2, 4, 17]"
6,[6]
4,[4]
4,[4]
5,[5]
2,"[2, 17]"
6,"[2, 17]"
17,[17]
6,"[2, 17]"
6,"[4, 6]"
2,[2]
17,[17]
2,[2]
2,[2]
5,[5]
2,"[2, 10, 17]"
2,"[2, 4, 17]"
5,[5]
2,"[2, 4, 17]"
2,"[2, 4]"
17,[17]
15,"[15, 17]"
13,"[11, 13, 14, 17]"
9,"[9, 17]"
6,"[6, 14]"
6,"[6, 14, 17]"
17,"[9, 15, 17]"
14,"[6, 14, 17]"
17,"[9, 15, 17]"
17,"[9, 15, 17]"
6,"[5, 6, 14, 17]"
17,"[5, 9, 17]"
17,"[6, 15, 17]"
9,"[9, 15, 17]"
17,"[9, 17]"
14,"[14, 17]"
17,"[5, 14, 17]"
15,"[5, 14, 15, 17]"
17,"[0, 15, 17]"
17,"[15, 17]"
17,"[15, 17]"
17,"[14, 17]"
9,"[9, 14, 17]"
13,"[9, 11, 13, 14, 15, 17]"
17,"[14, 17]"
17,"[15, 17]"
6,"[6, 14, 17]"
13,"[11, 13, 14, 17]"
15,"[9, 15, 17]"
9,"[9, 15, 17]"
17,"[14, 17]"
9,"[5, 9, 17]"
14,"[11, 14]"
14,"[11, 14]"
17,"[15, 17]"
17,"[15, 17]"
14,"[11, 14]"
17,"[15, 17]"
15,"[15, 17]"
15,"[9, 15]"
17,"[9, 17]"
17,"[15, 17]"
17,"[15, 17]"
13,"[11, 13, 14, 17]"
17,"[9, 17]"
6,"[6, 14]"
17,"[14, 17]"
17,"[15, 17]"
13,"[11, 13, 17]"
17,"[15, 17]"
17,"[1, 17]"
6,"[6, 17]"
17,"[1, 17]"
5,"[5, 17]"
5,"[5, 17]"
1,"[1, 17]"
5,[5]
5,"[1, 5, 6]"
17,"[1, 5, 17]"
5,"[1, 5, 6]"
17,"[1, 17]"
17,"[1, 17]"
5,"[0, 5, 17]"
5,"[0, 5, 17]"
17,"[1, 17]"
17,"[6, 17]"
17,"[6, 17]"
17,"[5, 17]"
17,"[5, 17]"
17,"[1, 5, 17]"
17,"[0, 1, 5, 17]"
17,"[6, 17]"
17,"[1, 17]"
17,"[0, 5, 17]"
17,"[6, 17]"
1,"[1, 17]"
17,"[1, 6, 17]"
5,"[1, 5, 17]"
17,"[1, 17]"
5,"[1, 5, 17]"
1,"[0, 1, 17]"
5,"[5, 17]"
5,"[5, 17]"
5,"[0, 5, 17]"
17,"[1, 17]"
17,"[1, 17]"
17,"[1, 17]"
1,[1]
17,"[1, 17]"
6,[6]
17,[17]
17,[17]
17,[17]
17,[17]
6,[6]
6,"[6, 17]"
17,[17]
5,"[5, 17]"
17,[17]
5,"[5, 17]"
5,"[5, 17]"
17,"[1, 17]"
17,"[0, 1, 17]"
6,"[1, 6, 17]"
17,"[1, 17]"
17,[17]
1,"[1, 17]"
17,"[6, 17]"
17,[17]
10,"[10, 17]"
17,[17]
17,"[10, 17]"
2,"[2, 10]"
2,"[2, 17]"
2,"[2, 10]"
17,"[5, 7, 10, 17]"
17,"[10, 17]"
17,"[10, 17]"
2,"[0, 2, 10, 17]"
17,"[10, 17]"
2,"[2, 10]"
17,"[6, 17]"
17,"[10, 17]"
17,"[4, 17]"
0,"[0, 17]"
2,"[2, 4, 17]"
10,"[2, 5, 10, 17]"
17,"[4, 17]"
10,"[2, 10, 17]"
0,"[0, 17]"
17,"[2, 5, 7, 10, 17]"
17,"[2, 10, 17]"
2,"[2, 7, 10, 17]"
2,[2]
17,[17]
17,"[10, 17]"
5,"[5, 17]"
2,"[2, 4, 5]"
0,"[0, 2, 17]"
2,"[2, 10]"
2,"[2, 17]"
6,"[6, 10]"
5,"[5, 7, 10, 17]"
0,"[0, 10, 17]"
6,"[5, 6, 7, 17]"
10,"[10, 17]"
2,"[2, 10, 17]"
17,"[8, 17]"
2,"[0, 2, 17]"
10,"[10, 17]"
5,"[5, 17]"
7,"[7, 10, 17]"
10,"[0, 10, 17]"
17,"[7, 10, 17]"
17,"[10, 17]"
10,"[10, 17]"
6,"[4, 6, 17]"
17,[17]
17,"[5, 17]"
17,"[6, 17]"
17,"[4, 6, 17]"
10,"[10, 17]"
0,"[0, 17]"
10,"[2, 10]"
0,"[0, 10, 17]"
17,"[2, 4]"
2,"[0, 2, 17]"
17,"[4, 6, 17]"
17,[17]
7,"[0, 7, 10, 17]"
17,"[2, 4, 17]"
6,"[5, 6, 7, 17]"
10,[10]
2,"[2, 17]"
17,[17]
17,[17]
17,"[0, 10, 17]"
2,"[0, 2, 17]"
17,"[10, 17]"
2,"[0, 2, 17]"
17,[17]
10,[10]
10,"[10, 17]"
17,[17]
6,"[6, 17]"
0,"[2, 4, 17]"
5,"[4, 5]"
0,"[0, 2, 10, 17]"
17,[17]
6,"[6, 17]"
0,"[0, 10, 17]"
17,[17]
17,"[0, 17]"
2,"[2, 17]"
0,"[0, 2, 17]"
17,"[10, 17]"
17,"[10, 17]"
17,"[4, 17]"
7,"[10, 17]"
7,"[10, 17]"
10,"[10, 17]"
5,"[5, 17]"
0,"[0, 10, 17]"
2,"[2, 10, 17]"
10,"[2, 10, 17]"
17,"[2, 7, 10, 17]"
17,"[5, 10, 17]"
0,"[0, 10, 17]"
6,"[5, 6]"
17,"[5, 10, 17]"
6,"[5, 6]"
7,"[4, 7, 17]"
2,"[2, 17]"
2,"[2, 17]"
17,[17]
0,"[0, 10, 17]"
2,[2]
2,[2]
2,[2]
10,[10]
6,[6]
17,[17]
0,"[0, 17]"
10,"[10, 17]"
6,"[6, 17]"
17,[17]
2,[2]
2,[2]
0,"[0, 17]"
10,"[6, 10]"
17,"[10, 17]"
0,"[0, 6, 17]"
10,"[5, 10]"
2,"[2, 17]"
2,"[2, 17]"
17,"[10, 17]"
17,"[5, 17]"
0,"[0, 17]"
17,"[5, 10, 17]"
17,[17]
1,"[1, 17]"
17,"[1, 17]"
17,[17]
5,"[5, 8, 17]"
17,"[8, 10, 17]"
17,"[1, 17]"
17,"[6, 17]"
5,"[5, 8, 17]"
2,"[2, 10, 17]"
6,"[6, 17]"
10,"[2, 10, 17]"
17,[17]
10,"[2, 10, 17]"
6,"[6, 8, 17]"
17,"[1, 17]"
1,"[1, 6, 17]"
17,"[6, 17]"
17,"[2, 8, 10, 17]"
6,"[1, 6, 17]"
17,"[1, 17]"
17,"[8, 10, 17]"
17,"[1, 6, 17]"
17,"[1, 17]"
17,"[1, 17]"
1,"[1, 17]"
17,"[1, 17]"
17,[17]
17,"[0, 1, 17]"
17,[17]
6,"[0, 6, 17]"
11,"[11, 17]"
17,"[0, 6, 17]"
5,"[5, 17]"
17,"[0, 17]"
17,[17]
6,"[6, 11, 17]"
11,"[11, 17]"
10,"[2, 10, 17]"
17,[17]
17,"[4, 17]"
10,"[10, 17]"
6,"[6, 17]"
17,[17]
17,"[4, 17]"
5,[5]
17,"[5, 17]"
1,"[1, 17]"
17,"[1, 6, 17]"
17,"[1, 17]"
6,[6]
11,[11]
17,[17]
17,[17]
2,"[2, 17]"
17,[17]
5,"[1, 5]"
11,"[0, 11, 17]"
6,"[1, 6]"
17,"[1, 17]"
6,"[6, 10, 17]"
11,"[6, 11, 17]"
2,"[2, 10]"
17,"[6, 17]"
6,"[6, 17]"
17,"[8, 10, 17]"
10,"[4, 17]"
1,"[1, 17]"
17,[17]
17,"[1, 17]"
2,"[2, 10, 17]"
17,"[1, 17]"
2,"[2, 10]"
17,"[8, 10, 17]"
17,"[5, 17]"
0,"[0, 17]"
0,"[0, 5, 17]"
11,"[1, 11]"
17,[17]
17,"[3, 17]"
17,"[3, 17]"
4,"[3, 4]"
4,"[3, 4, 17]"
11,"[3, 6, 11]"
0,"[0, 17]"
17,"[0, 5, 17]"
17,"[3, 4, 17]"
11,"[11, 17]"
11,"[3, 11, 17]"
4,"[4, 17]"
3,"[3, 17]"
17,"[4, 17]"
4,"[3, 4]"
17,"[0, 17]"
4,"[3, 4, 17]"
4,"[3, 4, 17]"
17,"[3, 17]"
17,"[3, 17]"
17,"[3, 17]"
0,"[0, 17]"
0,"[0, 4, 17]"
4,"[4, 17]"
3,"[3, 4]"
0,"[0, 17]"
4,"[3, 4, 17]"
17,"[3, 6, 17]"
17,"[3, 4, 17]"
17,"[0, 3, 17]"
17,"[3, 4, 17]"
4,"[3, 4]"
17,"[3, 10, 17]"
17,[17]
4,"[3, 4]"
3,[3]
4,"[3, 4, 17]"
0,"[0, 17]"
0,"[0, 17]"
4,[4]
4,[4]
17,[17]
17,[17]
3,[3]
17,"[3, 17]"
0,"[0, 17]"
17,[17]
17,"[4, 17]"
17,"[3, 17]"
17,"[3, 17]"
17,[17]
17,"[3, 17]"
17,"[3, 17]"
4,"[3, 4, 17]"
17,[17]
3,[3]
11,"[3, 11, 17]"
4,"[4, 17]"
17,"[3, 17]"
17,"[3, 17]"
17,"[3, 17]"
0,"[0, 3, 17]"
17,"[3, 17]"
17,"[3, 17]"
17,"[3, 17]"
17,[17]
17,"[3, 4, 17]"
17,"[10, 17]"
17,"[10, 17]"
17,"[10, 17]"
17,"[10, 17]"
0,"[0, 10, 17]"
17,"[4, 17]"
17,"[10, 17]"
17,[17]
10,[10]
17,"[10, 17]"
17,"[10, 17]"
10,"[10, 17]"
17,"[10, 17]"
17,[17]
0,"[0, 10, 17]"
10,"[10, 17]"
10,"[10, 17]"
17,"[6, 10, 17]"
17,"[10, 17]"
17,"[10, 17]"
17,"[10, 17]"
17,"[4, 17]"
10,"[10, 17]"
10,"[10, 17]"
17,"[10, 17]"
17,"[10, 17]"
17,[17]
17,[17]
17,"[10, 17]"
0,"[0, 10, 17]"
17,[17]
17,"[5, 17]"
17,"[10, 17]"
17,"[10, 17]"
17,[17]
17,"[10, 17]"
0,"[0, 4, 17]"
17,"[4, 17]"
10,"[10, 17]"
10,"[10, 17]"
10,"[10, 17]"
0,"[0, 10, 17]"
17,"[10, 17]"
10,"[0, 4, 17]"
17,"[1, 17]"
17,"[6, 10, 17]"
17,"[1, 17]"
5,"[1, 5]"
1,"[1, 10, 17]"
5,"[1, 5, 6]"
6,"[6, 10, 17]"
2,"[1, 2, 6, 10, 17]"
1,"[1, 17]"
1,"[1, 5, 10, 17]"
17,"[1, 5, 17]"
10,"[1, 10, 17]"
10,"[1, 10, 17]"
10,"[2, 10, 17]"
17,"[1, 17]"
17,"[10, 17]"
17,"[6, 10, 17]"
17,"[6, 10, 17]"
17,"[6, 10, 17]"
17,"[1, 6, 10, 17]"
1,"[1, 17]"
17,[17]
1,"[1, 17]"
6,[6]
17,"[1, 17]"
6,"[6, 17]"
2,"[1, 2, 10, 17]"
2,"[1, 2, 6, 17]"
5,"[1, 5]"
2,"[1, 2, 6]"
2,"[2, 10]"
17,"[10, 17]"
10,"[1, 10, 17]"
6,"[6, 17]"
17,"[6, 17]"
10,"[1, 10, 17]"
17,"[1, 17]"
17,"[1, 17]"
5,"[5, 17]"
17,"[1, 17]"
5,"[1, 5]"
17,"[1, 17]"
6,"[6, 17]"
17,"[6, 17]"
17,"[1, 17]"
2,"[2, 4]"
2,"[2, 4]"
2,"[2, 4, 17]"
2,"[2, 4]"
2,"[2, 4]"
2,"[2, 4]"
2,"[2, 4]"
4,"[2, 4]"
2,"[2, 4, 17]"
2,"[2, 4]"
2,"[2, 4]"
2,"[2, 4, 17]"
2,"[2, 4]"
2,"[2, 4, 17]"
2,"[2, 4]"
2,"[2, 4]"
4,"[2, 4]"
4,"[2, 4]"
2,"[2, 4]"
2,"[2, 4]"
2,"[2, 4]"
4,"[2, 4]"
2,"[2, 4, 17]"
2,"[2, 4]"
4,"[4, 17]"
4,[4]
4,"[2, 4]"
2,"[2, 4]"
2,[2]
2,[2]
2,"[2, 4, 5]"
2,"[2, 4]"
2,[2]
4,"[2, 4]"
2,"[2, 4]"
2,"[2, 4]"
2,"[2, 4]"
4,"[2, 4, 17]"
2,"[2, 4, 17]"
4,"[4, 17]"
4,"[3, 4]"
17,"[10, 17]"
5,"[3, 5, 17]"
17,"[3, 10, 17]"
17,"[4, 5, 17]"
3,"[3, 4, 17]"
2,"[2, 17]"
5,"[0, 5, 17]"
17,[17]
17,"[10, 17]"
17,[17]
17,"[0, 17]"
17,[17]
4,"[2, 4, 17]"
4,"[10, 17]"
2,"[2, 17]"
17,[17]
17,"[10, 17]"
5,"[5, 17]"
5,"[5, 17]"
6,"[6, 17]"
3,"[1, 3, 4, 17]"
17,"[3, 5, 10, 17]"
4,"[3, 4, 17]"
17,[17]
17,"[10, 17]"
2,"[2, 17]"
5,[5]
17,[17]
17,[17]
17,"[10, 17]"
5,"[3, 5]"
4,"[3, 4]"
17,[17]
17,[17]
17,[17]
17,[17]
2,"[2, 17]"
17,[17]
17,[17]
17,"[4, 17]"
0,[17]
17,[17]
17,"[0, 17]"
17,"[4, 17]"
17,"[0, 4, 17]"
0,"[0, 17]"
17,"[10, 17]"
17,[17]
0,"[0, 17]"
17,[17]
0,"[0, 10, 17]"
17,"[2, 17]"
4,"[3, 4, 17]"
17,"[2, 10, 17]"
3,"[3, 17]"
17,[17]
3,"[3, 17]"
17,"[10, 17]"
5,[5]
2,"[2, 17]"
17,[17]
17,[17]
0,"[0, 17]"
5,"[3, 5]"
3,"[3, 17]"
17,"[4, 17]"
17,"[4, 17]"
0,"[0, 17]"
17,[17]
17,"[10, 17]"
4,"[4, 17]"
17,[17]
4,"[4, 17]"
6,[6]
17,[17]
17,[17]
17,[17]
17,[17]
0,"[0, 17]"
6,[6]
0,"[0, 17]"
5,[5]
0,"[0, 17]"
4,[4]
0,"[0, 17]"
17,[17]
17,[17]
17,"[3, 17]"
4,"[4, 17]"
17,[17]
17,"[10, 17]"
5,[5]
17,"[2, 17]"
17,"[2, 17]"
17,[2]
2,"[2, 10]"
2,[2]
17,[17]
2,"[2, 10, 17]"
17,[17]
2,[2]
2,"[2, 10, 17]"
17,[2]
17,[2]
17,"[2, 17]"
17,"[2, 17]"
17,"[2, 17]"
10,[10]
2,"[2, 4, 17]"
2,"[2, 4, 17]"
17,[17]
17,"[2, 17]"
2,"[2, 4, 17]"
17,"[2, 17]"
17,"[2, 17]"
10,"[4, 17]"
2,"[2, 4, 17]"
10,[10]
2,"[2, 4]"
17,[17]
17,[17]
17,"[2, 17]"
17,"[2, 17]"
17,[17]
10,[10]
17,[17]
17,[17]
2,"[2, 17]"
2,"[2, 4, 17]"
2,[2]
17,[2]
2,[2]
2,"[2, 10]"
17,[17]
17,[17]
2,"[2, 17]"
17,[17]
10,"[10, 17]"
17,"[2, 17]"
17,"[2, 17]"
2,"[2, 10]"
17,"[2, 17]"
17,"[2, 17]"
2,"[2, 10]"
2,"[2, 4, 17]"
10,"[2, 10, 17]"
2,"[2, 10, 17]"
17,"[2, 17]"
17,[17]
17,[17]
17,[17]
17,[2]
17,[17]
17,[17]
17,[17]
2,[2]
17,[2]
10,"[4, 17]"
17,[2]
17,[17]
17,[17]
10,[10]
10,[10]
17,[17]
2,"[2, 10, 17]"
17,[17]
2,"[2, 17]"
17,"[2, 17]"
17,"[2, 17]"
17,"[2, 17]"
10,"[10, 17]"
2,"[2, 10, 17]"
17,"[2, 4, 17]"
17,"[2, 4, 17]"
17,"[2, 17]"
17,[2]
17,[2]
17,"[2, 17]"
2,"[2, 4, 17]"
17,[17]
2,[2]
17,[17]
17,[17]
14,"[14, 16]"
13,"[11, 13, 17]"
5,"[5, 17]"
17,"[14, 17]"
13,"[11, 13, 16, 17]"
13,"[11, 13, 14, 17]"
5,"[5, 17]"
14,[14]
17,"[14, 17]"
16,[]
13,"[11, 13, 17]"
14,"[14, 16]"
13,"[11, 13, 16, 17]"
16,"[14, 16]"
14,"[14, 16]"
17,"[14, 17]"
16,"[14, 16, 17]"
5,"[5, 16]"
16,"[14, 16, 17]"
17,"[14, 17]"
17,"[14, 17]"
5,"[5, 17]"
14,"[14, 17]"
16,"[16, 17]"
5,"[5, 16, 17]"
17,"[2, 10, 17]"
2,"[2, 3, 4]"
17,"[4, 10, 17]"
4,"[4, 17]"
2,"[2, 3, 10, 17]"
4,"[4, 17]"
2,"[2, 3, 4]"
2,"[2, 4, 17]"
4,"[2, 4, 17]"
2,"[2, 4]"
4,"[4, 17]"
2,[2]
17,"[10, 17]"
4,"[2, 10, 17]"
2,"[2, 17]"
17,[17]
4,"[3, 4]"
3,"[2, 3, 4, 17]"
17,"[2, 4, 17]"
4,"[2, 4, 17]"
4,"[2, 4, 17]"
17,"[10, 17]"
3,"[3, 4]"
17,[17]
2,"[2, 3, 10, 17]"
3,"[3, 4]"
4,[4]
2,"[2, 10, 17]"
4,"[3, 4, 17]"
4,"[2, 4, 10, 17]"
4,[4]
4,[4]
2,"[2, 17]"
17,[17]
4,"[10, 17]"
4,"[10, 17]"
4,"[10, 17]"
17,[17]
4,"[3, 4, 17]"
4,[4]
4,[4]
4,"[4, 17]"
4,[4]
2,"[2, 17]"
4,"[2, 4]"
2,"[2, 4]"
3,[3]
2,[2]
2,"[2, 17]"
4,"[4, 17]"
3,"[3, 17]"
4,"[4, 17]"
17,[17]
2,[2]
2,"[2, 4]"
2,"[2, 17]"
2,"[2, 4]"
2,"[2, 4]"
2,"[2, 4, 6]"
2,"[2, 4, 6]"
2,"[2, 4, 6]"
0,"[0, 10, 17]"
4,"[2, 4]"
2,"[2, 17]"
6,"[6, 17]"
6,"[6, 17]"
2,"[2, 4]"
6,"[6, 17]"
2,"[2, 6]"
2,[2]
2,"[2, 17]"
9,"[2, 4, 5, 9]"
2,"[2, 4, 9, 17]"
2,"[2, 6]"
6,"[4, 6]"
2,"[2, 4, 9]"
6,"[4, 6]"
4,"[2, 4]"
0,"[0, 2, 4, 9, 17]"
5,"[5, 17]"
2,"[2, 4, 17]"
0,"[0, 4, 5, 9, 17]"
2,"[2, 4, 5, 17]"
0,"[0, 5, 9, 17]"
2,"[2, 6, 8, 17]"
2,"[2, 4, 6, 17]"
9,"[4, 9]"
2,"[2, 17]"
2,"[2, 4, 17]"
2,"[2, 17]"
2,[2]
2,[2]
0,[17]
2,"[2, 4, 6, 17]"
2,"[2, 6, 17]"
2,"[2, 5, 17]"
2,"[2, 4, 5]"
2,"[2, 6, 17]"
5,"[5, 9]"
0,"[0, 9, 17]"
2,"[2, 4, 9, 17]"
9,"[9, 17]"
0,"[0, 4, 10, 17]"
0,"[0, 9, 17]"
0,"[0, 9, 17]"
5,[5]
2,"[2, 4, 6]"
2,"[2, 4]"
0,"[0, 5, 17]"
2,"[2, 4]"
2,[2]
2,"[0, 2, 4, 6, 17]"
6,"[2, 6]"
2,"[2, 4]"
5,"[4, 5, 6, 10, 17]"
6,"[2, 6, 8, 17]"
2,"[2, 4]"
2,"[2, 4]"
0,"[0, 4, 9, 17]"
2,"[2, 6, 17]"
2,"[2, 4, 6, 17]"
5,"[2, 4, 5, 6, 17]"
2,"[2, 6, 17]"
2,"[2, 17]"
2,"[2, 17]"
6,[6]
2,"[2, 4, 17]"
2,"[2, 17]"
2,"[2, 4]"
2,"[2, 4]"
4,"[2, 4, 17]"
2,"[2, 17]"
2,[2]
0,"[0, 9, 17]"
0,"[0, 4, 17]"
2,"[2, 6]"
6,"[2, 5, 6, 17]"
2,"[2, 4]"
2,[2]
2,[2]
9,[17]
2,[17]
2,[17]
2,"[2, 5, 17]"
6,"[5, 6]"
2,"[2, 4]"
2,"[2, 17]"
2,[2]
2,[2]
2,"[2, 17]"
4,"[2, 4, 5]"
2,"[2, 4]"
2,"[2, 4]"
2,"[2, 8, 17]"
2,"[2, 17]"
6,"[6, 17]"
2,"[2, 17]"
6,"[6, 17]"
6,"[6, 17]"
4,[4]
0,"[0, 17]"
17,"[2, 10, 17]"
6,"[6, 10]"
10,"[2, 10, 17]"
2,"[2, 4]"
10,"[6, 10]"
6,"[6, 10, 17]"
17,"[5, 17]"
2,"[2, 17]"
2,"[2, 10, 17]"
6,"[6, 10, 17]"
17,"[2, 5, 17]"
2,"[2, 17]"
5,"[2, 5, 17]"
2,"[2, 5, 17]"
10,"[2, 6, 10]"
17,"[2, 10, 17]"
17,"[6, 10, 17]"
5,"[5, 17]"
2,"[2, 10, 17]"
2,[2]
2,"[2, 10, 17]"
17,[17]
17,"[5, 17]"
2,"[2, 10, 17]"
10,"[10, 17]"
17,"[10, 17]"
17,"[4, 17]"
5,[5]
2,"[2, 17]"
17,"[2, 17]"
5,"[5, 17]"
2,"[2, 17]"
2,"[2, 10, 17]"
6,[6]
17,"[10, 17]"
17,[17]
10,[10]
17,[17]
17,"[5, 17]"
10,"[6, 10]"
17,[17]
6,"[6, 17]"
2,"[2, 10]"
17,[17]
10,"[4, 6]"
2,"[2, 4, 17]"
2,"[2, 4, 17]"
2,"[2, 4, 17]"
2,"[2, 4]"
17,"[2, 5, 17]"
10,"[6, 10, 17]"
5,"[5, 17]"
17,"[2, 5, 17]"
2,"[2, 10, 17]"
10,"[6, 10]"
2,"[2, 17]"
2,"[2, 4]"
10,"[10, 17]"
17,"[2, 17]"
17,"[10, 17]"
2,[2]
2,"[2, 17]"
10,[10]
17,"[10, 17]"
17,"[10, 17]"
7,"[7, 17]"
17,"[10, 17]"
2,"[2, 17]"
17,"[10, 17]"
2,"[2, 17]"
17,"[10, 17]"
17,"[10, 17]"
17,"[4, 10, 17]"
7,"[2, 7, 17]"
6,"[6, 10, 17]"
17,[17]
6,"[6, 10]"
17,[17]
10,[10]
10,"[10, 17]"
4,[4]
10,"[10, 17]"
10,[10]
2,"[2, 17]"
17,"[10, 17]"
6,"[6, 17]"
4,[4]
17,[17]
6,"[2, 5, 6, 17]"
7,"[7, 17]"
17,[17]
2,"[2, 7, 17]"
2,"[2, 17]"
7,[17]
2,"[2, 17]"
17,[17]
10,"[0, 6, 17]"
17,[17]
6,"[6, 17]"
17,"[4, 17]"
4,"[2, 4]"
10,"[2, 10, 17]"
2,"[2, 17]"
10,"[4, 10, 17]"
4,[4]
7,"[2, 7, 17]"
17,"[10, 17]"
10,[10]
4,[4]
2,[2]
17,[17]
10,[10]
15,"[6, 14, 15, 17]"
17,"[6, 17]"
15,"[5, 6, 14, 15]"
15,"[5, 14, 15, 17]"
16,"[5, 16, 17]"
6,"[6, 9, 15, 17]"
17,"[6, 17]"
17,"[6, 17]"
14,"[6, 14, 17]"
15,[15]
0,"[0, 14, 17]"
16,"[5, 14, 16]"
15,"[0, 15]"
14,"[14, 16]"
0,"[0, 14, 15, 16, 17]"
0,"[0, 17]"
17,[17]
17,[17]
15,"[0, 15, 17]"
6,"[0, 6, 14, 17]"
0,"[0, 17]"
14,[14]
6,[6]
15,[15]
16,[16]
0,"[0, 15, 17]"
17,"[0, 17]"
15,"[9, 15, 17]"
17,"[0, 17]"
17,"[14, 17]"
17,"[14, 17]"
16,"[14, 16]"
17,"[14, 17]"
15,"[0, 15, 17]"
6,"[6, 14, 15, 17]"
14,[14]
15,[15]
6,[6]
16,[16]
14,[14]
7,"[7, 17]"
17,"[7, 17]"
17,[17]
7,"[7, 17]"
7,"[0, 7, 17]"
7,"[0, 7, 17]"
7,"[7, 17]"
7,"[7, 17]"
7,"[7, 17]"
0,"[0, 5, 17]"
7,"[7, 17]"
7,"[7, 17]"
0,"[0, 5, 17]"
0,"[0, 17]"
7,"[0, 7, 17]"
17,[17]
7,"[0, 7, 17]"
7,"[7, 17]"
0,"[0, 17]"
7,"[7, 17]"
7,"[7, 17]"
0,"[0, 17]"
17,[17]
17,[17]
17,"[0, 17]"
7,"[7, 17]"
2,"[2, 4]"
6,"[2, 4, 6]"
6,"[2, 4, 6, 17]"
2,"[2, 4, 6]"
2,"[2, 4, 6]"
2,"[2, 4, 5]"
6,"[6, 17]"
2,"[2, 4]"
4,"[2, 4]"
17,[17]
2,"[2, 4]"
2,"[2, 17]"
4,"[4, 17]"
4,"[4, 6, 17]"
2,"[2, 4, 17]"
2,"[2, 6]"
17,"[4, 17]"
4,"[4, 6]"
2,"[2, 4, 17]"
4,"[4, 17]"
4,"[4, 17]"
4,"[2, 4, 17]"
17,"[2, 17]"
4,"[4, 17]"
6,"[6, 17]"
4,"[2, 4, 17]"
4,"[4, 17]"
2,[2]
2,"[2, 6, 17]"
17,"[6, 17]"
2,"[2, 4, 6]"
4,[4]
17,[17]
4,"[4, 17]"
2,"[2, 4, 6, 17]"
17,"[2, 6, 17]"
17,"[4, 6, 17]"
2,"[2, 17]"
6,[6]
4,[4]
4,[4]
2,"[2, 4, 17]"
4,[4]
2,"[2, 4]"
2,"[2, 17]"
2,"[2, 4, 17]"
2,"[2, 4]"
4,[4]
2,"[2, 4, 17]"
2,"[2, 4, 6, 17]"
2,"[2, 4, 17]"
17,"[2, 6, 17]"
2,"[2, 4, 17]"
2,"[2, 4, 6]"
2,"[2, 4]"
17,"[4, 17]"
2,[2]
17,[17]
7,"[5, 7, 17]"
11,"[11, 17]"
5,"[5, 7, 17]"
17,"[5, 17]"
17,"[7, 17]"
11,"[6, 11]"
0,"[0, 17]"
11,"[11, 17]"
11,[11]
5,"[5, 17]"
0,"[0, 17]"
0,"[0, 17]"
17,[17]
17,[17]
17,"[5, 17]"
17,"[0, 17]"
17,"[6, 17]"
7,"[6, 7, 17]"
17,[17]
11,"[11, 17]"
17,[17]
17,"[0, 17]"
5,"[5, 17]"
0,"[0, 17]"
17,[17]
0,"[0, 17]"
17,"[2, 17]"
11,"[6, 11, 17]"
7,"[7, 17]"
11,"[0, 6, 11, 17]"
17,"[5, 17]"
17,"[0, 17]"
17,[17]
17,[17]
0,"[0, 5, 17]"
17,[17]
11,"[4, 11]"
11,"[11, 17]"
17,[17]
17,[17]
17,"[6, 17]"
11,"[11, 17]"
11,[11]
17,[17]
7,"[5, 7, 17]"
7,"[6, 7, 17]"
17,[17]
0,"[0, 17]"
17,[17]
5,"[0, 5, 17]"
17,[17]
5,"[5, 17]"
17,[17]
17,[17]
11,"[5, 6, 7, 11, 17]"
0,"[0, 5, 17]"
7,"[5, 7, 17]"
17,"[0, 17]"
17,"[5, 17]"
0,"[0, 5, 17]"
11,[11]
7,"[5, 7, 17]"
11,"[11, 17]"
17,"[0, 5, 17]"
17,[17]
17,[17]
17,"[0, 17]"
11,"[6, 11, 17]"
7,"[7, 17]"
17,[17]
0,"[0, 17]"
17,[17]
4,[4]
17,[17]
2,"[2, 17]"
4,[4]
4,[4]
4,"[4, 17]"
17,[17]
2,[2]
2,[2]
2,[2]
17,[17]
17,[17]
17,"[4, 17]"
2,[2]
2,"[2, 4]"
17,[17]
4,"[2, 4, 17]"
2,"[2, 4]"
17,"[4, 17]"
2,"[2, 4]"
17,[17]
17,[17]
2,"[2, 4, 17]"
2,"[2, 4]"
2,"[2, 4, 17]"
17,"[4, 17]"
2,"[2, 4]"
4,[4]
2,"[2, 17]"
2,[2]
2,[2]
2,"[2, 4]"
4,"[2, 4]"
2,"[2, 4]"
2,"[2, 4]"
4,[4]
2,[2]
2,[2]
4,"[4, 17]"
4,[4]
2,[2]
2,[2]
2,[2]
2,[2]
2,[2]
5,"[5, 15]"
5,"[5, 15]"
16,"[11, 13, 16, 17]"
14,"[14, 15]"
15,"[9, 14, 15]"
16,"[11, 14, 16, 17]"
16,"[11, 14, 16, 17]"
14,"[14, 15, 16, 17]"
13,"[11, 13, 16, 17]"
13,"[11, 13, 16, 17]"
13,"[11, 13, 14, 16, 17]"
0,"[0, 5, 14, 15, 17]"
15,"[0, 5, 15, 17]"
5,"[5, 15, 17]"
14,"[14, 16]"
5,"[0, 5]"
15,"[0, 9, 15, 17]"
15,"[0, 14, 15]"
0,"[0, 14, 17]"
15,"[5, 15]"
5,"[5, 15]"
13,"[11, 13, 14, 17]"
14,"[14, 16]"
16,"[11, 13, 16, 17]"
16,"[14, 16, 17]"
13,"[11, 13, 17]"
14,"[14, 15, 16, 17]"
0,"[0, 14, 15, 17]"
15,"[0, 9, 15, 17]"
9,"[9, 17]"
0,"[0, 17]"
10,"[10, 17]"
0,"[0, 17]"
3,"[3, 17]"
0,"[0, 17]"
5,"[5, 17]"
17,"[6, 10, 17]"
0,"[0, 15, 17]"
6,"[1, 2, 6, 17]"
6,"[6, 10, 17]"
17,"[2, 4, 17]"
4,"[4, 17]"
6,"[4, 6, 10, 17]"
17,[17]
0,"[0, 17]"
6,"[6, 17]"
1,[1]
17,[17]
9,[9]
1,"[1, 17]"
2,"[2, 5, 10]"
17,"[10, 17]"
0,"[0, 17]"
0,"[0, 17]"
17,[17]
9,"[9, 17]"
15,"[9, 15]"
9,"[4, 9]"
4,"[4, 9]"
9,"[9, 17]"
6,"[6, 17]"
17,[5]
0,"[0, 15, 17]"
9,"[9, 15]"
0,"[0, 2, 3, 4, 17]"
17,"[2, 4, 17]"
17,[17]
0,"[0, 9, 17]"
17,[17]
17,[17]
0,"[0, 17]"
2,"[1, 2, 6, 10]"
4,"[1, 4, 17]"
4,[4]
17,[17]
1,[1]
5,"[5, 17]"
0,"[0, 17]"
6,"[1, 6, 17]"
17,[17]
17,[17]
2,"[2, 3, 10, 17]"
0,"[0, 17]"
0,"[0, 17]"
9,"[9, 15]"
0,"[0, 5, 17]"
17,"[0, 5, 17]"
0,"[0, 17]"
17,[17]
2,[2]
9,[9]
2,[2]
1,[1]
15,"[0, 5, 9, 15, 17]"
10,"[2, 6, 10, 17]"
0,"[0, 17]"
6,"[6, 17]"
0,"[0, 17]"
0,"[0, 17]"
6,[6]
0,"[0, 17]"
17,"[4, 17]"
0,"[0, 17]"
2,"[2, 4, 17]"
6,"[6, 17]"
17,"[0, 17]"
0,"[0, 3, 17]"
0,"[0, 17]"
17,"[15, 17]"
5,"[3, 5, 17]"
17,[17]
9,[9]
0,"[0, 17]"
17,"[0, 17]"
17,[17]
5,[5]
1,[1]
0,"[0, 17]"
0,"[0, 17]"
10,[10]
3,[3]
2,[2]
6,"[1, 6, 17]"
0,"[0, 17]"
2,"[1, 2, 10]"
17,"[1, 6, 10, 17]"
15,"[9, 15, 17]"
17,[17]
10,[10]
9,[9]
17,[17]
15,[15]
17,"[0, 17]"
2,"[2, 4]"
4,"[4, 17]"
17,"[1, 17]"
0,"[0, 3, 17]"
5,"[5, 17]"
17,[17]
3,[3]
2,[2]
17,[17]
17,[17]
3,"[3, 17]"
17,"[1, 17]"
3,"[3, 17]"
3,[3]
4,[4]
4,[4]
3,[3]
4,[4]
3,"[3, 17]"
3,[3]
4,"[4, 17]"
3,[3]
3,"[3, 17]"
4,[4]
2,[2]
3,"[3, 4]"
3,[3]
3,"[3, 4]"
3,"[4, 17]"
3,"[8, 17]"
4,"[4, 17]"
3,"[4, 17]"
4,[4]
3,"[3, 4]"
2,[2]
4,"[3, 4]"
2,[2]
3,"[3, 4, 17]"
2,[2]
2,[2]
4,[4]
3,"[3, 17]"
4,[4]
4,[4]
2,[2]
2,[2]
3,"[3, 17]"
3,"[3, 17]"
2,[2]
2,[2]
3,"[3, 4]"
3,"[3, 4]"
2,[2]
3,"[3, 17]"
4,"[4, 17]"
4,"[3, 4]"
4,"[4, 17]"
4,"[3, 4, 17]"
17,[17]
8,"[8, 17]"
2,"[2, 10, 17]"
17,[17]
8,"[8, 17]"
17,[17]
0,"[0, 17]"
17,[17]
0,"[0, 17]"
17,"[1, 17]"
13,"[11, 13, 17]"
17,[17]
1,[1]
17,[17]
13,"[11, 13, 17]"
15,"[14, 15]"
5,"[1, 5]"
2,"[2, 17]"
15,"[14, 15, 17]"
17,"[1, 17]"
5,"[5, 17]"
2,"[2, 3, 4, 11]"
17,"[10, 17]"
16,"[11, 13, 14, 16, 17]"
5,[5]
17,"[10, 17]"
2,"[1, 2, 10]"
11,"[1, 3, 6, 11]"
2,"[2, 3, 17]"
0,"[0, 15]"
17,[17]
1,[1]
17,"[8, 17]"
17,"[1, 17]"
14,"[14, 16]"
0,"[0, 14]"
14,"[14, 16]"
17,"[1, 17]"
2,"[2, 3]"
0,"[0, 17]"
17,[17]
17,"[1, 17]"
14,"[9, 14]"
17,"[1, 17]"
13,"[11, 13, 16, 17]"
17,"[1, 17]"
11,"[1, 11, 17]"
17,"[1, 17]"
5,[5]
17,"[1, 17]"
11,"[2, 3, 6, 17]"
11,"[1, 2, 11]"
5,[5]
5,[5]
1,[1]
17,"[1, 17]"
2,"[2, 3, 6]"
5,[5]
5,[5]
10,"[1, 2, 10, 17]"
1,"[1, 5, 6, 17]"
16,"[11, 13, 14, 16, 17]"
10,"[2, 10]"
16,"[14, 16]"
17,"[1, 17]"
11,"[2, 11]"
17,"[4, 17]"
8,"[4, 8, 17]"
1,"[1, 17]"
17,"[11, 17]"
2,"[2, 3, 11, 17]"
13,"[11, 14, 17]"
10,"[0, 2, 10, 17]"
0,"[0, 2, 10, 17]"
17,"[1, 17]"
17,"[1, 17]"
17,[17]
8,"[8, 10]"
17,"[1, 17]"
17,"[1, 17]"
8,"[8, 17]"
16,"[14, 16]"
17,"[1, 17]"
17,"[1, 17]"
17,"[10, 17]"
17,"[1, 4, 17]"
17,"[1, 4, 17]"
17,[17]
1,[1]
10,[10]
17,[17]
0,[0]
17,"[1, 17]"
17,"[10, 17]"
5,"[1, 5, 14, 17]"
0,"[0, 17]"
17,"[0, 17]"
16,"[14, 16]"
17,"[1, 17]"
0,"[0, 14]"
5,[5]
17,"[0, 17]"
15,"[14, 15]"
17,"[1, 17]"
14,"[14, 16]"
17,"[2, 10, 17]"
17,"[1, 17]"
2,"[2, 10]"
15,"[9, 15, 17]"
14,"[14, 16]"
17,"[1, 17]"
17,"[1, 17]"
1,[1]
17,"[1, 17]"
17,"[1, 17]"
17,"[1, 17]"
13,"[11, 13, 14, 17]"
2,"[2, 17]"
1,"[1, 17]"
1,[1]
17,"[15, 17]"
17,"[0, 10, 17]"
17,"[1, 17]"
17,"[1, 17]"
2,"[2, 3, 17]"
2,"[2, 10]"
3,"[2, 3, 6, 17]"
4,"[4, 17]"
17,"[10, 17]"
5,"[5, 17]"
10,"[6, 10, 17]"
2,"[2, 17]"
6,"[6, 10]"
2,"[2, 10, 17]"
4,"[4, 17]"
17,"[4, 17]"
2,"[2, 10, 17]"
5,"[5, 17]"
10,"[2, 6, 10]"
2,"[2, 10, 17]"
3,"[3, 5]"
5,"[5, 17]"
17,"[10, 17]"
17,"[6, 17]"
17,"[5, 17]"
17,"[4, 17]"
4,"[4, 17]"
10,[10]
2,"[2, 4, 17]"
4,"[4, 17]"
17,"[4, 17]"
17,"[14, 17]"
17,[17]
3,"[2, 3, 17]"
17,[17]
17,"[5, 17]"
17,"[6, 17]"
2,"[2, 3]"
2,"[2, 4, 6, 17]"
10,"[6, 10]"
2,"[2, 10]"
4,"[4, 17]"
17,[17]
2,"[2, 17]"
17,[17]
17,[17]
10,"[10, 17]"
17,[17]
17,[17]
17,"[10, 17]"
4,"[2, 4]"
4,"[4, 17]"
10,"[4, 10]"
4,"[4, 5, 17]"
17,"[6, 17]"
10,"[8, 10, 17]"
6,"[6, 10, 17]"
17,"[0, 10, 17]"
2,"[2, 4, 17]"
17,"[10, 17]"
10,[10]
17,[17]
17,[10]
17,[17]
2,"[2, 4, 17]"
3,"[3, 6, 17]"
17,[17]
6,"[6, 10]"
4,[4]
5,"[5, 17]"
17,"[4, 17]"
6,"[6, 10]"
17,"[6, 17]"
10,"[4, 10]"
4,"[4, 10]"
17,[17]
17,"[6, 10, 17]"
17,"[10, 17]"
5,"[4, 5, 17]"
10,"[6, 10, 17]"
3,"[3, 5, 17]"
15,"[9, 15, 17]"
17,"[15, 17]"
17,[15]
17,[17]
17,[5]
17,"[15, 17]"
17,[17]
0,"[0, 17]"
17,"[15, 17]"
0,"[0, 17]"
15,"[15, 17]"
17,"[15, 17]"
5,[5]
17,[17]
0,"[0, 15, 17]"
0,"[0, 17]"
5,"[5, 17]"
17,[17]
0,"[0, 17]"
9,[9]
17,"[0, 15, 17]"
17,[17]
5,"[0, 5, 17]"
9,[9]
0,"[0, 17]"
0,"[0, 17]"
17,[17]
9,"[9, 15, 17]"
5,[5]
17,[17]
0,"[0, 17]"
17,[17]
0,"[0, 17]"
0,"[0, 17]"
15,"[15, 17]"
17,"[15, 17]"
17,[17]
15,[15]
0,"[0, 17]"
17,[17]
17,"[15, 17]"
0,"[0, 17]"
0,"[0, 15, 17]"
17,"[0, 15, 17]"
0,"[0, 17]"
0,"[0, 5, 17]"
5,"[5, 17]"
9,[9]
15,[15]
0,"[0, 17]"
17,[17]
0,"[0, 17]"
17,[17]
17,[17]
17,[17]
17,"[15, 17]"
2,"[2, 3, 4, 17]"
4,"[3, 4]"
15,"[2, 15, 17]"
17,"[3, 17]"
4,"[2, 4, 17]"
2,"[2, 3, 4, 17]"
2,"[2, 3, 4, 17]"
17,[17]
15,"[15, 17]"
2,"[3, 4, 17]"
17,[17]
4,"[2, 4]"
4,[4]
17,[17]
17,[17]
4,"[4, 17]"
4,"[3, 4]"
4,[4]
17,[17]
2,"[3, 4]"
15,"[15, 17]"
4,"[2, 4, 17]"
15,"[2, 4, 15, 17]"
2,"[2, 3, 4, 17]"
4,"[2, 3, 4, 17]"
17,"[5, 15, 17]"
17,[17]
4,"[2, 4, 17]"
2,"[2, 4, 17]"
2,"[2, 4, 17]"
4,"[2, 4, 17]"
2,"[2, 17]"
4,"[2, 4, 17]"
15,"[15, 17]"
2,"[2, 3, 4]"
2,"[2, 3, 17]"
4,"[2, 4]"
2,"[2, 3, 17]"
17,[17]
17,[17]
2,"[2, 3, 5]"
4,"[2, 4, 17]"
2,"[2, 3]"
15,"[0, 15, 17]"
2,"[2, 3]"
0,"[0, 9, 17]"
3,"[3, 4, 17]"
2,"[2, 4, 17]"
0,"[0, 15, 17]"
2,"[2, 17]"
17,"[2, 17]"
0,"[0, 5, 17]"
17,"[2, 9, 17]"
17,"[0, 17]"
0,"[0, 9, 15, 17]"
3,"[3, 4, 17]"
17,"[0, 17]"
0,"[0, 17]"
17,"[3, 17]"
17,"[0, 17]"
17,[17]
3,"[3, 17]"
3,"[3, 17]"
2,"[2, 3]"
17,"[0, 17]"
0,"[0, 17]"
6,"[6, 15, 17]"
0,"[0, 17]"
0,"[0, 17]"
17,"[3, 17]"
9,"[0, 9, 17]"
17,[17]
17,[17]
9,"[0, 9, 17]"
2,[2]
6,"[6, 17]"
17,[17]
0,"[0, 15, 17]"
2,"[2, 3, 17]"
17,"[9, 17]"
17,"[4, 17]"
6,"[6, 17]"
2,"[2, 4]"
0,"[0, 17]"
17,"[3, 17]"
17,"[9, 17]"
15,"[6, 15]"
0,"[0, 6, 17]"
2,"[2, 4]"
17,"[3, 4, 17]"
0,"[0, 17]"
17,"[4, 17]"
0,"[0, 17]"
17,[17]
17,"[2, 3, 17]"
17,[17]
3,"[3, 4]"
17,[17]
0,"[0, 5, 17]"
0,"[0, 17]"
17,"[0, 17]"
2,"[2, 3, 17]"
17,"[3, 17]"
15,"[9, 15]"
0,"[0, 5, 17]"
2,"[2, 4, 17]"
9,"[9, 17]"
17,"[9, 17]"
2,"[2, 3, 17]"
15,"[0, 15, 17]"
9,"[0, 9, 17]"
0,"[0, 17]"
0,"[0, 9, 17]"
0,"[0, 17]"
6,"[6, 15]"
9,"[0, 9, 17]"
0,"[0, 9, 17]"
6,"[6, 15]"
17,[17]
0,"[0, 17]"
2,"[2, 4, 17]"
17,[17]
17,[17]
17,[17]
0,"[0, 17]"
2,[2]
17,"[2, 17]"
0,"[0, 17]"
2,"[2, 4, 17]"
15,"[0, 15, 17]"
0,"[0, 17]"
5,"[5, 17]"
5,"[5, 10]"
17,"[1, 17]"
1,"[1, 6, 17]"
5,"[5, 10]"
1,"[1, 17]"
17,"[1, 17]"
11,"[6, 17]"
7,"[5, 7, 17]"
17,"[1, 6, 17]"
1,"[1, 17]"
11,"[1, 11]"
5,"[1, 5, 17]"
17,"[1, 17]"
11,"[1, 6, 11, 17]"
4,"[4, 5, 11, 17]"
7,"[7, 17]"
17,"[11, 17]"
5,[5]
8,"[8, 10]"
17,"[1, 11, 17]"
17,"[8, 17]"
17,"[1, 17]"
17,"[1, 6, 17]"
4,"[2, 4, 5, 17]"
17,"[1, 6, 17]"
17,"[1, 17]"
17,"[1, 17]"
11,"[1, 11]"
7,"[5, 7, 17]"
17,"[1, 17]"
11,"[1, 11, 17]"
11,"[1, 11, 17]"
5,"[1, 5]"
7,[17]
4,"[4, 17]"
8,"[8, 10, 17]"
17,[17]
8,"[8, 17]"
17,[17]
7,"[5, 7, 17]"
17,[17]
4,"[4, 8, 17]"
17,"[1, 17]"
5,"[5, 17]"
1,"[1, 6, 17]"
17,"[1, 17]"
11,"[1, 6, 11]"
8,"[1, 8, 10, 17]"
17,"[1, 17]"
1,"[1, 6]"
17,"[1, 17]"
17,"[1, 17]"
5,"[5, 17]"
5,"[5, 10]"
11,"[1, 11]"
8,"[8, 10]"
17,[17]
17,"[1, 17]"
17,"[1, 17]"
11,"[6, 11]"
11,"[11, 17]"
4,"[2, 4]"
2,[2]
2,[2]
2,"[2, 4]"
2,"[2, 4]"
2,"[2, 4, 17]"
2,"[2, 4, 17]"
2,"[2, 17]"
4,"[4, 17]"
2,"[2, 17]"
2,"[2, 17]"
2,"[2, 17]"
2,[2]
2,[2]
4,"[4, 17]"
2,[2]
2,[2]
2,[2]
2,[2]
4,[4]
2,[2]
2,[2]
2,[2]
2,[2]
4,[4]
2,"[2, 4]"
2,"[2, 17]"
4,"[2, 4, 17]"
2,[2]
4,"[4, 17]"
2,[2]
2,"[2, 17]"
2,[2]
2,[2]
2,[2]
2,"[2, 17]"
2,"[2, 17]"
2,"[2, 17]"
2,"[2, 17]"
2,"[2, 17]"
2,"[2, 17]"
2,"[2, 17]"
2,[2]
4,[4]
2,"[2, 17]"
2,"[2, 17]"
2,"[2, 10, 17]"
2,[2]
2,[2]
2,[2]
4,"[2, 10, 17]"
4,[4]
2,[2]
2,"[2, 17]"
2,[2]
2,[2]
2,[2]
4,"[2, 4, 17]"
2,[2]
2,[2]
17,"[15, 17]"
17,"[15, 17]"
17,"[14, 17]"
14,"[14, 17]"
14,"[14, 17]"
15,"[14, 15]"
17,"[15, 17]"
15,"[15, 17]"
17,[17]
14,"[14, 17]"
17,"[14, 15, 17]"
17,"[14, 15, 17]"
14,"[14, 17]"
17,"[14, 15, 17]"
14,"[14, 17]"
17,"[14, 17]"
15,"[14, 15]"
15,[15]
15,"[14, 15]"
17,"[15, 17]"
2,"[2, 10, 17]"
2,"[2, 10]"
4,"[6, 10, 17]"
17,"[6, 10, 17]"
17,"[10, 17]"
4,"[6, 10, 17]"
17,"[6, 10, 17]"
2,"[2, 4, 17]"
4,"[4, 6]"
4,"[4, 6]"
17,"[2, 4, 17]"
4,"[4, 17]"
6,"[2, 4, 6]"
6,"[4, 6, 17]"
2,"[2, 4]"
4,"[4, 17]"
17,"[2, 4, 17]"
17,"[2, 17]"
2,"[2, 4, 17]"
2,[2]
2,"[2, 17]"
2,"[2, 10, 17]"
2,"[2, 10]"
4,[4]
4,[4]
4,[4]
4,"[2, 4, 17]"
2,"[2, 17]"
2,"[2, 10, 17]"
4,"[2, 4, 17]"
2,"[2, 4, 17]"
4,[4]
17,"[4, 17]"
2,"[2, 4]"
6,"[4, 6, 17]"
4,"[4, 17]"
4,"[4, 17]"
4,[4]
17,[17]
6,[6]
2,"[2, 6, 17]"
4,"[4, 6]"
17,"[4, 6, 17]"
2,"[2, 4, 10]"
17,"[6, 17]"
4,"[4, 6]"
2,"[2, 4, 17]"
4,"[2, 4, 17]"
2,"[2, 17]"
2,"[2, 4]"
17,"[4, 17]"
2,[2]
2,"[2, 17]"
2,[2]
17,"[10, 17]"
17,[17]
2,[2]
2,[2]
4,"[4, 17]"
17,[17]
2,"[2, 4]"
17,"[6, 17]"
2,"[2, 4]"
6,"[6, 17]"
4,[4]
16,"[14, 16]"
5,"[5, 15, 16]"
16,"[14, 16]"
16,"[14, 16]"
5,"[5, 15]"
14,"[14, 15, 17]"
14,"[14, 15, 17]"
13,"[11, 13, 17]"
5,"[5, 15, 17]"
5,"[5, 15, 17]"
14,"[14, 17]"
15,"[14, 15]"
14,"[14, 15]"
13,"[11, 13, 17]"
5,[5]
0,"[9, 15, 17]"
15,"[9, 15, 17]"
13,"[11, 13, 17]"
13,"[11, 13, 17]"
15,"[9, 15, 17]"
0,"[0, 17]"
0,"[0, 15, 17]"
15,"[0, 15, 17]"
0,"[0, 14, 17]"
15,"[5, 14, 15]"
0,[0]
16,"[14, 16]"
16,"[11, 13, 16, 17]"
13,"[11, 13, 16, 17]"
14,"[14, 16]"
7,[17]
4,"[4, 17]"
17,[17]
10,"[10, 17]"
17,"[2, 10, 17]"
17,[17]
17,[17]
17,"[10, 17]"
7,[17]
2,"[2, 10, 17]"
7,"[7, 17]"
7,"[7, 17]"
7,"[7, 17]"
10,"[10, 17]"
17,[17]
17,[17]
7,"[7, 17]"
2,"[2, 17]"
2,"[2, 17]"
17,"[10, 17]"
4,[4]
17,"[7, 17]"
2,"[2, 4, 7, 17]"
10,"[2, 10, 17]"
10,"[2, 10, 17]"
17,"[10, 17]"
7,"[7, 17]"
10,"[10, 17]"
7,"[7, 17]"
17,[17]
4,"[4, 17]"
2,"[2, 17]"
7,"[7, 17]"
17,"[2, 17]"
7,"[0, 7, 17]"
17,"[10, 17]"
17,[17]
4,"[4, 17]"
2,"[2, 4, 6, 17]"
10,[10]
17,[17]
2,"[2, 10, 17]"
10,"[10, 17]"
4,"[4, 17]"
2,"[2, 4, 17]"
17,"[4, 17]"
2,"[2, 4, 17]"
6,"[4, 6]"
2,"[2, 17]"
10,"[10, 17]"
2,"[2, 17]"
10,"[10, 17]"
2,"[2, 17]"
17,"[4, 17]"
2,"[2, 4]"
2,"[2, 10]"
2,"[2, 10]"
4,[4]
10,"[2, 10, 17]"
2,"[2, 4, 17]"
10,"[10, 17]"
2,"[2, 4, 17]"
2,"[2, 4, 17]"
10,"[2, 4, 10]"
2,"[2, 4, 6, 10, 17]"
2,"[2, 10, 17]"
5,"[2, 5, 10, 17]"
2,"[2, 4]"
4,"[4, 17]"
2,"[2, 10, 17]"
4,"[2, 4, 6, 17]"
17,"[2, 17]"
10,[10]
2,"[2, 10, 17]"
4,"[2, 4, 17]"
2,"[2, 4, 17]"
2,"[2, 4, 17]"
10,"[10, 17]"
2,"[2, 4, 17]"
2,"[2, 10]"
2,"[2, 17]"
2,"[2, 17]"
2,"[2, 17]"
6,"[6, 17]"
10,"[2, 10, 17]"
10,"[10, 17]"
4,"[4, 17]"
2,"[2, 17]"
2,"[2, 4]"
2,"[2, 4]"
2,"[2, 4]"
10,[10]
2,"[2, 4, 17]"
2,"[2, 4]"
4,"[4, 17]"
17,[17]
10,"[10, 17]"
4,"[4, 17]"
17,"[4, 17]"
2,[2]
17,"[4, 17]"
2,[2]
2,"[2, 4]"
17,"[4, 10, 17]"
4,"[2, 4]"
2,"[2, 17]"
17,[4]
4,"[4, 17]"
4,"[4, 6, 17]"
2,"[2, 17]"
4,"[4, 17]"
17,"[2, 4, 17]"
2,"[2, 6, 17]"
2,"[2, 17]"
2,"[2, 4, 17]"
2,"[2, 4, 17]"
2,"[2, 17]"
4,[4]
2,[2]
4,[4]
2,[2]
2,"[2, 17]"
2,"[2, 4, 17]"
5,"[4, 5, 17]"
2,"[2, 17]"
2,"[2, 4, 17]"
10,"[10, 17]"
4,"[2, 4, 17]"
10,"[2, 4]"
10,"[2, 4]"
2,"[2, 17]"
2,[2]
17,[17]
2,"[2, 4, 6]"
10,"[2, 4, 10, 17]"
4,"[4, 17]"
2,"[2, 4, 17]"
2,"[2, 4, 6]"
17,"[4, 17]"
2,"[2, 4, 17]"
2,"[2, 4]"
4,[4]
17,[17]
2,[2]
2,[2]
2,[2]
6,"[2, 4, 6, 17]"
2,"[2, 4, 10, 17]"
2,"[2, 4, 6, 17]"
2,"[2, 4, 17]"
6,"[2, 4, 6, 17]"
10,[10]
17,"[4, 10, 17]"
2,"[2, 4]"
17,"[4, 17]"
5,"[2, 4, 5, 17]"
17,"[4, 17]"
10,"[10, 17]"
2,"[2, 4]"
4,"[2, 4]"
2,"[2, 4, 6]"
4,[4]
17,"[4, 10, 17]"
2,"[2, 4, 17]"
2,"[2, 4]"
4,"[4, 6]"
2,"[2, 4, 17]"
2,"[2, 4]"
5,"[5, 17]"
2,"[2, 4]"
2,"[2, 17]"
2,"[2, 17]"
2,[2]
4,[4]
10,"[10, 17]"
5,[5]
17,"[4, 17]"
10,"[10, 17]"
2,[2]
4,"[4, 17]"
4,"[2, 4, 17]"
2,"[2, 4, 17]"
2,"[2, 4, 6, 17]"
2,"[2, 4, 17]"
10,"[6, 10, 17]"
17,"[2, 4, 17]"
10,"[2, 10, 17]"
2,"[2, 10, 17]"
2,"[2, 4, 17]"
2,"[2, 10, 17]"
4,"[2, 4, 10, 17]"
17,"[4, 6, 17]"
6,"[4, 6]"
4,"[4, 17]"
10,[10]
2,"[2, 4, 17]"
10,[10]
0,"[0, 17]"
0,"[0, 17]"
2,"[2, 17]"
17,"[3, 17]"
17,"[0, 17]"
0,"[0, 17]"
17,"[3, 17]"
2,"[2, 17]"
17,"[3, 17]"
2,"[2, 4]"
17,"[3, 17]"
17,"[0, 17]"
17,"[3, 17]"
2,"[2, 3, 17]"
17,"[2, 4, 17]"
4,"[4, 17]"
17,"[3, 17]"
2,"[2, 17]"
17,"[3, 17]"
3,"[3, 17]"
17,[17]
2,[2]
17,"[3, 17]"
2,"[2, 17]"
17,"[2, 4, 17]"
17,[17]
17,"[0, 17]"
17,"[3, 17]"
17,[17]
2,"[2, 17]"
17,[17]
2,"[2, 17]"
2,"[2, 4, 17]"
17,[17]
4,"[4, 17]"
2,"[2, 17]"
2,[2]
17,"[3, 17]"
2,"[2, 17]"
17,"[2, 17]"
17,"[3, 4, 17]"
2,"[2, 4, 17]"
2,"[2, 3, 4, 17]"
3,"[3, 17]"
2,[2]
17,"[2, 17]"
3,"[3, 17]"
2,[2]
17,[17]
17,[17]
17,"[2, 17]"
17,"[2, 17]"
2,[2]
2,"[2, 17]"
17,"[3, 17]"
4,"[4, 17]"
17,"[2, 17]"
17,"[4, 17]"
2,"[2, 17]"
17,[17]
17,[17]
3,"[3, 17]"
17,[17]
4,"[3, 4]"
17,"[3, 17]"
17,"[2, 4, 17]"
0,"[0, 17]"
3,[3]
2,"[2, 17]"
17,"[2, 4, 17]"
2,"[2, 4]"
2,"[2, 17]"
4,"[2, 4]"
17,"[0, 17]"
17,"[3, 17]"
2,"[2, 17]"
2,"[2, 17]"
2,"[2, 17]"
17,"[2, 17]"
17,"[3, 17]"
0,"[0, 17]"
17,"[2, 17]"
17,[17]
2,[2]
17,[17]
17,"[3, 17]"
7,"[7, 17]"
7,"[7, 17]"
7,"[7, 17]"
7,"[7, 17]"
7,"[7, 17]"
7,"[7, 17]"
7,"[7, 17]"
7,"[7, 17]"
7,"[7, 17]"
7,"[7, 17]"
3,"[3, 17]"
2,"[2, 3]"
8,[8]
2,"[2, 3, 17]"
8,"[0, 8, 17]"
17,[17]
17,[17]
17,[17]
4,"[4, 17]"
4,"[4, 17]"
17,"[6, 17]"
3,"[3, 17]"
8,"[8, 17]"
8,"[8, 17]"
7,"[7, 17]"
17,"[3, 6, 17]"
17,"[3, 8, 17]"
17,"[3, 17]"
3,"[3, 17]"
17,"[6, 17]"
17,"[3, 17]"
17,"[6, 17]"
2,"[2, 3, 17]"
8,"[8, 17]"
4,"[4, 17]"
17,[17]
3,"[3, 17]"
17,[17]
8,"[8, 17]"
8,[17]
7,"[7, 17]"
17,"[6, 17]"
17,[17]
8,"[8, 17]"
7,"[7, 17]"
3,"[3, 17]"
17,[17]
7,"[7, 17]"
2,"[2, 6, 17]"
2,"[2, 3]"
2,"[2, 3, 17]"
2,"[2, 3, 17]"
2,"[2, 3, 17]"
2,"[2, 3, 17]"
17,"[6, 17]"
17,[17]
17,"[3, 17]"
4,"[3, 4, 17]"
7,"[7, 17]"
17,[17]
8,"[8, 17]"
8,"[8, 17]"
4,"[3, 4]"
2,"[2, 3, 17]"
4,"[3, 4, 17]"
17,[17]
17,"[2, 17]"
17,[17]
17,[17]
17,[17]
17,"[3, 17]"
17,[17]
5,"[5, 17]"
17,[17]
17,[17]
17,[17]
17,[17]
11,"[11, 17]"
17,"[5, 17]"
7,[17]
7,"[7, 17]"
17,[17]
4,"[3, 4, 17]"
5,"[5, 17]"
17,[17]
17,[17]
2,"[2, 3, 17]"
4,"[4, 17]"
17,"[3, 4, 17]"
17,"[3, 17]"
17,"[2, 3, 17]"
17,"[2, 17]"
5,"[3, 5, 17]"
17,"[3, 17]"
17,"[4, 17]"
17,[17]
17,[17]
2,[2]
4,[4]
17,[17]
4,[4]
2,"[2, 3, 17]"
17,"[5, 17]"
3,"[3, 4, 17]"
17,"[3, 17]"
11,"[2, 3, 11]"
5,"[5, 17]"
3,"[3, 17]"
17,[17]
17,[17]
17,[17]
17,[17]
7,"[7, 17]"
17,[17]
5,"[5, 17]"
2,"[2, 17]"
17,"[2, 17]"
17,[17]
5,"[5, 17]"
17,[17]
17,[17]
17,"[3, 17]"
17,"[2, 3, 17]"
3,"[3, 4, 17]"
17,"[3, 17]"
2,"[2, 17]"
17,"[2, 17]"
17,"[2, 3, 17]"
3,"[3, 17]"
17,[17]
2,"[2, 7, 17]"
2,"[2, 17]"
17,[17]
3,"[3, 17]"
2,"[2, 3, 17]"
2,"[2, 3, 4]"
17,"[2, 17]"
17,"[3, 17]"
2,"[2, 11, 17]"
17,[17]
7,"[7, 17]"
17,[17]
17,[17]
17,[17]
17,"[3, 17]"
17,[17]
17,"[3, 17]"
5,"[4, 5]"
2,"[2, 6]"
5,"[5, 17]"
17,[17]
17,"[3, 17]"
2,"[2, 17]"
17,"[3, 17]"
17,"[3, 17]"
11,"[6, 11]"
5,"[5, 17]"
17,[17]
2,"[2, 17]"
5,"[5, 17]"
17,"[3, 17]"
17,[17]
17,[17]
5,"[5, 17]"
17,[17]
11,"[2, 6, 11, 17]"
17,"[2, 17]"
17,[17]
17,[17]
5,"[5, 17]"
17,[17]
17,[17]
17,[17]
5,"[5, 17]"
7,"[7, 17]"
11,"[2, 11, 17]"
17,[17]
17,[17]
2,"[2, 4]"
17,[17]
0,"[0, 1, 17]"
17,[17]
17,"[1, 17]"
17,[17]
17,[17]
17,[17]
17,[17]
17,"[1, 17]"
17,"[1, 11, 17]"
17,"[1, 17]"
1,[1]
17,"[1, 17]"
17,[17]
8,[8]
17,[17]
17,[17]
17,"[1, 17]"
17,"[1, 17]"
17,"[1, 17]"
17,"[1, 17]"
17,"[1, 17]"
17,"[1, 17]"
17,"[1, 17]"
17,"[1, 17]"
1,"[1, 17]"
17,"[1, 17]"
17,"[1, 17]"
1,"[1, 4, 17]"
17,"[1, 17]"
17,"[1, 17]"
8,"[1, 17]"
17,"[2, 8, 17]"
17,"[1, 17]"
17,"[1, 17]"
1,"[1, 17]"
17,"[1, 17]"
17,"[1, 17]"
17,"[1, 17]"
17,"[1, 17]"
17,"[1, 17]"
17,"[1, 4, 11, 17]"
8,"[8, 17]"
17,"[1, 17]"
17,"[1, 4, 17]"
17,"[1, 17]"
17,"[1, 17]"
17,"[1, 17]"
17,"[1, 17]"
17,"[1, 4, 17]"
17,"[1, 17]"
17,"[1, 17]"
17,"[1, 17]"
17,"[1, 17]"
17,"[1, 17]"
17,[17]
17,[17]
8,"[8, 17]"
17,[17]
17,"[1, 17]"
17,"[1, 17]"
0,"[0, 17]"
1,"[1, 17]"
8,"[1, 8, 17]"
17,"[1, 17]"
17,"[1, 17]"
17,"[0, 17]"
0,"[0, 17]"
17,"[1, 17]"
0,"[0, 17]"
17,[17]
10,[10]
17,"[1, 17]"
10,[10]
6,"[6, 17]"
17,[17]
17,[17]
17,[17]
6,"[6, 17]"
6,"[6, 17]"
10,"[6, 10]"
17,"[2, 17]"
17,[17]
17,[17]
6,"[6, 17]"
17,"[1, 17]"
17,"[6, 10, 17]"
1,"[0, 1, 17]"
17,"[1, 2, 5, 10, 17]"
2,"[2, 10, 17]"
17,"[1, 5, 17]"
17,"[1, 5, 17]"
17,"[6, 17]"
1,"[1, 17]"
17,"[6, 17]"
2,"[2, 10, 17]"
2,"[2, 10]"
17,[17]
17,[17]
17,[17]
1,"[1, 17]"
2,"[2, 6, 10]"
17,"[1, 17]"
17,"[6, 17]"
17,"[6, 17]"
17,"[2, 6, 10, 17]"
17,[17]
17,"[1, 17]"
17,[17]
17,"[6, 17]"
17,"[6, 17]"
17,"[2, 10, 17]"
17,"[2, 6, 10, 17]"
1,"[1, 17]"
17,"[1, 6, 17]"
17,"[1, 10, 17]"
2,"[2, 6, 10, 17]"
17,"[1, 10, 17]"
17,"[1, 6, 17]"
17,[17]
10,[10]
17,[17]
17,[17]
17,[17]
17,[17]
10,"[2, 10, 17]"
17,[17]
1,"[1, 17]"
6,"[6, 17]"
17,[17]
17,[17]
17,[17]
17,[17]
0,[0]
13,"[11, 13, 17]"
16,[16]
8,"[8, 17]"
15,"[9, 15]"
5,"[5, 16]"
8,"[8, 14, 17]"
5,"[5, 15]"
14,"[14, 16]"
16,"[14, 16]"
15,"[14, 15]"
17,"[16, 17]"
17,[17]
16,"[14, 16]"
17,"[0, 17]"
17,"[8, 17]"
13,"[11, 13, 14, 17]"
17,"[14, 17]"
14,"[14, 16]"
17,"[8, 17]"
15,"[14, 15]"
0,"[0, 14]"
5,"[5, 16]"
17,[17]
16,"[14, 16]"
17,[17]
13,"[8, 11, 13, 17]"
17,[17]
5,[5]
5,[5]
8,"[8, 17]"
8,"[8, 17]"
8,"[8, 14, 17]"
17,[17]
15,"[9, 14, 15]"
14,"[14, 15, 17]"
13,"[11, 13, 14, 17]"
0,"[0, 15]"
14,"[14, 16]"
13,"[11, 13, 16, 17]"
17,"[14, 17]"
0,"[0, 14]"
17,"[14, 17]"
14,"[14, 16]"
16,"[14, 16, 17]"
15,"[0, 15]"
17,"[14, 17]"
11,"[1, 11, 17]"
17,"[10, 17]"
2,"[2, 3, 17]"
17,"[10, 17]"
17,"[8, 17]"
17,"[1, 11, 17]"
17,"[1, 4, 17]"
17,"[8, 17]"
17,"[8, 17]"
17,"[11, 17]"
11,"[1, 11, 17]"
17,"[11, 17]"
1,"[1, 6, 11]"
17,"[1, 17]"
1,"[1, 17]"
17,"[1, 17]"
10,"[2, 10]"
5,"[1, 5]"
17,"[1, 17]"
2,"[0, 2, 3, 17]"
17,"[11, 17]"
17,"[2, 3, 17]"
10,"[2, 10]"
17,"[1, 17]"
10,"[10, 17]"
11,"[6, 11]"
5,"[1, 5, 17]"
17,"[1, 17]"
1,[1]
5,[5]
17,"[1, 6, 17]"
17,"[10, 17]"
17,"[1, 6, 17]"
17,"[10, 17]"
17,"[1, 17]"
11,"[1, 11]"
17,"[10, 17]"
17,"[1, 17]"
2,"[1, 2, 10, 17]"
1,"[1, 17]"
2,"[2, 10, 17]"
5,"[2, 5]"
17,"[1, 17]"
17,"[0, 17]"
17,[17]
17,"[1, 17]"
10,"[2, 10]"
17,[17]
2,"[2, 10, 11]"
2,"[2, 6, 11]"
8,"[1, 8, 17]"
17,"[1, 17]"
17,"[1, 17]"
5,"[2, 17]"
8,"[8, 10, 17]"
2,"[1, 2, 3]"
2,"[1, 2, 17]"
17,"[5, 6, 11, 17]"
17,"[2, 3, 17]"
5,"[5, 17]"
17,"[8, 17]"
5,"[3, 5]"
5,"[1, 5]"
17,[17]
17,[17]
17,[17]
1,[1]
11,[11]
17,[17]
8,"[8, 17]"
5,"[5, 17]"
1,[1]
1,[1]
17,[17]
2,[2]
11,[11]
5,[5]
1,[1]
17,[17]
17,"[1, 17]"
17,"[1, 17]"
1,[1]
17,"[1, 17]"
1,"[1, 17]"
8,"[4, 8, 17]"
17,[17]
17,"[1, 17]"
17,"[1, 17]"
8,"[1, 8, 10]"
2,"[1, 2, 3]"
17,"[11, 17]"
4,"[4, 8]"
17,[17]
17,[17]
17,[17]
17,"[1, 17]"
17,[17]
17,"[1, 17]"
17,[17]
17,"[2, 11, 17]"
17,"[1, 17]"
4,"[4, 17]"
2,"[2, 4, 6]"
17,"[4, 17]"
17,[17]
0,"[0, 10, 17]"
17,"[1, 17]"
17,"[10, 17]"
17,"[4, 17]"
1,"[1, 17]"
8,"[1, 8, 17]"
17,"[11, 17]"
2,"[2, 6, 17]"
2,"[2, 11, 17]"
0,"[0, 4, 17]"
17,"[1, 17]"
17,"[4, 17]"
17,"[1, 17]"
10,"[2, 10]"
1,"[1, 17]"
0,"[0, 17]"
17,"[4, 17]"
2,"[2, 4, 17]"
17,"[1, 17]"
4,"[4, 17]"
17,[17]
0,"[0, 17]"
17,"[1, 17]"
8,"[8, 17]"
17,"[1, 17]"
17,[17]
17,[17]
17,"[1, 17]"
17,"[1, 17]"
17,"[1, 17]"
17,"[1, 17]"
8,"[1, 8, 17]"
17,"[1, 17]"
17,"[9, 17]"
17,"[11, 17]"
17,"[1, 17]"
17,[17]
11,"[6, 11]"
0,"[0, 1, 17]"
17,"[0, 1, 17]"
17,"[1, 6, 10, 17]"
17,"[1, 17]"
10,"[10, 17]"
1,"[1, 4]"
17,"[1, 4, 17]"
4,"[1, 4, 17]"
17,[17]
2,"[2, 6, 11]"
17,"[10, 17]"
17,[17]
17,[17]
1,"[1, 10]"
17,"[1, 17]"
17,"[4, 17]"
10,"[2, 10, 17]"
11,"[6, 11, 17]"
11,"[6, 11, 17]"
17,"[10, 17]"
2,"[2, 11]"
8,"[8, 17]"
2,"[2, 10, 17]"
17,"[1, 17]"
17,"[1, 10, 17]"
17,"[1, 2, 17]"
17,"[1, 17]"
2,"[2, 10, 17]"
17,[17]
11,"[1, 11]"
17,"[1, 17]"
17,[17]
10,[10]
17,[17]
17,[17]
17,[17]
17,"[10, 17]"
17,"[1, 11, 17]"
17,"[1, 17]"
17,"[1, 2, 17]"
17,"[1, 17]"
17,[17]
17,"[4, 17]"
8,"[8, 17]"
10,[10]
17,[17]
17,"[1, 17]"
17,"[1, 17]"
11,"[11, 17]"
2,"[2, 17]"
17,"[1, 17]"
17,"[4, 17]"
11,"[11, 17]"
17,[17]
17,"[1, 17]"
4,"[4, 17]"
17,"[1, 17]"
17,[17]
1,[1]
2,"[2, 11, 17]"
2,"[2, 4]"
17,"[2, 17]"
2,"[2, 4]"
17,"[2, 4, 17]"
17,"[4, 17]"
17,"[6, 10, 17]"
2,"[2, 17]"
2,"[2, 17]"
5,"[2, 5, 17]"
17,"[4, 17]"
6,"[2, 4, 6, 17]"
2,"[2, 4, 6, 17]"
2,"[2, 4, 5, 17]"
2,"[2, 5, 17]"
2,"[2, 4]"
2,"[2, 4]"
2,"[2, 4]"
2,"[2, 4, 17]"
2,"[2, 4, 5]"
2,[2]
4,"[4, 17]"
6,"[2, 6, 17]"
17,"[2, 17]"
6,"[6, 17]"
6,[6]
5,[5]
6,[6]
17,[17]
2,[2]
4,"[4, 17]"
2,"[2, 4, 6, 17]"
17,"[2, 17]"
2,"[2, 4, 17]"
17,"[4, 17]"
2,"[2, 4, 6, 17]"
2,"[2, 17]"
2,"[2, 4, 17]"
5,"[5, 6, 17]"
2,"[2, 4]"
4,"[4, 17]"
5,[5]
2,"[2, 4]"
2,"[2, 4]"
2,"[2, 4, 17]"
5,[5]
2,[2]
2,[2]
17,[17]
2,[2]
2,[2]
4,[4]
2,"[2, 17]"
2,[2]
4,[4]
15,[15]
17,"[0, 9, 17]"
4,"[4, 8]"
9,"[9, 17]"
4,[4]
9,"[9, 17]"
17,[17]
0,"[0, 17]"
0,"[0, 17]"
17,[17]
4,"[4, 17]"
0,"[0, 17]"
17,"[0, 6, 17]"
17,"[9, 15, 17]"
17,"[9, 15, 17]"
17,"[0, 17]"
17,"[0, 17]"
17,"[0, 17]"
0,"[0, 17]"
17,"[9, 17]"
17,[17]
17,"[0, 17]"
17,"[0, 17]"
15,"[9, 15]"
17,"[9, 17]"
15,"[15, 17]"
0,"[0, 9, 17]"
17,[17]
4,"[4, 17]"
17,[17]
17,[17]
0,"[0, 17]"
17,[17]
17,[17]
17,[17]
0,"[0, 17]"
4,[4]
17,[17]
17,[]
17,[17]
0,"[0, 17]"
9,[9]
17,[17]
0,"[0, 17]"
0,"[0, 17]"
9,"[9, 17]"
17,[17]
0,"[0, 17]"
0,"[0, 17]"
17,"[9, 17]"
0,"[0, 17]"
17,"[0, 17]"
15,"[9, 15, 17]"
15,"[9, 15, 17]"
17,[17]
9,"[9, 17]"
0,"[0, 17]"
17,"[10, 17]"
0,"[0, 17]"
17,[]
9,[9]
17,[]
17,[17]
15,[15]
0,"[0, 15, 17]"
9,"[9, 17]"
17,"[9, 15, 17]"
0,"[0, 15, 17]"
0,"[0, 15, 17]"
15,"[15, 17]"
17,[17]
0,"[0, 15, 17]"
0,"[0, 15, 17]"
0,"[0, 9, 15, 17]"
0,"[0, 9, 17]"
17,"[0, 9, 17]"
17,[17]
0,"[0, 17]"
15,"[0, 15, 17]"
17,[17]
17,"[0, 9, 17]"
17,[17]
0,"[0, 9, 17]"
9,"[0, 9, 17]"
0,"[0, 15, 17]"
17,"[0, 17]"
0,"[0, 17]"
0,"[0, 9, 17]"
17,"[0, 15, 17]"
0,"[0, 9, 15, 17]"
17,"[0, 17]"
0,"[0, 17]"
17,[17]
0,"[0, 15, 17]"
17,"[15, 17]"
17,"[5, 17]"
0,"[0, 15, 17]"
17,"[0, 15, 17]"
17,[17]
9,"[4, 9, 15]"
17,"[15, 17]"
17,[17]
0,"[0, 17]"
15,"[9, 15]"
0,"[0, 17]"
17,[17]
9,[9]
17,[17]
0,"[0, 15, 17]"
17,"[15, 17]"
17,"[15, 17]"
15,"[15, 17]"
16,[]
5,"[5, 14]"
0,"[0, 14]"
15,[15]
17,[17]
0,"[0, 14]"
14,"[0, 14]"
5,"[5, 14]"
17,"[5, 14, 17]"
5,"[5, 14]"
17,"[5, 17]"
0,"[0, 14]"
15,"[15, 17]"
16,"[5, 16, 17]"
17,[17]
17,"[5, 17]"
14,"[14, 15]"
15,"[14, 15]"
15,"[9, 15]"
17,"[16, 17]"
0,"[0, 14]"
5,"[5, 14]"
17,"[16, 17]"
17,"[5, 17]"
5,"[5, 14]"
0,[0]
14,[14]
17,[17]
17,[17]
15,[15]
16,"[15, 16]"
14,"[14, 15]"
14,"[14, 15]"
16,"[15, 16]"
16,"[15, 16, 17]"
17,[17]
17,"[9, 17]"
15,"[9, 15, 17]"
17,"[9, 17]"
17,"[0, 17]"
0,"[0, 17]"
17,[17]
9,"[9, 15, 17]"
15,"[9, 15, 17]"
0,"[0, 15, 17]"
6,"[6, 17]"
0,"[0, 9, 17]"
17,[17]
17,[17]
6,"[0, 6, 17]"
17,"[0, 17]"
9,"[0, 5, 9, 17]"
17,[17]
6,"[6, 9, 17]"
17,"[6, 17]"
17,"[5, 17]"
9,"[9, 15]"
9,[9]
9,"[9, 17]"
0,"[0, 17]"
6,"[6, 17]"
9,"[9, 17]"
9,"[5, 9]"
17,"[0, 17]"
0,"[0, 17]"
17,[17]
15,"[15, 17]"
9,"[0, 9, 17]"
17,[17]
17,[17]
6,"[9, 17]"
0,"[5, 6, 9]"
6,"[6, 9, 17]"
17,"[9, 17]"
0,"[0, 17]"
0,"[0, 5, 9, 17]"
0,"[0, 9, 17]"
6,"[6, 9, 17]"
17,[17]
0,"[0, 17]"
0,"[0, 17]"
6,[6]
0,"[0, 17]"
17,[17]
0,"[0, 9, 17]"
17,[17]
17,[17]
0,"[0, 17]"
17,[17]
15,"[9, 15, 17]"
6,"[6, 17]"
17,[17]
17,[17]
9,"[9, 17]"
17,[17]
17,[17]
17,[17]
17,[17]
0,"[0, 17]"
17,[17]
17,[17]
17,[]
17,[17]
17,[17]
17,"[15, 17]"
17,[17]
17,[17]
15,"[15, 17]"
17,"[15, 17]"
17,[17]
6,[6]
17,[17]
9,"[9, 17]"
17,"[4, 17]"
17,"[1, 17]"
17,"[1, 17]"
17,[17]
17,"[1, 17]"
17,"[1, 17]"
17,"[1, 17]"
17,"[1, 17]"
17,[17]
17,[17]
17,"[5, 17]"
11,"[1, 11]"
17,"[11, 17]"
17,"[1, 17]"
17,"[1, 17]"
17,"[1, 5, 17]"
17,"[1, 17]"
17,"[1, 17]"
17,"[5, 17]"
17,[17]
17,[17]
17,"[1, 17]"
17,[17]
1,"[1, 17]"
17,"[0, 17]"
17,"[1, 17]"
17,"[6, 11, 17]"
1,"[0, 1, 17]"
17,"[0, 1, 17]"
1,"[0, 1, 17]"
11,"[1, 11, 17]"
17,"[1, 11, 17]"
17,"[1, 17]"
11,"[1, 11, 17]"
0,"[0, 17]"
5,"[5, 17]"
17,[17]
11,"[1, 6, 11, 17]"
17,"[1, 17]"
17,"[1, 5, 17]"
5,[5]
17,"[1, 17]"
17,[17]
17,[17]
5,[5]
17,[17]
0,"[0, 17]"
17,[17]
17,[17]
0,"[0, 17]"
17,[17]
17,[17]
17,[17]
17,[17]
1,[1]
17,[17]
5,[5]
11,"[1, 11, 17]"
17,"[1, 17]"
17,"[1, 17]"
17,[17]
0,"[0, 1, 17]"
17,[17]
17,[17]
17,[17]
17,[17]
17,[17]
17,"[1, 17]"
17,"[1, 17]"
17,"[1, 17]"
17,[17]
1,[1]
17,"[1, 17]"
17,"[1, 17]"
0,"[0, 17]"
17,"[0, 17]"
17,"[1, 17]"
4,[4]
2,"[2, 4, 17]"
0,"[0, 4, 17]"
2,"[2, 4]"
17,[17]
0,"[0, 17]"
2,"[2, 4]"
0,"[0, 4, 17]"
2,"[2, 4]"
5,[5]
2,"[0, 2, 4, 17]"
5,[5]
2,"[2, 4]"
2,"[2, 4, 17]"
0,"[0, 17]"
2,"[2, 4]"
0,"[0, 17]"
2,[2]
0,"[0, 4, 17]"
2,"[2, 4, 17]"
2,"[2, 4]"
2,"[2, 4, 17]"
2,"[2, 4]"
17,"[4, 17]"
2,"[2, 4]"
2,"[0, 2, 4, 17]"
2,"[2, 4, 17]"
2,"[2, 4]"
2,"[2, 4]"
2,"[2, 4]"
2,"[0, 2, 4, 17]"
0,"[0, 4, 17]"
2,"[2, 4]"
17,"[4, 17]"
2,"[0, 2, 4, 17]"
2,"[2, 4]"
2,"[2, 4, 17]"
0,"[0, 17]"
0,"[0, 2, 17]"
5,[5]
5,[5]
2,[2]
0,"[0, 17]"
4,[4]
0,"[0, 2, 4, 17]"
0,"[0, 2, 4, 17]"
0,"[0, 2, 4, 17]"
17,[17]
0,"[0, 17]"
17,"[4, 17]"
2,"[2, 4]"
2,"[2, 4, 17]"
2,"[2, 4, 17]"
2,"[2, 4, 17]"
4,[4]
2,[2]
0,"[0, 17]"
2,[2]
2,[2]
5,[5]
2,[2]
4,[4]
4,[4]
2,[2]
2,"[2, 4, 17]"
7,"[2, 7, 17]"
2,"[2, 4, 17]"
0,"[4, 17]"
5,"[5, 7, 17]"
2,"[2, 17]"
7,"[5, 7, 17]"
2,"[2, 4, 17]"
2,"[2, 17]"
2,[2]
2,"[2, 4]"
4,"[2, 4]"
4,"[4, 7, 17]"
2,"[2, 4, 17]"
0,"[0, 7, 17]"
2,"[0, 2, 4, 17]"
17,[17]
4,"[2, 4]"
2,"[2, 17]"
2,"[2, 5, 7, 17]"
5,[5]
2,[2]
2,"[2, 5, 17]"
2,"[2, 4]"
7,"[5, 7, 17]"
2,"[2, 4, 5]"
2,"[2, 4, 5, 17]"
2,"[2, 5]"
2,[2]
5,[5]
2,[2]
4,"[2, 4, 17]"
2,"[2, 4, 5]"
2,"[2, 17]"
17,"[2, 17]"
5,"[5, 7, 17]"
2,"[2, 4, 5]"
4,"[2, 4, 17]"
2,"[2, 4, 17]"
2,"[2, 17]"
2,"[2, 7, 17]"
7,"[5, 7, 17]"
7,"[2, 5, 7, 17]"
2,[2]
17,[17]
2,"[2, 3, 4]"
2,"[2, 17]"
2,"[2, 17]"
7,"[2, 4, 5, 7, 17]"
2,"[2, 17]"
0,"[0, 17]"
7,"[2, 4, 5, 7, 17]"
2,"[2, 7, 17]"
0,"[0, 2, 4, 5, 7, 17]"
2,"[2, 4]"
0,"[0, 2, 17]"
4,"[2, 4, 17]"
4,"[3, 4, 17]"
2,"[2, 17]"
2,"[2, 4, 7, 17]"
2,[2]
5,"[5, 17]"
2,"[0, 2, 4, 17]"
2,"[2, 17]"
4,"[2, 4, 17]"
2,"[0, 2, 4, 17]"
7,"[5, 7, 17]"
5,[5]
7,"[5, 7, 17]"
7,"[5, 7, 17]"
4,"[2, 4, 17]"
2,"[2, 7, 17]"
17,"[2, 4, 17]"
2,[2]
4,"[2, 4]"
17,"[4, 17]"
17,"[3, 17]"
17,[17]
3,"[3, 6, 17]"
4,"[4, 17]"
6,"[4, 6]"
2,"[2, 3, 17]"
6,"[3, 6, 17]"
2,[2]
4,"[3, 4]"
17,[17]
4,"[3, 4]"
17,"[3, 17]"
6,[6]
17,"[3, 17]"
17,[17]
2,[2]
6,[6]
17,[17]
17,[17]
0,"[0, 17]"
4,[4]
17,[17]
3,"[3, 4]"
17,"[4, 17]"
0,"[0, 4, 17]"
17,"[3, 4, 17]"
17,[17]
3,"[3, 4, 6, 17]"
17,[17]
2,[2]
4,[4]
4,[4]
6,[6]
17,"[2, 3, 17]"
0,"[0, 4, 17]"
4,[4]
17,[17]
4,[4]
17,[17]
4,[4]
17,"[3, 17]"
17,"[3, 17]"
2,"[2, 3, 4, 17]"
2,"[2, 4, 17]"
6,"[3, 6, 17]"
17,"[3, 17]"
4,"[4, 17]"
3,"[3, 17]"
17,"[3, 17]"
2,"[2, 17]"
2,[2]
4,"[3, 4, 17]"
3,"[3, 4, 6, 17]"
17,[17]
6,"[2, 4, 6, 17]"
2,"[2, 3, 4]"
6,"[3, 6]"
6,"[4, 6]"
17,"[3, 17]"
17,"[3, 17]"
17,[17]
17,"[3, 17]"
17,"[3, 4, 6, 17]"
2,"[2, 4]"
17,[17]
4,[4]
2,"[2, 17]"
2,"[2, 17]"
6,[6]
17,"[3, 17]"
2,"[2, 3]"
17,"[3, 17]"
4,[4]
2,"[2, 3]"
17,"[3, 17]"
17,"[3, 17]"
2,[2]
2,[2]
17,"[3, 17]"
17,[17]
17,[17]
17,"[3, 17]"
17,[17]
0,"[0, 17]"
2,[2]
2,"[2, 3]"
17,"[3, 17]"
17,[17]
0,"[0, 17]"
6,[6]
6,[6]
17,"[3, 17]"
17,[17]
4,[4]
17,"[3, 17]"
17,"[4, 17]"
17,"[6, 17]"
2,"[2, 3, 4]"
2,"[2, 17]"
17,[17]
17,"[3, 17]"
2,"[2, 3]"
2,"[2, 4]"
2,"[2, 4]"
4,"[2, 4]"
17,"[10, 17]"
17,"[1, 17]"
17,"[10, 17]"
3,"[3, 5]"
17,"[1, 17]"
5,"[5, 10]"
17,[17]
17,"[1, 17]"
17,[17]
17,"[10, 17]"
17,[17]
17,"[1, 17]"
17,[17]
11,"[1, 11]"
17,"[1, 17]"
0,"[0, 17]"
17,"[1, 17]"
17,"[1, 17]"
17,"[1, 4, 17]"
10,"[5, 10]"
17,[17]
17,[17]
17,[17]
1,"[1, 6, 17]"
2,[2]
17,[17]
17,"[1, 6, 17]"
0,"[0, 17]"
8,"[8, 17]"
0,"[0, 17]"
10,"[10, 17]"
0,"[0, 9, 17]"
10,"[2, 10, 17]"
0,"[0, 9, 17]"
17,[17]
3,"[3, 17]"
9,"[9, 17]"
3,"[1, 3]"
17,"[9, 17]"
17,"[9, 17]"
17,"[1, 17]"
11,"[1, 6, 11, 17]"
9,"[9, 17]"
3,"[3, 17]"
3,"[3, 17]"
1,[1]
11,"[6, 11, 17]"
2,"[2, 3, 10]"
0,"[0, 17]"
8,"[3, 8, 17]"
0,"[0, 17]"
17,"[1, 17]"
11,"[11, 17]"
0,"[0, 17]"
17,[17]
8,"[5, 8, 17]"
1,"[1, 8, 17]"
1,"[1, 11, 17]"
11,"[1, 11, 17]"
17,"[5, 17]"
17,"[1, 17]"
11,"[1, 11]"
9,"[5, 9]"
17,"[1, 3, 17]"
11,"[11, 17]"
10,"[2, 5, 10]"
17,"[1, 2, 17]"
17,"[1, 11, 17]"
0,"[0, 17]"
17,"[1, 2, 17]"
5,"[5, 17]"
0,"[0, 1, 17]"
9,"[0, 9, 17]"
17,"[1, 17]"
11,"[1, 11, 17]"
17,"[1, 6, 17]"
8,"[2, 3, 8, 17]"
17,"[1, 17]"
2,"[2, 10, 17]"
17,"[10, 17]"
11,[11]
8,[8]
5,[5]
0,"[0, 17]"
17,[17]
9,"[0, 5, 9, 17]"
1,"[1, 6, 17]"
5,"[5, 17]"
0,"[0, 17]"
17,[17]
10,"[10, 17]"
17,[17]
17,[17]
17,[17]
5,"[5, 17]"
17,"[1, 17]"
2,"[2, 10, 17]"
17,"[1, 17]"
17,"[1, 17]"
4,"[2, 17]"
4,"[2, 4, 17]"
2,"[2, 4, 17]"
2,"[2, 5, 17]"
5,"[4, 5, 17]"
4,[4]
2,"[2, 5, 17]"
4,[4]
2,"[2, 4]"
4,"[2, 4]"
4,[4]
2,"[2, 4]"
4,"[2, 4]"
5,[5]
4,"[2, 4]"
5,"[4, 5]"
5,"[4, 5]"
2,"[2, 17]"
4,"[4, 17]"
4,[4]
4,[4]
4,[4]
5,"[4, 5]"
2,"[2, 17]"
4,"[2, 4]"
4,[4]
4,"[4, 17]"
2,"[2, 4, 17]"
4,[4]
4,[4]
4,"[4, 17]"
2,"[2, 17]"
2,[2]
4,[4]
2,"[2, 4]"
2,"[2, 17]"
2,"[2, 4, 17]"
2,"[2, 17]"
2,"[2, 17]"
4,[4]
4,[4]
2,"[2, 4]"
2,[2]
2,"[2, 4]"
2,"[2, 4]"
2,"[2, 4]"
2,"[2, 4, 17]"
2,"[2, 4]"
2,"[2, 4]"
2,"[2, 4, 17]"
2,"[2, 4, 17]"
17,"[4, 17]"
4,"[2, 4]"
2,"[2, 17]"
2,"[2, 4]"
2,"[2, 4]"
2,"[2, 4]"
2,"[2, 4, 17]"
2,"[2, 17]"
2,"[2, 4]"
17,"[4, 17]"
2,"[2, 17]"
17,"[2, 17]"
2,"[2, 4, 17]"
17,[17]
2,"[2, 4]"
17,[17]
4,[4]
17,"[1, 17]"
17,"[1, 17]"
8,"[1, 8, 17]"
17,"[1, 17]"
17,[17]
0,"[0, 1, 17]"
11,"[1, 2, 11]"
8,"[8, 11, 17]"
17,"[1, 11, 17]"
8,"[1, 8, 11, 17]"
0,"[0, 17]"
8,"[8, 17]"
11,"[2, 11]"
0,"[0, 1, 17]"
17,"[1, 17]"
17,"[1, 17]"
2,"[2, 11]"
17,[17]
11,"[2, 11]"
8,"[1, 8, 17]"
8,"[1, 8, 17]"
17,"[1, 17]"
17,"[1, 17]"
17,"[1, 17]"
0,"[0, 17]"
1,"[1, 2]"
2,"[2, 11]"
17,"[1, 17]"
17,"[0, 17]"
17,"[0, 5, 17]"
8,"[1, 8, 17]"
1,"[1, 17]"
2,"[2, 11, 17]"
17,[17]
0,"[0, 17]"
17,"[1, 17]"
17,"[1, 17]"
17,"[1, 17]"
17,"[1, 17]"
17,"[1, 17]"
17,"[1, 17]"
17,"[1, 17]"
17,[17]
17,"[1, 17]"
8,"[8, 17]"
8,"[8, 17]"
17,[17]
17,"[0, 17]"
17,[17]
8,[8]
17,"[1, 17]"
17,[17]
17,"[1, 17]"
17,"[0, 5, 8, 17]"
17,"[1, 17]"
17,"[1, 17]"
17,"[1, 17]"
17,"[0, 17]"
11,[11]
17,"[1, 17]"
11,[11]
17,"[1, 17]"
2,"[2, 11]"
1,[1]
2,[2]
